dataset,date,rows,status,url,fetch_status,sha256,expected
metrics,2025-10-01,288.0,OK,https://data.binance.vision/data/futures/um/daily/metrics/BTCUSDT/BTCUSDT-metrics-2025-10-01.zip,OK,7871182d6a7a07acb6d7ac504ade286ef7371eb509d1d05690b4a00af9af45c4,7871182d6a7a07acb6d7ac504ade286ef7371eb509d1d05690b4a00af9af45c4
metrics,2025-10-02,288.0,OK,https://data.binance.vision/data/futures/um/daily/metrics/BTCUSDT/BTCUSDT-metrics-2025-10-02.zip,OK,b998e927d61c0da8642d14e986e1346e554229ba468b2275924c47d3c17024a7,b998e927d61c0da8642d14e986e1346e554229ba468b2275924c47d3c17024a7
metrics,2025-10-03,288.0,OK,https://data.binance.vision/data/futures/um/daily/metrics/BTCUSDT/BTCUSDT-metrics-2025-10-03.zip,OK,71459cf8eacaeafb559cf8704665d9b9e31dc319957311371fa0bdf84813a082,71459cf8eacaeafb559cf8704665d9b9e31dc319957311371fa0bdf84813a082
metrics,2025-10-04,288.0,OK,https://data.binance.vision/data/futures/um/daily/metrics/BTCUSDT/BTCUSDT-metrics-2025-10-04.zip,OK,1234286ebb93eb628c937fedfd807b229823c327afeb667f7b2615a10f122a83,1234286ebb93eb628c937fedfd807b229823c327afeb667f7b2615a10f122a83
metrics,2025-10-05,288.0,OK,https://data.binance.vision/data/futures/um/daily/metrics/BTCUSDT/BTCUSDT-metrics-2025-10-05.zip,OK,9522587be806d6e69e743ea9c5c5ddf04d519985ba9d973ff79d41ed62630909,9522587be806d6e69e743ea9c5c5ddf04d519985ba9d973ff79d41ed62630909
metrics,2025-10-06,288.0,OK,https://data.binance.vision/data/futures/um/daily/metrics/BTCUSDT/BTCUSDT-metrics-2025-10-06.zip,OK,4b3deae98ff59768b8d2b174fde302a6f065d6f7cce140489a329a3c4f9c8f6b,4b3deae98ff59768b8d2b174fde302a6f065d6f7cce140489a329a3c4f9c8f6b
metrics,2025-10-07,288.0,OK,https://data.binance.vision/data/futures/um/daily/metrics/BTCUSDT/BTCUSDT-metrics-2025-10-07.zip,OK,423fb1712e77401e1565a55e8c41d6b0e2c69ad051bff7ac89be0661213c667e,423fb1712e77401e1565a55e8c41d6b0e2c69ad051bff7ac89be0661213c667e
metrics,2025-10-08,288.0,OK,https://data.binance.vision/data/futures/um/daily/metrics/BTCUSDT/BTCUSDT-metrics-2025-10-08.zip,OK,7389b0bd7fc700b1944c0a2074230f64fa40c478de1ca0084e7386bece45c5b6,7389b0bd7fc700b1944c0a2074230f64fa40c478de1ca0084e7386bece45c5b6
metrics,2025-10-09,288.0,OK,https://data.binance.vision/data/futures/um/daily/metrics/BTCUSDT/BTCUSDT-metrics-2025-10-09.zip,OK,fefff812454da012d50a7f48d587a5cddcceb49f52fce53ef1eb9995d51ddb04,fefff812454da012d50a7f48d587a5cddcceb49f52fce53ef1eb9995d51ddb04
metrics,2025-10-10,288.0,OK,https://data.binance.vision/data/futures/um/daily/metrics/BTCUSDT/BTCUSDT-metrics-2025-10-10.zip,OK,1ec1cc9a6b2f0bde686f0d9bdcea028a994ee16cbba7a836f783b156de1782e1,1ec1cc9a6b2f0bde686f0d9bdcea028a994ee16cbba7a836f783b156de1782e1
metrics,2025-10-11,288.0,OK,https://data.binance.vision/data/futures/um/daily/metrics/BTCUSDT/BTCUSDT-metrics-2025-10-11.zip,OK,be01cc5187cc0807966de71bff1144f3da44416b90252eb30d2f9a7d16d109ca,be01cc5187cc0807966de71bff1144f3da44416b90252eb30d2f9a7d16d109ca
metrics,2025-10-12,288.0,OK,https://data.binance.vision/data/futures/um/daily/metrics/BTCUSDT/BTCUSDT-metrics-2025-10-12.zip,OK,651b67363ea03c93319a497696df20aa3aa49312312a3c6a592386a0d696b5ec,651b67363ea03c93319a497696df20aa3aa49312312a3c6a592386a0d696b5ec
metrics,2025-10-13,288.0,OK,https://data.binance.vision/data/futures/um/daily/metrics/BTCUSDT/BTCUSDT-metrics-2025-10-13.zip,OK,e1a33d44b7b5e9a044baae3548bbc7fce964a4159278bdea89055d73c330a396,e1a33d44b7b5e9a044baae3548bbc7fce964a4159278bdea89055d73c330a396
metrics,2025-10-14,288.0,OK,https://data.binance.vision/data/futures/um/daily/metrics/BTCUSDT/BTCUSDT-metrics-2025-10-14.zip,OK,d29a73d41a0126b4b244d2c34449e7e71a8711234640a58d1a9b5aab87d2a7a1,d29a73d41a0126b4b244d2c34449e7e71a8711234640a58d1a9b5aab87d2a7a1
metrics,2025-10-15,288.0,OK,https://data.binance.vision/data/futures/um/daily/metrics/BTCUSDT/BTCUSDT-metrics-2025-10-15.zip,OK,23dac68c974f91662cab346ffdf2837d6b44583512dd1f970ef341d672525dcf,23dac68c974f91662cab346ffdf2837d6b44583512dd1f970ef341d672525dcf
metrics,2025-10-16,288.0,OK,https://data.binance.vision/data/futures/um/daily/metrics/BTCUSDT/BTCUSDT-metrics-2025-10-16.zip,OK,934d53b0406f4f8c82f1fed64f28df12351c236d2f10d39dc9c0ff2840f25df3,934d53b0406f4f8c82f1fed64f28df12351c236d2f10d39dc9c0ff2840f25df3
metrics,2025-10-17,288.0,OK,https://data.binance.vision/data/futures/um/daily/metrics/BTCUSDT/BTCUSDT-metrics-2025-10-17.zip,OK,f7cabd94ce0d076dce8343bdc36f43191fbf1f6298f88002ad42fd6fa92b8d4a,f7cabd94ce0d076dce8343bdc36f43191fbf1f6298f88002ad42fd6fa92b8d4a
metrics,2025-10-18,288.0,OK,https://data.binance.vision/data/futures/um/daily/metrics/BTCUSDT/BTCUSDT-metrics-2025-10-18.zip,OK,e73656806db9f1f4c68c98dfb72263794e37d4c568de1119674993e69e858fe1,e73656806db9f1f4c68c98dfb72263794e37d4c568de1119674993e69e858fe1
metrics,2025-10-19,288.0,OK,https://data.binance.vision/data/futures/um/daily/metrics/BTCUSDT/BTCUSDT-metrics-2025-10-19.zip,OK,257b2cb6ba27acfebeaffe96f120fd59cd4f17856d02e536738053e5738e53c3,257b2cb6ba27acfebeaffe96f120fd59cd4f17856d02e536738053e5738e53c3
metrics,2025-10-20,288.0,OK,https://data.binance.vision/data/futures/um/daily/metrics/BTCUSDT/BTCUSDT-metrics-2025-10-20.zip,OK,6e8a5f1a13818557389494828074b7a9ebcbf36b292767a74ccbd2e3bae27c74,6e8a5f1a13818557389494828074b7a9ebcbf36b292767a74ccbd2e3bae27c74
metrics,2025-10-21,288.0,OK,https://data.binance.vision/data/futures/um/daily/metrics/BTCUSDT/BTCUSDT-metrics-2025-10-21.zip,OK,8b942ddd875bc8598e268447cad85fcf486f3b5b56b7174742aa3988817808cc,8b942ddd875bc8598e268447cad85fcf486f3b5b56b7174742aa3988817808cc
metrics,2025-10-22,288.0,OK,https://data.binance.vision/data/futures/um/daily/metrics/BTCUSDT/BTCUSDT-metrics-2025-10-22.zip,OK,257d4e10ea19987542ddf364be95892dcc4bbd5a7b4e5a2e9c8b37617fac698e,257d4e10ea19987542ddf364be95892dcc4bbd5a7b4e5a2e9c8b37617fac698e
metrics,2025-10-23,288.0,OK,https://data.binance.vision/data/futures/um/daily/metrics/BTCUSDT/BTCUSDT-metrics-2025-10-23.zip,OK,9dcaaf888c9d5d84773442e7c3998f28a14aff883fcda14c342edcbbb1aa30f8,9dcaaf888c9d5d84773442e7c3998f28a14aff883fcda14c342edcbbb1aa30f8
metrics,2025-10-24,288.0,OK,https://data.binance.vision/data/futures/um/daily/metrics/BTCUSDT/BTCUSDT-metrics-2025-10-24.zip,OK,966269863678e2354ee2d70bbd2d3972694b31fa0e4f2860b848c433ba55a936,966269863678e2354ee2d70bbd2d3972694b31fa0e4f2860b848c433ba55a936
metrics,2025-10-25,288.0,OK,https://data.binance.vision/data/futures/um/daily/metrics/BTCUSDT/BTCUSDT-metrics-2025-10-25.zip,OK,484833a1290fbdebdeb0639a84219b85d7c995343d76b2dcaa6193bd12a8c641,484833a1290fbdebdeb0639a84219b85d7c995343d76b2dcaa6193bd12a8c641
metrics,2025-10-26,288.0,OK,https://data.binance.vision/data/futures/um/daily/metrics/BTCUSDT/BTCUSDT-metrics-2025-10-26.zip,OK,a78445ee58e3667524e1c41bacda68161962420c0ffcf184b204c785d68797af,a78445ee58e3667524e1c41bacda68161962420c0ffcf184b204c785d68797af
metrics,2025-10-27,288.0,OK,https://data.binance.vision/data/futures/um/daily/metrics/BTCUSDT/BTCUSDT-metrics-2025-10-27.zip,OK,1bcdb6e9949ed93eaa4dd6f752873ff843bba71411cd03f3cfa249d7e834cc41,1bcdb6e9949ed93eaa4dd6f752873ff843bba71411cd03f3cfa249d7e834cc41
metrics,2025-10-28,288.0,OK,https://data.binance.vision/data/futures/um/daily/metrics/BTCUSDT/BTCUSDT-metrics-2025-10-28.zip,OK,09596cad642c1c1e31441b1bda506e85115cacec7d6a7977f712874bed1b0da3,09596cad642c1c1e31441b1bda506e85115cacec7d6a7977f712874bed1b0da3
metrics,2025-10-29,288.0,OK,https://data.binance.vision/data/futures/um/daily/metrics/BTCUSDT/BTCUSDT-metrics-2025-10-29.zip,OK,7b43ac451f486c71793b8424581a493ee4eafa7bb5eae3d6cd1ef1ffe0a81ceb,7b43ac451f486c71793b8424581a493ee4eafa7bb5eae3d6cd1ef1ffe0a81ceb
metrics,2025-10-30,288.0,OK,https://data.binance.vision/data/futures/um/daily/metrics/BTCUSDT/BTCUSDT-metrics-2025-10-30.zip,OK,963ead9bc7a6a4234a049c99664940cca8761e5335703dc0cc82b0037cebb28b,963ead9bc7a6a4234a049c99664940cca8761e5335703dc0cc82b0037cebb28b
metrics,2025-10-31,288.0,OK,https://data.binance.vision/data/futures/um/daily/metrics/BTCUSDT/BTCUSDT-metrics-2025-10-31.zip,OK,6449084056001365bdec9a8f2182c30db172db2df99e70bc88a54832e674b8a5,6449084056001365bdec9a8f2182c30db172db2df99e70bc88a54832e674b8a5
metrics,2025-11-01,288.0,OK,https://data.binance.vision/data/futures/um/daily/metrics/BTCUSDT/BTCUSDT-metrics-2025-11-01.zip,OK,94ed91bae2d424c70749b3a453fca393f213d50b516508ead131cb91ce5b9752,94ed91bae2d424c70749b3a453fca393f213d50b516508ead131cb91ce5b9752
metrics,2025-11-02,288.0,OK,https://data.binance.vision/data/futures/um/daily/metrics/BTCUSDT/BTCUSDT-metrics-2025-11-02.zip,OK,d9e961a9b025e27b72706963cc9103367e1525b9a90126a9783157d9f9f7ea96,d9e961a9b025e27b72706963cc9103367e1525b9a90126a9783157d9f9f7ea96
metrics,2025-11-03,288.0,OK,https://data.binance.vision/data/futures/um/daily/metrics/BTCUSDT/BTCUSDT-metrics-2025-11-03.zip,OK,30a192dcc404172a1610b248918fd3b21f4e5ec3b3fba58d3b9c89ce6d7e4f0c,30a192dcc404172a1610b248918fd3b21f4e5ec3b3fba58d3b9c89ce6d7e4f0c
metrics,2025-11-04,288.0,OK,https://data.binance.vision/data/futures/um/daily/metrics/BTCUSDT/BTCUSDT-metrics-2025-11-04.zip,OK,300e0a138ab5c0e0a2a665f92a114736dc2f4f628dc7c4eb6c6f32db9b6a1341,300e0a138ab5c0e0a2a665f92a114736dc2f4f628dc7c4eb6c6f32db9b6a1341
metrics,2025-11-05,288.0,OK,https://data.binance.vision/data/futures/um/daily/metrics/BTCUSDT/BTCUSDT-metrics-2025-11-05.zip,OK,201db2e189808c334ec769b67435471012c0fb1495a0c2838150b93b94868c08,201db2e189808c334ec769b67435471012c0fb1495a0c2838150b93b94868c08
metrics,2025-11-06,288.0,OK,https://data.binance.vision/data/futures/um/daily/metrics/BTCUSDT/BTCUSDT-metrics-2025-11-06.zip,OK,cc5c8b7f5373f339a73215d9b77db9533aeb3d7d12af898f64db8e44ee6d6ba6,cc5c8b7f5373f339a73215d9b77db9533aeb3d7d12af898f64db8e44ee6d6ba6
metrics,2025-11-07,288.0,OK,https://data.binance.vision/data/futures/um/daily/metrics/BTCUSDT/BTCUSDT-metrics-2025-11-07.zip,OK,87749eadc0e847eafc9eb977d20c6e92f566fff3eb9852f7c93ad517dbbe918d,87749eadc0e847eafc9eb977d20c6e92f566fff3eb9852f7c93ad517dbbe918d
metrics,2025-11-08,288.0,OK,https://data.binance.vision/data/futures/um/daily/metrics/BTCUSDT/BTCUSDT-metrics-2025-11-08.zip,OK,0c0de6d1b90f311e01e9ea4684650fcdadea14f4a3316a934e60deea1a080e7d,0c0de6d1b90f311e01e9ea4684650fcdadea14f4a3316a934e60deea1a080e7d
metrics,2025-11-09,288.0,OK,https://data.binance.vision/data/futures/um/daily/metrics/BTCUSDT/BTCUSDT-metrics-2025-11-09.zip,OK,a57e51019c90c629e7918c2fc496c243d03b77895cc89f9e568ceba66fdfd69a,a57e51019c90c629e7918c2fc496c243d03b77895cc89f9e568ceba66fdfd69a
metrics,2025-11-10,288.0,OK,https://data.binance.vision/data/futures/um/daily/metrics/BTCUSDT/BTCUSDT-metrics-2025-11-10.zip,OK,0f68e42839d4286b1c6f26be06bf8770273bd07e2261ef63fbc651ad641d116f,0f68e42839d4286b1c6f26be06bf8770273bd07e2261ef63fbc651ad641d116f
metrics,2025-11-11,288.0,OK,https://data.binance.vision/data/futures/um/daily/metrics/BTCUSDT/BTCUSDT-metrics-2025-11-11.zip,OK,22ed03dc5fb70d820ba968aa56a275b89be7a78b32926fff4743855e4ed08046,22ed03dc5fb70d820ba968aa56a275b89be7a78b32926fff4743855e4ed08046
metrics,2025-11-12,288.0,OK,https://data.binance.vision/data/futures/um/daily/metrics/BTCUSDT/BTCUSDT-metrics-2025-11-12.zip,OK,7395952ce5ec921c1abb28cb73bb6f7cf89803dbdd205669094503376bc17106,7395952ce5ec921c1abb28cb73bb6f7cf89803dbdd205669094503376bc17106
metrics,2025-11-13,288.0,OK,https://data.binance.vision/data/futures/um/daily/metrics/BTCUSDT/BTCUSDT-metrics-2025-11-13.zip,OK,4fea6a3accd2f8db6e4cad1752d0ce5b1d2f01117a6f92d48bfa8ff0f4524f66,4fea6a3accd2f8db6e4cad1752d0ce5b1d2f01117a6f92d48bfa8ff0f4524f66
metrics,2025-11-14,288.0,OK,https://data.binance.vision/data/futures/um/daily/metrics/BTCUSDT/BTCUSDT-metrics-2025-11-14.zip,OK,7cab42c266c528d0588c2d8c1a797c528f640ef9bd61d55eb72c308764a85cb4,7cab42c266c528d0588c2d8c1a797c528f640ef9bd61d55eb72c308764a85cb4
metrics,2025-11-15,288.0,OK,https://data.binance.vision/data/futures/um/daily/metrics/BTCUSDT/BTCUSDT-metrics-2025-11-15.zip,OK,edd5a2dcba88df71f6b8c826cc5804610678f0ac786ed9215ec1bb7fa4cf5843,edd5a2dcba88df71f6b8c826cc5804610678f0ac786ed9215ec1bb7fa4cf5843
metrics,2025-11-16,288.0,OK,https://data.binance.vision/data/futures/um/daily/metrics/BTCUSDT/BTCUSDT-metrics-2025-11-16.zip,OK,fbd6652087714ae99f257bb760dce6ff053d698617fcbba624c0b636d46b696e,fbd6652087714ae99f257bb760dce6ff053d698617fcbba624c0b636d46b696e
metrics,2025-11-17,288.0,OK,https://data.binance.vision/data/futures/um/daily/metrics/BTCUSDT/BTCUSDT-metrics-2025-11-17.zip,OK,677e2b82b9e96122043a74ccb39c09441e78cf355a9dd4baee9dab09431fb18e,677e2b82b9e96122043a74ccb39c09441e78cf355a9dd4baee9dab09431fb18e
metrics,2025-11-18,288.0,OK,https://data.binance.vision/data/futures/um/daily/metrics/BTCUSDT/BTCUSDT-metrics-2025-11-18.zip,OK,421e9fb368305e795d7d9e450924f704033ac17f50524306756b3b89260da130,421e9fb368305e795d7d9e450924f704033ac17f50524306756b3b89260da130
metrics,2025-11-19,288.0,OK,https://data.binance.vision/data/futures/um/daily/metrics/BTCUSDT/BTCUSDT-metrics-2025-11-19.zip,OK,51e90a07759904be52412f2fd3bdc554d5730fc736a7081afbf0b40a47128ce1,51e90a07759904be52412f2fd3bdc554d5730fc736a7081afbf0b40a47128ce1
metrics,2025-11-20,288.0,OK,https://data.binance.vision/data/futures/um/daily/metrics/BTCUSDT/BTCUSDT-metrics-2025-11-20.zip,OK,ebd8d04bcc098333e246ea0ea7c930cda439d878aee62314b6946f3131729a7b,ebd8d04bcc098333e246ea0ea7c930cda439d878aee62314b6946f3131729a7b
metrics,2025-11-21,288.0,OK,https://data.binance.vision/data/futures/um/daily/metrics/BTCUSDT/BTCUSDT-metrics-2025-11-21.zip,OK,098d1d329cab2a43343c67dc0b8a9b31ae2ca6579495d768e328d2026109d53e,098d1d329cab2a43343c67dc0b8a9b31ae2ca6579495d768e328d2026109d53e
metrics,2025-11-22,288.0,OK,https://data.binance.vision/data/futures/um/daily/metrics/BTCUSDT/BTCUSDT-metrics-2025-11-22.zip,OK,b8ffaebb3a1d7cce27499307ebdb97573970c7f04fb044249de2135608358835,b8ffaebb3a1d7cce27499307ebdb97573970c7f04fb044249de2135608358835
metrics,2025-11-23,288.0,OK,https://data.binance.vision/data/futures/um/daily/metrics/BTCUSDT/BTCUSDT-metrics-2025-11-23.zip,OK,96257c7c73bf7decfee514fe9254fc36d8bb4e92179781b3a9b61680920dbf47,96257c7c73bf7decfee514fe9254fc36d8bb4e92179781b3a9b61680920dbf47
metrics,2025-11-24,288.0,OK,https://data.binance.vision/data/futures/um/daily/metrics/BTCUSDT/BTCUSDT-metrics-2025-11-24.zip,OK,2bff561ac7ec30434522935e427af4eb8d3058f5f25a12deb4d7c207e6642744,2bff561ac7ec30434522935e427af4eb8d3058f5f25a12deb4d7c207e6642744
metrics,2025-11-25,288.0,OK,https://data.binance.vision/data/futures/um/daily/metrics/BTCUSDT/BTCUSDT-metrics-2025-11-25.zip,OK,402b446e74eb77906336b79a5732876daaec398f9dfefcab442c09b036d8311e,402b446e74eb77906336b79a5732876daaec398f9dfefcab442c09b036d8311e
metrics,2025-11-26,288.0,OK,https://data.binance.vision/data/futures/um/daily/metrics/BTCUSDT/BTCUSDT-metrics-2025-11-26.zip,OK,15fc1cef7d57532b5023ed51000b5e44809626f5829079e145ef7f0f638af133,15fc1cef7d57532b5023ed51000b5e44809626f5829079e145ef7f0f638af133
metrics,2025-11-27,288.0,OK,https://data.binance.vision/data/futures/um/daily/metrics/BTCUSDT/BTCUSDT-metrics-2025-11-27.zip,OK,7bddead64cb9c8df33b79deefd940cd289227108efa330b0b30ccd888bde7351,7bddead64cb9c8df33b79deefd940cd289227108efa330b0b30ccd888bde7351
metrics,2025-11-28,288.0,OK,https://data.binance.vision/data/futures/um/daily/metrics/BTCUSDT/BTCUSDT-metrics-2025-11-28.zip,OK,5b5b84f9b01c64726832dcc2b624a3b54fc5fd6abb5014e50fc3348f4cdc35eb,5b5b84f9b01c64726832dcc2b624a3b54fc5fd6abb5014e50fc3348f4cdc35eb
metrics,2025-11-29,288.0,OK,https://data.binance.vision/data/futures/um/daily/metrics/BTCUSDT/BTCUSDT-metrics-2025-11-29.zip,OK,cad899d034260547fdf13976704b4824963d49b5ddeb31e5b89b8e2bab964e45,cad899d034260547fdf13976704b4824963d49b5ddeb31e5b89b8e2bab964e45
metrics,2025-11-30,288.0,OK,https://data.binance.vision/data/futures/um/daily/metrics/BTCUSDT/BTCUSDT-metrics-2025-11-30.zip,OK,8992058fdbf543b1045bb1bb5f57484121b6f0aa908c506037e5041385bc3aa9,8992058fdbf543b1045bb1bb5f57484121b6f0aa908c506037e5041385bc3aa9
metrics,2025-12-01,288.0,OK,https://data.binance.vision/data/futures/um/daily/metrics/BTCUSDT/BTCUSDT-metrics-2025-12-01.zip,OK,a81f1c8fe85e8d798236b26cef67259d1cc94ec6792cd5626f2789a72bdb4768,a81f1c8fe85e8d798236b26cef67259d1cc94ec6792cd5626f2789a72bdb4768
metrics,2025-12-02,288.0,OK,https://data.binance.vision/data/futures/um/daily/metrics/BTCUSDT/BTCUSDT-metrics-2025-12-02.zip,OK,3e87a6816797c5bfe03804b487912099e75ad63d44bcfa8f60021c4cc31ede04,3e87a6816797c5bfe03804b487912099e75ad63d44bcfa8f60021c4cc31ede04
metrics,2025-12-03,288.0,OK,https://data.binance.vision/data/futures/um/daily/metrics/BTCUSDT/BTCUSDT-metrics-2025-12-03.zip,OK,a2caca1e68e4bcb2641c42a82b84cc34ebe510dfe5ff7ea2a15b9782e19b0100,a2caca1e68e4bcb2641c42a82b84cc34ebe510dfe5ff7ea2a15b9782e19b0100
metrics,2025-12-04,288.0,OK,https://data.binance.vision/data/futures/um/daily/metrics/BTCUSDT/BTCUSDT-metrics-2025-12-04.zip,OK,8116c41f7ad3e0a4b669d1447c9288ee1c0873abfa482614e2b2129eb01d596d,8116c41f7ad3e0a4b669d1447c9288ee1c0873abfa482614e2b2129eb01d596d
metrics,2025-12-05,288.0,OK,https://data.binance.vision/data/futures/um/daily/metrics/BTCUSDT/BTCUSDT-metrics-2025-12-05.zip,OK,15721f6648ee78ba9ba817dd7bb549c00aed7cd098139bfcfabf6bea8367e8f8,15721f6648ee78ba9ba817dd7bb549c00aed7cd098139bfcfabf6bea8367e8f8
metrics,2025-12-06,288.0,OK,https://data.binance.vision/data/futures/um/daily/metrics/BTCUSDT/BTCUSDT-metrics-2025-12-06.zip,OK,c38c5814e4b906f724b3baca02fe8605381b83e084ff7c7e7b88571124760da6,c38c5814e4b906f724b3baca02fe8605381b83e084ff7c7e7b88571124760da6
metrics,2025-12-07,288.0,OK,https://data.binance.vision/data/futures/um/daily/metrics/BTCUSDT/BTCUSDT-metrics-2025-12-07.zip,OK,d080d1894ab3574f8dfdc2aaab0d29cd266c715a97cf428986e7911d2f9986f5,d080d1894ab3574f8dfdc2aaab0d29cd266c715a97cf428986e7911d2f9986f5
metrics,2025-12-08,288.0,OK,https://data.binance.vision/data/futures/um/daily/metrics/BTCUSDT/BTCUSDT-metrics-2025-12-08.zip,OK,21add31e1d3687573a70f2841f082c0df00e6c2bc89838e9348eb026de03a4b1,21add31e1d3687573a70f2841f082c0df00e6c2bc89838e9348eb026de03a4b1
metrics,2025-12-09,288.0,OK,https://data.binance.vision/data/futures/um/daily/metrics/BTCUSDT/BTCUSDT-metrics-2025-12-09.zip,OK,d4afb6bd7aeb302f184bc462bf7e9e21039e72ef2ad8a0edf38438d982730b6c,d4afb6bd7aeb302f184bc462bf7e9e21039e72ef2ad8a0edf38438d982730b6c
metrics,2025-12-10,288.0,OK,https://data.binance.vision/data/futures/um/daily/metrics/BTCUSDT/BTCUSDT-metrics-2025-12-10.zip,OK,d8e7d89eb14e77b809a2d60e7c45dbb7fd053321fe5cc5a82a29041be3054165,d8e7d89eb14e77b809a2d60e7c45dbb7fd053321fe5cc5a82a29041be3054165
metrics,2025-12-11,288.0,OK,https://data.binance.vision/data/futures/um/daily/metrics/BTCUSDT/BTCUSDT-metrics-2025-12-11.zip,OK,189dbcb61e0fdd84340264be060f53a1da9dd4050f1fbe666264082695b89c27,189dbcb61e0fdd84340264be060f53a1da9dd4050f1fbe666264082695b89c27
metrics,2025-12-12,288.0,OK,https://data.binance.vision/data/futures/um/daily/metrics/BTCUSDT/BTCUSDT-metrics-2025-12-12.zip,OK,1ebd808a1c8d021c86f7216c01f0b18fed4cbdd2e15908235a46ce8cb70f6cc2,1ebd808a1c8d021c86f7216c01f0b18fed4cbdd2e15908235a46ce8cb70f6cc2
metrics,2025-12-13,288.0,OK,https://data.binance.vision/data/futures/um/daily/metrics/BTCUSDT/BTCUSDT-metrics-2025-12-13.zip,OK,8554730a220d4bf71ec03d07107d3ec23beb98f991dd5dc233b392e40015aac3,8554730a220d4bf71ec03d07107d3ec23beb98f991dd5dc233b392e40015aac3
metrics,2025-12-14,288.0,OK,https://data.binance.vision/data/futures/um/daily/metrics/BTCUSDT/BTCUSDT-metrics-2025-12-14.zip,OK,789a6bbcd2e601aa30acec7fea1db68ec84ecc8b2f3e7f6c4ed7387b7ebe218f,789a6bbcd2e601aa30acec7fea1db68ec84ecc8b2f3e7f6c4ed7387b7ebe218f
metrics,2025-12-15,288.0,OK,https://data.binance.vision/data/futures/um/daily/metrics/BTCUSDT/BTCUSDT-metrics-2025-12-15.zip,OK,845d62b30afb4b88d46b129e5b4de5a603184b3258bf619d7da9dfef4d028c24,845d62b30afb4b88d46b129e5b4de5a603184b3258bf619d7da9dfef4d028c24
metrics,2025-12-16,288.0,OK,https://data.binance.vision/data/futures/um/daily/metrics/BTCUSDT/BTCUSDT-metrics-2025-12-16.zip,OK,f82d059c2b2d89d5598b71e83f3e1e57cc597e62f22792c6e044651f804b7640,f82d059c2b2d89d5598b71e83f3e1e57cc597e62f22792c6e044651f804b7640
metrics,2025-12-17,288.0,OK,https://data.binance.vision/data/futures/um/daily/metrics/BTCUSDT/BTCUSDT-metrics-2025-12-17.zip,OK,45115f2207e591664c3577b978d4d4b199c18a9f2a70a4ad873bd06b011bb26d,45115f2207e591664c3577b978d4d4b199c18a9f2a70a4ad873bd06b011bb26d
metrics,2025-12-18,288.0,OK,https://data.binance.vision/data/futures/um/daily/metrics/BTCUSDT/BTCUSDT-metrics-2025-12-18.zip,OK,ec66d3c7ae7aeeb5bbcebef896433d82acd4dfa34807f876c95f399f0a57a35a,ec66d3c7ae7aeeb5bbcebef896433d82acd4dfa34807f876c95f399f0a57a35a
metrics,2025-12-19,288.0,OK,https://data.binance.vision/data/futures/um/daily/metrics/BTCUSDT/BTCUSDT-metrics-2025-12-19.zip,OK,fced04fb788c613e59aa92e0a16f61467aa815ee0c41048278121d182d8e4895,fced04fb788c613e59aa92e0a16f61467aa815ee0c41048278121d182d8e4895
metrics,2025-12-20,288.0,OK,https://data.binance.vision/data/futures/um/daily/metrics/BTCUSDT/BTCUSDT-metrics-2025-12-20.zip,OK,481ea1ddc1e2eb657aad2558b6277cec845088d0b9750c4fbbfd5cb0b292bf59,481ea1ddc1e2eb657aad2558b6277cec845088d0b9750c4fbbfd5cb0b292bf59
metrics,2025-12-21,288.0,OK,https://data.binance.vision/data/futures/um/daily/metrics/BTCUSDT/BTCUSDT-metrics-2025-12-21.zip,OK,8415b6be6a28dc24b0239ad75fac35592de420858a4d96538234e60aab66b140,8415b6be6a28dc24b0239ad75fac35592de420858a4d96538234e60aab66b140
metrics,2025-12-22,288.0,OK,https://data.binance.vision/data/futures/um/daily/metrics/BTCUSDT/BTCUSDT-metrics-2025-12-22.zip,OK,8367dbf1bb1c065370d22cb2454506f3fd3d4951db3e4342dcc34d524b6fdeb8,8367dbf1bb1c065370d22cb2454506f3fd3d4951db3e4342dcc34d524b6fdeb8
metrics,2025-12-23,288.0,OK,https://data.binance.vision/data/futures/um/daily/metrics/BTCUSDT/BTCUSDT-metrics-2025-12-23.zip,OK,e4b832469ab37cfbcff4791c070442fe183762f51af247fa7e98428dc5704389,e4b832469ab37cfbcff4791c070442fe183762f51af247fa7e98428dc5704389
metrics,2025-12-24,288.0,OK,https://data.binance.vision/data/futures/um/daily/metrics/BTCUSDT/BTCUSDT-metrics-2025-12-24.zip,OK,ccfeddd2a744efe2c0e74c1381901b4087050c992bed75d69bc6e2800c262c08,ccfeddd2a744efe2c0e74c1381901b4087050c992bed75d69bc6e2800c262c08
metrics,2025-12-25,288.0,OK,https://data.binance.vision/data/futures/um/daily/metrics/BTCUSDT/BTCUSDT-metrics-2025-12-25.zip,OK,7deab071287e917bd4b5484ada934475ba120000a88a66931f4bcb3cf18740f9,7deab071287e917bd4b5484ada934475ba120000a88a66931f4bcb3cf18740f9
metrics,2025-12-26,288.0,OK,https://data.binance.vision/data/futures/um/daily/metrics/BTCUSDT/BTCUSDT-metrics-2025-12-26.zip,OK,613e2f4d2ec265aea24e966e5e4f0018cb11ec4d630ddcb98ac93aaf87aa8719,613e2f4d2ec265aea24e966e5e4f0018cb11ec4d630ddcb98ac93aaf87aa8719
metrics,2025-12-27,288.0,OK,https://data.binance.vision/data/futures/um/daily/metrics/BTCUSDT/BTCUSDT-metrics-2025-12-27.zip,OK,2266295280a6cf01ad869469d3428fae4659c6bdacf64362953782405a4b4d6e,2266295280a6cf01ad869469d3428fae4659c6bdacf64362953782405a4b4d6e
metrics,2025-12-28,288.0,OK,https://data.binance.vision/data/futures/um/daily/metrics/BTCUSDT/BTCUSDT-metrics-2025-12-28.zip,OK,9c3af0d2a0a07d0d22db9d263d4dde6172cac539ee141c4ce2c9ef872bc56586,9c3af0d2a0a07d0d22db9d263d4dde6172cac539ee141c4ce2c9ef872bc56586
metrics,2025-12-29,288.0,OK,https://data.binance.vision/data/futures/um/daily/metrics/BTCUSDT/BTCUSDT-metrics-2025-12-29.zip,OK,6b5be7b0ddccd0912a6f0e0b9864795a176193cec4d209b0cb6562b1f8b2fe99,6b5be7b0ddccd0912a6f0e0b9864795a176193cec4d209b0cb6562b1f8b2fe99
metrics,2025-12-30,288.0,OK,https://data.binance.vision/data/futures/um/daily/metrics/BTCUSDT/BTCUSDT-metrics-2025-12-30.zip,OK,32b19ca47d5af5311c794096143bc9bb5308a16957097ac38052903142a15f29,32b19ca47d5af5311c794096143bc9bb5308a16957097ac38052903142a15f29
metrics,2025-12-31,288.0,OK,https://data.binance.vision/data/futures/um/daily/metrics/BTCUSDT/BTCUSDT-metrics-2025-12-31.zip,OK,2f8d4ce7d5d0d5feb03cec210e39f7ccdc56a6a2b4a7ecf5decb115aefcd09d5,2f8d4ce7d5d0d5feb03cec210e39f7ccdc56a6a2b4a7ecf5decb115aefcd09d5
metrics,2026-01-01,288.0,OK,https://data.binance.vision/data/futures/um/daily/metrics/BTCUSDT/BTCUSDT-metrics-2026-01-01.zip,OK,b57d5f67f3ffcad415f0f7908d4434e9a1328092e3166d5590673f4d615fcd06,b57d5f67f3ffcad415f0f7908d4434e9a1328092e3166d5590673f4d615fcd06
metrics,2026-01-02,288.0,OK,https://data.binance.vision/data/futures/um/daily/metrics/BTCUSDT/BTCUSDT-metrics-2026-01-02.zip,OK,41305bbc5948eacee64603aecff56b82a2daf0bbeac9b42a6fd27d3e6452d5a3,41305bbc5948eacee64603aecff56b82a2daf0bbeac9b42a6fd27d3e6452d5a3
metrics,2026-01-03,288.0,OK,https://data.binance.vision/data/futures/um/daily/metrics/BTCUSDT/BTCUSDT-metrics-2026-01-03.zip,OK,e162c2257d6f815b11ad17251e702f74d41c77b53b8506736704d7e54519ec6f,e162c2257d6f815b11ad17251e702f74d41c77b53b8506736704d7e54519ec6f
metrics,2026-01-04,288.0,OK,https://data.binance.vision/data/futures/um/daily/metrics/BTCUSDT/BTCUSDT-metrics-2026-01-04.zip,OK,0008a1d39b2b00346e57c4963e722eb53cbc680018171bbd765c0efcf6e82f29,0008a1d39b2b00346e57c4963e722eb53cbc680018171bbd765c0efcf6e82f29
metrics,2026-01-05,288.0,OK,https://data.binance.vision/data/futures/um/daily/metrics/BTCUSDT/BTCUSDT-metrics-2026-01-05.zip,OK,ca4b72a6aef743ee7ba278ef941c852a75650d00d4ddd20d11a8cda808a2465c,ca4b72a6aef743ee7ba278ef941c852a75650d00d4ddd20d11a8cda808a2465c
metrics,2026-01-06,288.0,OK,https://data.binance.vision/data/futures/um/daily/metrics/BTCUSDT/BTCUSDT-metrics-2026-01-06.zip,OK,5e268fc4b4c1bd239159d39bb8801f2ac18877438dba10d37b3f6db5ba28125f,5e268fc4b4c1bd239159d39bb8801f2ac18877438dba10d37b3f6db5ba28125f
metrics,2026-01-07,288.0,OK,https://data.binance.vision/data/futures/um/daily/metrics/BTCUSDT/BTCUSDT-metrics-2026-01-07.zip,OK,58080c07fb47e0a2dfdf7d60a8df873039039f4a290f15d1e32a2cf7e9ac9989,58080c07fb47e0a2dfdf7d60a8df873039039f4a290f15d1e32a2cf7e9ac9989
metrics,2026-01-08,288.0,OK,https://data.binance.vision/data/futures/um/daily/metrics/BTCUSDT/BTCUSDT-metrics-2026-01-08.zip,OK,22704822b2d81f120e1ff0508286a070ef8d324e59a013e8a918e6a69ee1227f,22704822b2d81f120e1ff0508286a070ef8d324e59a013e8a918e6a69ee1227f
metrics,2026-01-09,288.0,OK,https://data.binance.vision/data/futures/um/daily/metrics/BTCUSDT/BTCUSDT-metrics-2026-01-09.zip,OK,caec8ff8c0ff25c662c442b93b9ddb41305a51e621980d155ce8a80b85cabc60,caec8ff8c0ff25c662c442b93b9ddb41305a51e621980d155ce8a80b85cabc60
metrics,2026-01-10,288.0,OK,https://data.binance.vision/data/futures/um/daily/metrics/BTCUSDT/BTCUSDT-metrics-2026-01-10.zip,OK,acb4c88e9c244ebcb66d7c6217cef8294544084a74a74bdd9b51517e52d57fe0,acb4c88e9c244ebcb66d7c6217cef8294544084a74a74bdd9b51517e52d57fe0
metrics,2026-01-11,288.0,OK,https://data.binance.vision/data/futures/um/daily/metrics/BTCUSDT/BTCUSDT-metrics-2026-01-11.zip,OK,fb582c7afe4f539d8cbe6c576d0f6a9e4c6e7e89aa400a73e90e720cfb6586fd,fb582c7afe4f539d8cbe6c576d0f6a9e4c6e7e89aa400a73e90e720cfb6586fd
metrics,2026-01-12,288.0,OK,https://data.binance.vision/data/futures/um/daily/metrics/BTCUSDT/BTCUSDT-metrics-2026-01-12.zip,OK,75d326295a20ffbf4c2558dcc5d153f61e943d7562001907716deebd5401bc8f,75d326295a20ffbf4c2558dcc5d153f61e943d7562001907716deebd5401bc8f
metrics,2026-01-13,288.0,OK,https://data.binance.vision/data/futures/um/daily/metrics/BTCUSDT/BTCUSDT-metrics-2026-01-13.zip,OK,83d42b830abe41c7f08a4dcf676d21387cc59510ea2f0213719e2bbc9acd522c,83d42b830abe41c7f08a4dcf676d21387cc59510ea2f0213719e2bbc9acd522c
metrics,2026-01-14,288.0,OK,https://data.binance.vision/data/futures/um/daily/metrics/BTCUSDT/BTCUSDT-metrics-2026-01-14.zip,OK,ff1eddaebf7269fd81fb71b51aa764c475526f92cf6520767f921abb6af72197,ff1eddaebf7269fd81fb71b51aa764c475526f92cf6520767f921abb6af72197
metrics,2026-01-15,288.0,OK,https://data.binance.vision/data/futures/um/daily/metrics/BTCUSDT/BTCUSDT-metrics-2026-01-15.zip,OK,ff4ab2286ee60d4c39b0482691113c009559b3bd1793ed90d66b28fe66fa3dc2,ff4ab2286ee60d4c39b0482691113c009559b3bd1793ed90d66b28fe66fa3dc2
metrics,2026-01-16,288.0,OK,https://data.binance.vision/data/futures/um/daily/metrics/BTCUSDT/BTCUSDT-metrics-2026-01-16.zip,OK,bcccb956a7ac1c8ca17a975e48c86a98584773e46068c144dfd3efcacdf2d240,bcccb956a7ac1c8ca17a975e48c86a98584773e46068c144dfd3efcacdf2d240
metrics,2026-01-17,288.0,OK,https://data.binance.vision/data/futures/um/daily/metrics/BTCUSDT/BTCUSDT-metrics-2026-01-17.zip,OK,fdb03ca9dcaaed4e659afebf0d89fc88802e89a2f86a2be1808c55491e634073,fdb03ca9dcaaed4e659afebf0d89fc88802e89a2f86a2be1808c55491e634073
metrics,2026-01-18,288.0,OK,https://data.binance.vision/data/futures/um/daily/metrics/BTCUSDT/BTCUSDT-metrics-2026-01-18.zip,OK,efcd6b4d35ba820125b256d93ab5a162449b8fb0fa1f939322de89a96c1ceba2,efcd6b4d35ba820125b256d93ab5a162449b8fb0fa1f939322de89a96c1ceba2
metrics,2026-01-19,288.0,OK,https://data.binance.vision/data/futures/um/daily/metrics/BTCUSDT/BTCUSDT-metrics-2026-01-19.zip,OK,029c7b028b4c24623fdb8339d3c575427b1cea9fb90e129634cd75c4f2230dfe,029c7b028b4c24623fdb8339d3c575427b1cea9fb90e129634cd75c4f2230dfe
metrics,2026-01-20,288.0,OK,https://data.binance.vision/data/futures/um/daily/metrics/BTCUSDT/BTCUSDT-metrics-2026-01-20.zip,OK,2255459d0ad48f50ede3e60b4280ef98216d485369c67a4e811cd6a85ae51019,2255459d0ad48f50ede3e60b4280ef98216d485369c67a4e811cd6a85ae51019
metrics,2026-01-21,288.0,OK,https://data.binance.vision/data/futures/um/daily/metrics/BTCUSDT/BTCUSDT-metrics-2026-01-21.zip,OK,9e8586cd14611703ba51cb1978add0f3a645b9c2769e696a1789b3eb2ac5a071,9e8586cd14611703ba51cb1978add0f3a645b9c2769e696a1789b3eb2ac5a071
metrics,2026-01-22,288.0,OK,https://data.binance.vision/data/futures/um/daily/metrics/BTCUSDT/BTCUSDT-metrics-2026-01-22.zip,OK,ae918eda9fe1aed483b5ca11a5c9fa0f4d83be2b5252d352e7f3dc061283f739,ae918eda9fe1aed483b5ca11a5c9fa0f4d83be2b5252d352e7f3dc061283f739
metrics,2026-01-23,288.0,OK,https://data.binance.vision/data/futures/um/daily/metrics/BTCUSDT/BTCUSDT-metrics-2026-01-23.zip,OK,abea3500c294939aaa9b6d97855917e816af0341bd1f635f72acfce50a3aa006,abea3500c294939aaa9b6d97855917e816af0341bd1f635f72acfce50a3aa006
metrics,2026-01-24,288.0,OK,https://data.binance.vision/data/futures/um/daily/metrics/BTCUSDT/BTCUSDT-metrics-2026-01-24.zip,OK,6fe736dd2e7a0468a4e89b5d8f17ce60996e3a4851d065d1045f3a4f3158c924,6fe736dd2e7a0468a4e89b5d8f17ce60996e3a4851d065d1045f3a4f3158c924
metrics,2026-01-25,288.0,OK,https://data.binance.vision/data/futures/um/daily/metrics/BTCUSDT/BTCUSDT-metrics-2026-01-25.zip,OK,ef40dfbfa369770ccdda7c8fe16f367cd7384b53ec1cb4de0c0c759225266cbc,ef40dfbfa369770ccdda7c8fe16f367cd7384b53ec1cb4de0c0c759225266cbc
metrics,2026-01-26,288.0,OK,https://data.binance.vision/data/futures/um/daily/metrics/BTCUSDT/BTCUSDT-metrics-2026-01-26.zip,OK,0698c3d0451c33f566c2c636b7220f5f1b49ce6203cebf281384d6babed717aa,0698c3d0451c33f566c2c636b7220f5f1b49ce6203cebf281384d6babed717aa
metrics,2026-01-27,288.0,OK,https://data.binance.vision/data/futures/um/daily/metrics/BTCUSDT/BTCUSDT-metrics-2026-01-27.zip,OK,87e5641c167c6e9d716780ca2f5c048365679494dacb2a141876d6cb05c4b486,87e5641c167c6e9d716780ca2f5c048365679494dacb2a141876d6cb05c4b486
metrics,2026-01-28,288.0,OK,https://data.binance.vision/data/futures/um/daily/metrics/BTCUSDT/BTCUSDT-metrics-2026-01-28.zip,OK,d8053401fcf9bf27d083b3e9289d5d9b796a38b5cbec226be2780f689e9dee4a,d8053401fcf9bf27d083b3e9289d5d9b796a38b5cbec226be2780f689e9dee4a
metrics,2026-01-29,288.0,OK,https://data.binance.vision/data/futures/um/daily/metrics/BTCUSDT/BTCUSDT-metrics-2026-01-29.zip,OK,2f0da202532e536bd2341d63d171c6a3fcba738e6cc86a570c95fb68a27f123c,2f0da202532e536bd2341d63d171c6a3fcba738e6cc86a570c95fb68a27f123c
metrics,2026-01-30,288.0,OK,https://data.binance.vision/data/futures/um/daily/metrics/BTCUSDT/BTCUSDT-metrics-2026-01-30.zip,OK,7c279890a301d0c91b68ebf5181e54728a4f5b289b18cb05e62b70a8b332c325,7c279890a301d0c91b68ebf5181e54728a4f5b289b18cb05e62b70a8b332c325
metrics,2026-01-31,288.0,OK,https://data.binance.vision/data/futures/um/daily/metrics/BTCUSDT/BTCUSDT-metrics-2026-01-31.zip,OK,fc844908d58196a04904e03c2451249358d1f71186013f89b732f0e72f1abec7,fc844908d58196a04904e03c2451249358d1f71186013f89b732f0e72f1abec7
metrics,2026-02-01,288.0,OK,https://data.binance.vision/data/futures/um/daily/metrics/BTCUSDT/BTCUSDT-metrics-2026-02-01.zip,OK,fe03a81c182cec1c4ef5fc3c14c52578504a0a5fcc31984cd3046d2cf0d46d94,fe03a81c182cec1c4ef5fc3c14c52578504a0a5fcc31984cd3046d2cf0d46d94
metrics,2026-02-02,288.0,OK,https://data.binance.vision/data/futures/um/daily/metrics/BTCUSDT/BTCUSDT-metrics-2026-02-02.zip,OK,fdf168d1ebfe4037c68759f541233023c6843004825af3374531560ae94bd455,fdf168d1ebfe4037c68759f541233023c6843004825af3374531560ae94bd455
metrics,2026-02-03,288.0,OK,https://data.binance.vision/data/futures/um/daily/metrics/BTCUSDT/BTCUSDT-metrics-2026-02-03.zip,OK,6bc9112f894bf36d04068901ee092685e000324ea174fcd8c6dff7512bd89194,6bc9112f894bf36d04068901ee092685e000324ea174fcd8c6dff7512bd89194
metrics,2026-02-04,288.0,OK,https://data.binance.vision/data/futures/um/daily/metrics/BTCUSDT/BTCUSDT-metrics-2026-02-04.zip,OK,ef51dea347be5532f48494b24343c678049afd16444e71ee6fe815b9f37d75c4,ef51dea347be5532f48494b24343c678049afd16444e71ee6fe815b9f37d75c4
metrics,2026-02-05,288.0,OK,https://data.binance.vision/data/futures/um/daily/metrics/BTCUSDT/BTCUSDT-metrics-2026-02-05.zip,OK,7f4887493e7837dfc796be8d744e8adfa3b4be4768eefc6073da95de00c25cc2,7f4887493e7837dfc796be8d744e8adfa3b4be4768eefc6073da95de00c25cc2
metrics,2026-02-06,288.0,OK,https://data.binance.vision/data/futures/um/daily/metrics/BTCUSDT/BTCUSDT-metrics-2026-02-06.zip,OK,3d99fcc62955ee29367f2824f7b51a6cf4061bbcebde96f5c5f02f99514a2084,3d99fcc62955ee29367f2824f7b51a6cf4061bbcebde96f5c5f02f99514a2084
metrics,2026-02-07,288.0,OK,https://data.binance.vision/data/futures/um/daily/metrics/BTCUSDT/BTCUSDT-metrics-2026-02-07.zip,OK,b7d4062136a95d07a294d6650eef4d9928fd2900e4b121a3db6dab11ac29e903,b7d4062136a95d07a294d6650eef4d9928fd2900e4b121a3db6dab11ac29e903
metrics,2026-02-08,288.0,OK,https://data.binance.vision/data/futures/um/daily/metrics/BTCUSDT/BTCUSDT-metrics-2026-02-08.zip,OK,3f3cfbed636741b1d6315807674c3b7822d70cefa16a72ee8203fdb10dad04ab,3f3cfbed636741b1d6315807674c3b7822d70cefa16a72ee8203fdb10dad04ab
metrics,2026-02-09,288.0,OK,https://data.binance.vision/data/futures/um/daily/metrics/BTCUSDT/BTCUSDT-metrics-2026-02-09.zip,OK,411ec28015e8a2910b7bd3a8af77acd0e44b2c744bce2097b9f18ebf9e25e8f2,411ec28015e8a2910b7bd3a8af77acd0e44b2c744bce2097b9f18ebf9e25e8f2
metrics,2026-02-10,288.0,OK,https://data.binance.vision/data/futures/um/daily/metrics/BTCUSDT/BTCUSDT-metrics-2026-02-10.zip,OK,f62ba65582f1069c41687d24c1b3ee80bc78ad8a923e25523091295b2e39f37d,f62ba65582f1069c41687d24c1b3ee80bc78ad8a923e25523091295b2e39f37d
metrics,2026-02-11,288.0,OK,https://data.binance.vision/data/futures/um/daily/metrics/BTCUSDT/BTCUSDT-metrics-2026-02-11.zip,OK,c5dcddf0f6eaa8554c93ea2abd0b41f449c458523ad6d5245c5f9f317e698641,c5dcddf0f6eaa8554c93ea2abd0b41f449c458523ad6d5245c5f9f317e698641
metrics,2026-02-12,288.0,OK,https://data.binance.vision/data/futures/um/daily/metrics/BTCUSDT/BTCUSDT-metrics-2026-02-12.zip,OK,a9ff8a2bb9d44f60d354d41747958b1fe8676cdc96205ed6ce990e442299d927,a9ff8a2bb9d44f60d354d41747958b1fe8676cdc96205ed6ce990e442299d927
metrics,2026-02-13,288.0,OK,https://data.binance.vision/data/futures/um/daily/metrics/BTCUSDT/BTCUSDT-metrics-2026-02-13.zip,OK,7f9c02dde22ff2777a59bc5117478381d2eec36727e1af9fd1f2c8481a066781,7f9c02dde22ff2777a59bc5117478381d2eec36727e1af9fd1f2c8481a066781
metrics,2026-02-14,288.0,OK,https://data.binance.vision/data/futures/um/daily/metrics/BTCUSDT/BTCUSDT-metrics-2026-02-14.zip,OK,7e45f115d7e38c810f58caeb1424d2456a7ca85824b5e5565a6ad6c12e6b7b79,7e45f115d7e38c810f58caeb1424d2456a7ca85824b5e5565a6ad6c12e6b7b79
metrics,2026-02-15,288.0,OK,https://data.binance.vision/data/futures/um/daily/metrics/BTCUSDT/BTCUSDT-metrics-2026-02-15.zip,OK,c9f04866e53434e3218c06b2f9b6365dc313f38189fdea83689b71a7b595a421,c9f04866e53434e3218c06b2f9b6365dc313f38189fdea83689b71a7b595a421
metrics,2026-02-16,288.0,OK,https://data.binance.vision/data/futures/um/daily/metrics/BTCUSDT/BTCUSDT-metrics-2026-02-16.zip,OK,3352c3e6c630a398ae0a0dcdbd96d6f22fa79973e6b861ff963c15ae2cd21047,3352c3e6c630a398ae0a0dcdbd96d6f22fa79973e6b861ff963c15ae2cd21047
metrics,2026-02-17,288.0,OK,https://data.binance.vision/data/futures/um/daily/metrics/BTCUSDT/BTCUSDT-metrics-2026-02-17.zip,OK,9ea8c7ada9768d7aec1483ce43e7ef0c8d075057d455b65d821ce271120d3497,9ea8c7ada9768d7aec1483ce43e7ef0c8d075057d455b65d821ce271120d3497
metrics,2026-02-18,288.0,OK,https://data.binance.vision/data/futures/um/daily/metrics/BTCUSDT/BTCUSDT-metrics-2026-02-18.zip,OK,1b433517dd38a80ea8dd46ca2f8f890ec7c9c8e5df741da3949081869e772244,1b433517dd38a80ea8dd46ca2f8f890ec7c9c8e5df741da3949081869e772244
metrics,2026-02-19,288.0,OK,https://data.binance.vision/data/futures/um/daily/metrics/BTCUSDT/BTCUSDT-metrics-2026-02-19.zip,OK,8728ce18d60a6981a7ce5798bc374ca85147a2f3954c6878f31cb3d96bcb2f38,8728ce18d60a6981a7ce5798bc374ca85147a2f3954c6878f31cb3d96bcb2f38
metrics,2026-02-20,288.0,OK,https://data.binance.vision/data/futures/um/daily/metrics/BTCUSDT/BTCUSDT-metrics-2026-02-20.zip,OK,ed4a0998d4d2615d354f31c65bd477d2390e96ebd5ca0f3a657020e07091980a,ed4a0998d4d2615d354f31c65bd477d2390e96ebd5ca0f3a657020e07091980a
metrics,2026-02-21,288.0,OK,https://data.binance.vision/data/futures/um/daily/metrics/BTCUSDT/BTCUSDT-metrics-2026-02-21.zip,OK,4bf7a336b0f8bf91f29bf95448db3b5eb5fcc091c9a105acde5de46da6d69df3,4bf7a336b0f8bf91f29bf95448db3b5eb5fcc091c9a105acde5de46da6d69df3
metrics,2026-02-22,288.0,OK,https://data.binance.vision/data/futures/um/daily/metrics/BTCUSDT/BTCUSDT-metrics-2026-02-22.zip,OK,f79a29f7e114dc116eb767bcc94add0bfdaff4df768b6a149b81afa3c2c7bbcc,f79a29f7e114dc116eb767bcc94add0bfdaff4df768b6a149b81afa3c2c7bbcc
metrics,2026-02-23,288.0,OK,https://data.binance.vision/data/futures/um/daily/metrics/BTCUSDT/BTCUSDT-metrics-2026-02-23.zip,OK,dbe35e644fd4aafd1a93934009fbeccb0d420eeda29f528348a5ec1190c763e1,dbe35e644fd4aafd1a93934009fbeccb0d420eeda29f528348a5ec1190c763e1
metrics,2026-02-24,288.0,OK,https://data.binance.vision/data/futures/um/daily/metrics/BTCUSDT/BTCUSDT-metrics-2026-02-24.zip,OK,1fd86de62f9ab6d65ab5f084d49aea6edf5c40a39e42f6165aff8d203bd46165,1fd86de62f9ab6d65ab5f084d49aea6edf5c40a39e42f6165aff8d203bd46165
metrics,2026-02-25,288.0,OK,https://data.binance.vision/data/futures/um/daily/metrics/BTCUSDT/BTCUSDT-metrics-2026-02-25.zip,OK,f1a99235998aee2361d4c5618bb34d9fe73dba301b5c324c457b50a93f444592,f1a99235998aee2361d4c5618bb34d9fe73dba301b5c324c457b50a93f444592
metrics,2026-02-26,288.0,OK,https://data.binance.vision/data/futures/um/daily/metrics/BTCUSDT/BTCUSDT-metrics-2026-02-26.zip,OK,41f90157336e101324d0244e55d428fad8b903a26a655b203fe336999103a3de,41f90157336e101324d0244e55d428fad8b903a26a655b203fe336999103a3de
metrics,2026-02-27,288.0,OK,https://data.binance.vision/data/futures/um/daily/metrics/BTCUSDT/BTCUSDT-metrics-2026-02-27.zip,OK,7fd1fccc894bb1167fde3e234ad3286fc62d71dca4b1a915c7553fed933a5d85,7fd1fccc894bb1167fde3e234ad3286fc62d71dca4b1a915c7553fed933a5d85
metrics,2026-02-28,288.0,OK,https://data.binance.vision/data/futures/um/daily/metrics/BTCUSDT/BTCUSDT-metrics-2026-02-28.zip,OK,e97e02d30cc5d10a30e62e9e395e378dcd179f322551c4d1197bd89bdbe00cb0,e97e02d30cc5d10a30e62e9e395e378dcd179f322551c4d1197bd89bdbe00cb0
metrics,2026-03-01,288.0,OK,https://data.binance.vision/data/futures/um/daily/metrics/BTCUSDT/BTCUSDT-metrics-2026-03-01.zip,OK,65934499f1fa11fbf95ce8855cde5a580cbcef0a65d36a04b5071815bb6987b9,65934499f1fa11fbf95ce8855cde5a580cbcef0a65d36a04b5071815bb6987b9
metrics,2026-03-02,288.0,OK,https://data.binance.vision/data/futures/um/daily/metrics/BTCUSDT/BTCUSDT-metrics-2026-03-02.zip,OK,585e029ef544dfdeba60006f226712f21473c3b510602b5b71b698ac762f189d,585e029ef544dfdeba60006f226712f21473c3b510602b5b71b698ac762f189d
metrics,2026-03-03,288.0,OK,https://data.binance.vision/data/futures/um/daily/metrics/BTCUSDT/BTCUSDT-metrics-2026-03-03.zip,OK,b25ffb2f81810d99b70b61c23ba444ef0a2de8e9eb8af485d201c99190265448,b25ffb2f81810d99b70b61c23ba444ef0a2de8e9eb8af485d201c99190265448
metrics,2026-03-04,288.0,OK,https://data.binance.vision/data/futures/um/daily/metrics/BTCUSDT/BTCUSDT-metrics-2026-03-04.zip,OK,a0cfdaf2b307dd23f2d0192a0e3d692d59d44bed5f3b9c04b01fbff87eaab588,a0cfdaf2b307dd23f2d0192a0e3d692d59d44bed5f3b9c04b01fbff87eaab588
metrics,2026-03-05,288.0,OK,https://data.binance.vision/data/futures/um/daily/metrics/BTCUSDT/BTCUSDT-metrics-2026-03-05.zip,OK,4724d078c68b897a87fcbbadbea3c529df5fe0311370859ae3f0b72bd100fe38,4724d078c68b897a87fcbbadbea3c529df5fe0311370859ae3f0b72bd100fe38
metrics,2026-03-06,288.0,OK,https://data.binance.vision/data/futures/um/daily/metrics/BTCUSDT/BTCUSDT-metrics-2026-03-06.zip,OK,6d5bd18459fe24669f9a97cc15997f1a0b81139a84d1969f36373277925bf9c3,6d5bd18459fe24669f9a97cc15997f1a0b81139a84d1969f36373277925bf9c3
metrics,2026-03-07,288.0,OK,https://data.binance.vision/data/futures/um/daily/metrics/BTCUSDT/BTCUSDT-metrics-2026-03-07.zip,OK,22c3b9af62a45c3a1ac30acea52e690b0f63be197a6c9f3260d82efd794b3885,22c3b9af62a45c3a1ac30acea52e690b0f63be197a6c9f3260d82efd794b3885
metrics,2026-03-08,288.0,OK,https://data.binance.vision/data/futures/um/daily/metrics/BTCUSDT/BTCUSDT-metrics-2026-03-08.zip,OK,1dbd4df830236258b279bfa8a0e9c48265a0a0f2b1cfd9f157cb1ee700a6c78d,1dbd4df830236258b279bfa8a0e9c48265a0a0f2b1cfd9f157cb1ee700a6c78d
metrics,2026-03-09,288.0,OK,https://data.binance.vision/data/futures/um/daily/metrics/BTCUSDT/BTCUSDT-metrics-2026-03-09.zip,OK,c3993141e30f83cc00c242c0f2acaabf9a2454a6e728c0b160683e659d6e5d22,c3993141e30f83cc00c242c0f2acaabf9a2454a6e728c0b160683e659d6e5d22
metrics,2026-03-10,288.0,OK,https://data.binance.vision/data/futures/um/daily/metrics/BTCUSDT/BTCUSDT-metrics-2026-03-10.zip,OK,f3cf32145d242297e1003a5ed18ac8dfa1f0ebfc275098020cb343ee98a45c4f,f3cf32145d242297e1003a5ed18ac8dfa1f0ebfc275098020cb343ee98a45c4f
metrics,2026-03-11,288.0,OK,https://data.binance.vision/data/futures/um/daily/metrics/BTCUSDT/BTCUSDT-metrics-2026-03-11.zip,OK,7451ea9f8ff1f631cf71d752ed323bee9d1d255b27748c911b65a2dc5aa08600,7451ea9f8ff1f631cf71d752ed323bee9d1d255b27748c911b65a2dc5aa08600
metrics,2026-03-12,288.0,OK,https://data.binance.vision/data/futures/um/daily/metrics/BTCUSDT/BTCUSDT-metrics-2026-03-12.zip,OK,5b9480bb9976d090b25544b707856a9c3f0ca389e6706880ed7f2641edc554b0,5b9480bb9976d090b25544b707856a9c3f0ca389e6706880ed7f2641edc554b0
metrics,2026-03-13,288.0,OK,https://data.binance.vision/data/futures/um/daily/metrics/BTCUSDT/BTCUSDT-metrics-2026-03-13.zip,OK,2b147c245ad36c7c872b2196146a17cb8389ef8cb4c9b1314ec6e8775469e021,2b147c245ad36c7c872b2196146a17cb8389ef8cb4c9b1314ec6e8775469e021
metrics,2026-03-14,288.0,OK,https://data.binance.vision/data/futures/um/daily/metrics/BTCUSDT/BTCUSDT-metrics-2026-03-14.zip,OK,9c4f5beb637da9c59435834155b99378f2c205b112994e1ed1a187e418507fff,9c4f5beb637da9c59435834155b99378f2c205b112994e1ed1a187e418507fff
metrics,2026-03-15,288.0,OK,https://data.binance.vision/data/futures/um/daily/metrics/BTCUSDT/BTCUSDT-metrics-2026-03-15.zip,OK,7be2173543545b87021c43ada95cc7bec479be795fd8dfaedcea9f2e307ea0f6,7be2173543545b87021c43ada95cc7bec479be795fd8dfaedcea9f2e307ea0f6
metrics,2026-03-16,288.0,OK,https://data.binance.vision/data/futures/um/daily/metrics/BTCUSDT/BTCUSDT-metrics-2026-03-16.zip,OK,9d8b8235fa2cbbc447c5a53cb1487e4ebf565c64680b0e8d140716458653fb08,9d8b8235fa2cbbc447c5a53cb1487e4ebf565c64680b0e8d140716458653fb08
metrics,2026-03-17,288.0,OK,https://data.binance.vision/data/futures/um/daily/metrics/BTCUSDT/BTCUSDT-metrics-2026-03-17.zip,OK,efef8dc4b66bfa7bc5575dd8fc9a44f0c5c987ac59bd3ec67a536b24c514de41,efef8dc4b66bfa7bc5575dd8fc9a44f0c5c987ac59bd3ec67a536b24c514de41
metrics,2026-03-18,288.0,OK,https://data.binance.vision/data/futures/um/daily/metrics/BTCUSDT/BTCUSDT-metrics-2026-03-18.zip,OK,881781e922ab2479bcc2c3b70740947a67b0a1646defb3445439d817c998290c,881781e922ab2479bcc2c3b70740947a67b0a1646defb3445439d817c998290c
metrics,2026-03-19,288.0,OK,https://data.binance.vision/data/futures/um/daily/metrics/BTCUSDT/BTCUSDT-metrics-2026-03-19.zip,OK,b30a97f548a27ab18f0e608dfc2457193183149fd2be0614415a3fb11f540314,b30a97f548a27ab18f0e608dfc2457193183149fd2be0614415a3fb11f540314
metrics,2026-03-20,288.0,OK,https://data.binance.vision/data/futures/um/daily/metrics/BTCUSDT/BTCUSDT-metrics-2026-03-20.zip,OK,33136f8fdc7cda866234c4bd654a51054a98935bcbc6774d0360856804030b64,33136f8fdc7cda866234c4bd654a51054a98935bcbc6774d0360856804030b64
metrics,2026-03-21,288.0,OK,https://data.binance.vision/data/futures/um/daily/metrics/BTCUSDT/BTCUSDT-metrics-2026-03-21.zip,OK,52f57413ebb6e0b9974483501cdf7b5f371b04bc783ead9a768be3179626da83,52f57413ebb6e0b9974483501cdf7b5f371b04bc783ead9a768be3179626da83
metrics,2026-03-22,288.0,OK,https://data.binance.vision/data/futures/um/daily/metrics/BTCUSDT/BTCUSDT-metrics-2026-03-22.zip,OK,78b764d991f28c19d7cfcaa0f8c00cbdcea1475e9dafd3ff2e06cfae996489b5,78b764d991f28c19d7cfcaa0f8c00cbdcea1475e9dafd3ff2e06cfae996489b5
metrics,2026-03-23,288.0,OK,https://data.binance.vision/data/futures/um/daily/metrics/BTCUSDT/BTCUSDT-metrics-2026-03-23.zip,OK,527da48c7ad8d78d4882e701c06af27b8020fae6165c25034ef01a86a0c01455,527da48c7ad8d78d4882e701c06af27b8020fae6165c25034ef01a86a0c01455
metrics,2026-03-24,288.0,OK,https://data.binance.vision/data/futures/um/daily/metrics/BTCUSDT/BTCUSDT-metrics-2026-03-24.zip,OK,e284dd1d4825cfdb6662702798632849ad67326572d80aef9c281d2834a4fadf,e284dd1d4825cfdb6662702798632849ad67326572d80aef9c281d2834a4fadf
metrics,2026-03-25,288.0,OK,https://data.binance.vision/data/futures/um/daily/metrics/BTCUSDT/BTCUSDT-metrics-2026-03-25.zip,OK,8418c23c07c2a2f4ade35e820ccdf7ec0e0477719649c881857bceeb5df504b0,8418c23c07c2a2f4ade35e820ccdf7ec0e0477719649c881857bceeb5df504b0
metrics,2026-03-26,288.0,OK,https://data.binance.vision/data/futures/um/daily/metrics/BTCUSDT/BTCUSDT-metrics-2026-03-26.zip,OK,4821c265a7e8869115df6898b75763e136cc28df8b0e1ea55d26f0ee66ba6761,4821c265a7e8869115df6898b75763e136cc28df8b0e1ea55d26f0ee66ba6761
metrics,2026-03-27,288.0,OK,https://data.binance.vision/data/futures/um/daily/metrics/BTCUSDT/BTCUSDT-metrics-2026-03-27.zip,OK,1a26cf3f81a8c968ab93d9587dfaa0e745a3e65f18512b22f739cf7a12e00a10,1a26cf3f81a8c968ab93d9587dfaa0e745a3e65f18512b22f739cf7a12e00a10
metrics,2026-03-28,288.0,OK,https://data.binance.vision/data/futures/um/daily/metrics/BTCUSDT/BTCUSDT-metrics-2026-03-28.zip,OK,a85ed1148ec9c8e234862c5555e47489992501bd3c01878e4db75fc3d099c17b,a85ed1148ec9c8e234862c5555e47489992501bd3c01878e4db75fc3d099c17b
metrics,2026-03-29,288.0,OK,https://data.binance.vision/data/futures/um/daily/metrics/BTCUSDT/BTCUSDT-metrics-2026-03-29.zip,OK,b474572d88e88fc3cfcb5e7da76429123bc0f496d02b9022ee97b12fcc60aa5e,b474572d88e88fc3cfcb5e7da76429123bc0f496d02b9022ee97b12fcc60aa5e
metrics,2026-03-30,288.0,OK,https://data.binance.vision/data/futures/um/daily/metrics/BTCUSDT/BTCUSDT-metrics-2026-03-30.zip,OK,d814611f525c51220f559c03d3784d4b9c1f3702b68a6d71bfc72e077bdcfda8,d814611f525c51220f559c03d3784d4b9c1f3702b68a6d71bfc72e077bdcfda8
metrics,2026-03-31,288.0,OK,https://data.binance.vision/data/futures/um/daily/metrics/BTCUSDT/BTCUSDT-metrics-2026-03-31.zip,OK,7b45689e59dfd670fdd078e14daeaea8cc58c02e0e986e8f2e52b426a6e91619,7b45689e59dfd670fdd078e14daeaea8cc58c02e0e986e8f2e52b426a6e91619
metrics,2026-04-01,288.0,OK,https://data.binance.vision/data/futures/um/daily/metrics/BTCUSDT/BTCUSDT-metrics-2026-04-01.zip,OK,23d8fad28ee0bca023ad05741833f04d06b4722386644d1ef370355ee686d43b,23d8fad28ee0bca023ad05741833f04d06b4722386644d1ef370355ee686d43b
metrics,2026-04-02,288.0,OK,https://data.binance.vision/data/futures/um/daily/metrics/BTCUSDT/BTCUSDT-metrics-2026-04-02.zip,OK,fc10fa37ba3126551fe665e04cc251e3acbee5953bf81374ce4673f95557a2ba,fc10fa37ba3126551fe665e04cc251e3acbee5953bf81374ce4673f95557a2ba
metrics,2026-04-03,288.0,OK,https://data.binance.vision/data/futures/um/daily/metrics/BTCUSDT/BTCUSDT-metrics-2026-04-03.zip,OK,8d968a62d7870e4cee63c011be409e1a9ee4043f0ca65cf0008fbbb0ba4d6955,8d968a62d7870e4cee63c011be409e1a9ee4043f0ca65cf0008fbbb0ba4d6955
metrics,2026-04-04,288.0,OK,https://data.binance.vision/data/futures/um/daily/metrics/BTCUSDT/BTCUSDT-metrics-2026-04-04.zip,OK,bb6cd67fc710175cb4b48e53f998b2c853d250c8c908bc96dd53fdb39e0de5d2,bb6cd67fc710175cb4b48e53f998b2c853d250c8c908bc96dd53fdb39e0de5d2
metrics,2026-04-05,288.0,OK,https://data.binance.vision/data/futures/um/daily/metrics/BTCUSDT/BTCUSDT-metrics-2026-04-05.zip,OK,c3eca7060df21989b11abfdc9c40028eb13576844ae5b6b647f2ccde4d0df21d,c3eca7060df21989b11abfdc9c40028eb13576844ae5b6b647f2ccde4d0df21d
metrics,2026-04-06,288.0,OK,https://data.binance.vision/data/futures/um/daily/metrics/BTCUSDT/BTCUSDT-metrics-2026-04-06.zip,OK,be4dd055826817ed2fe3eac6b55cddb52732fdf4a5e048c00fa331573cae6f9b,be4dd055826817ed2fe3eac6b55cddb52732fdf4a5e048c00fa331573cae6f9b
metrics,2026-04-07,288.0,OK,https://data.binance.vision/data/futures/um/daily/metrics/BTCUSDT/BTCUSDT-metrics-2026-04-07.zip,OK,372353e229247121ee35497599957043b6f39358c3f89fe78ae7fd3e3db076ba,372353e229247121ee35497599957043b6f39358c3f89fe78ae7fd3e3db076ba
metrics,2026-04-08,288.0,OK,https://data.binance.vision/data/futures/um/daily/metrics/BTCUSDT/BTCUSDT-metrics-2026-04-08.zip,OK,a2f64907e3608ae96be68ef9ae2b23149870ce60b7bbca1a8340a0c3460cc64b,a2f64907e3608ae96be68ef9ae2b23149870ce60b7bbca1a8340a0c3460cc64b
metrics,2026-04-09,288.0,OK,https://data.binance.vision/data/futures/um/daily/metrics/BTCUSDT/BTCUSDT-metrics-2026-04-09.zip,OK,b44727bfc482ce80e556844860fed4b002e07bf584cf9a8d9d38237f2c6f457f,b44727bfc482ce80e556844860fed4b002e07bf584cf9a8d9d38237f2c6f457f
metrics,2026-04-10,288.0,OK,https://data.binance.vision/data/futures/um/daily/metrics/BTCUSDT/BTCUSDT-metrics-2026-04-10.zip,OK,ea24dc3c4f501d2ee01185a5be377b73df42a80a9ae7a1cb85dcfc16460bdb0f,ea24dc3c4f501d2ee01185a5be377b73df42a80a9ae7a1cb85dcfc16460bdb0f
metrics,2026-04-11,288.0,OK,https://data.binance.vision/data/futures/um/daily/metrics/BTCUSDT/BTCUSDT-metrics-2026-04-11.zip,OK,09fed915f7b603b8515b726121f504267b85e63098d6c6cfedefa42b53bc4f80,09fed915f7b603b8515b726121f504267b85e63098d6c6cfedefa42b53bc4f80
metrics,2026-04-12,288.0,OK,https://data.binance.vision/data/futures/um/daily/metrics/BTCUSDT/BTCUSDT-metrics-2026-04-12.zip,OK,d3ffe8a466a2e0fea7ee6259675c1cd5fdf4fc12f59e0e63bdea1af228a33e05,d3ffe8a466a2e0fea7ee6259675c1cd5fdf4fc12f59e0e63bdea1af228a33e05
metrics,2026-04-13,288.0,OK,https://data.binance.vision/data/futures/um/daily/metrics/BTCUSDT/BTCUSDT-metrics-2026-04-13.zip,OK,a5dee2f8b8c1525771c9cbb7632a4529754c8101bca3151ca879f75c07fda221,a5dee2f8b8c1525771c9cbb7632a4529754c8101bca3151ca879f75c07fda221
metrics,2026-04-14,288.0,OK,https://data.binance.vision/data/futures/um/daily/metrics/BTCUSDT/BTCUSDT-metrics-2026-04-14.zip,OK,095ade13e0f4adf68d0c5a84e390f1f2140ebddbc139d568f8b20d35e915f79b,095ade13e0f4adf68d0c5a84e390f1f2140ebddbc139d568f8b20d35e915f79b
metrics,2026-04-15,288.0,OK,https://data.binance.vision/data/futures/um/daily/metrics/BTCUSDT/BTCUSDT-metrics-2026-04-15.zip,OK,2518c27d2b41dcb634667f1ff524012c27c49f98480e8bfaa29ce9d9ce9441b1,2518c27d2b41dcb634667f1ff524012c27c49f98480e8bfaa29ce9d9ce9441b1
metrics,2026-04-16,288.0,OK,https://data.binance.vision/data/futures/um/daily/metrics/BTCUSDT/BTCUSDT-metrics-2026-04-16.zip,OK,04109ee73f144ce52b2641981870c67dcccd30fda771f968fafa28f5f3bf6a87,04109ee73f144ce52b2641981870c67dcccd30fda771f968fafa28f5f3bf6a87
metrics,2026-04-17,288.0,OK,https://data.binance.vision/data/futures/um/daily/metrics/BTCUSDT/BTCUSDT-metrics-2026-04-17.zip,OK,411b1c5cb6f13dc0e1352124636208a3ce6eee20832b124fd190ffff6efcf077,411b1c5cb6f13dc0e1352124636208a3ce6eee20832b124fd190ffff6efcf077
metrics,2026-04-18,288.0,OK,https://data.binance.vision/data/futures/um/daily/metrics/BTCUSDT/BTCUSDT-metrics-2026-04-18.zip,OK,afb12eff5923f6f3e085ede2286f29935870127feb5fd9daae2984a7c6522608,afb12eff5923f6f3e085ede2286f29935870127feb5fd9daae2984a7c6522608
metrics,2026-04-19,288.0,OK,https://data.binance.vision/data/futures/um/daily/metrics/BTCUSDT/BTCUSDT-metrics-2026-04-19.zip,OK,35140de720d0fce0c9f3ced02b18103a8d6190481fbc69cf14da662f7bb0523a,35140de720d0fce0c9f3ced02b18103a8d6190481fbc69cf14da662f7bb0523a
metrics,2026-04-20,288.0,OK,https://data.binance.vision/data/futures/um/daily/metrics/BTCUSDT/BTCUSDT-metrics-2026-04-20.zip,OK,574f65c9a614a098b419a098152a0cd34791cc951b94245298a39466fc17defd,574f65c9a614a098b419a098152a0cd34791cc951b94245298a39466fc17defd
metrics,2026-04-21,288.0,OK,https://data.binance.vision/data/futures/um/daily/metrics/BTCUSDT/BTCUSDT-metrics-2026-04-21.zip,OK,f890d94d491e2be5dba008c9bc85f97dc35e4ec1d25ccf88225a34a3bdec7c03,f890d94d491e2be5dba008c9bc85f97dc35e4ec1d25ccf88225a34a3bdec7c03
metrics,2026-04-22,288.0,OK,https://data.binance.vision/data/futures/um/daily/metrics/BTCUSDT/BTCUSDT-metrics-2026-04-22.zip,OK,f1f3344cf4c9c2b9c63d46891f7f5104199454593bb71ba93cd5808e5c6c15e7,f1f3344cf4c9c2b9c63d46891f7f5104199454593bb71ba93cd5808e5c6c15e7
metrics,2026-04-23,288.0,OK,https://data.binance.vision/data/futures/um/daily/metrics/BTCUSDT/BTCUSDT-metrics-2026-04-23.zip,OK,c806d22a08c0c55971fcdb046b7dd3cec11f3e2697d98189a0e5a1fbd4204c7f,c806d22a08c0c55971fcdb046b7dd3cec11f3e2697d98189a0e5a1fbd4204c7f
metrics,2026-04-24,288.0,OK,https://data.binance.vision/data/futures/um/daily/metrics/BTCUSDT/BTCUSDT-metrics-2026-04-24.zip,OK,914208996631607a16f9d838a6391fe29e265bf2aa6c26626ab4888510bd8371,914208996631607a16f9d838a6391fe29e265bf2aa6c26626ab4888510bd8371
metrics,2026-04-25,288.0,OK,https://data.binance.vision/data/futures/um/daily/metrics/BTCUSDT/BTCUSDT-metrics-2026-04-25.zip,OK,d2353e36d48641de021f3145516a0227c46695c1b2bad9b0cc65bdbf2508b5f6,d2353e36d48641de021f3145516a0227c46695c1b2bad9b0cc65bdbf2508b5f6
metrics,2026-04-26,288.0,OK,https://data.binance.vision/data/futures/um/daily/metrics/BTCUSDT/BTCUSDT-metrics-2026-04-26.zip,OK,ec04bc3b70923a98bd3f18124296deea7b43953f11986c655ae1fa96de10f771,ec04bc3b70923a98bd3f18124296deea7b43953f11986c655ae1fa96de10f771
metrics,2026-04-27,288.0,OK,https://data.binance.vision/data/futures/um/daily/metrics/BTCUSDT/BTCUSDT-metrics-2026-04-27.zip,OK,9467b3de750a603ad6ad41e2fc62e6afe460b149b9fcf763774b5f4fa1edab34,9467b3de750a603ad6ad41e2fc62e6afe460b149b9fcf763774b5f4fa1edab34
metrics,2026-04-28,288.0,OK,https://data.binance.vision/data/futures/um/daily/metrics/BTCUSDT/BTCUSDT-metrics-2026-04-28.zip,OK,71257a0d020f0c138e0a2bfd9421f2c904afb085a02f4985a75842a55bb33cea,71257a0d020f0c138e0a2bfd9421f2c904afb085a02f4985a75842a55bb33cea
metrics,2026-04-29,288.0,OK,https://data.binance.vision/data/futures/um/daily/metrics/BTCUSDT/BTCUSDT-metrics-2026-04-29.zip,OK,ff004f7310ee996e114ae771b2e52d111507f96eb9b7e0e5c2d2cceeb1cb5eb3,ff004f7310ee996e114ae771b2e52d111507f96eb9b7e0e5c2d2cceeb1cb5eb3
metrics,2026-04-30,288.0,OK,https://data.binance.vision/data/futures/um/daily/metrics/BTCUSDT/BTCUSDT-metrics-2026-04-30.zip,OK,494330b9d3651591992e6faa0e37a74b13397d1140826bf4e84f06b219546f8b,494330b9d3651591992e6faa0e37a74b13397d1140826bf4e84f06b219546f8b
metrics,2026-05-01,288.0,OK,https://data.binance.vision/data/futures/um/daily/metrics/BTCUSDT/BTCUSDT-metrics-2026-05-01.zip,OK,af6b8372884a02c976a779da39cb07209eda0a3128d616eac62c2ed84ee07b40,af6b8372884a02c976a779da39cb07209eda0a3128d616eac62c2ed84ee07b40
metrics,2026-05-02,288.0,OK,https://data.binance.vision/data/futures/um/daily/metrics/BTCUSDT/BTCUSDT-metrics-2026-05-02.zip,OK,5a356f2908db7d3047af21131d62073a2461d0bcbc8337f4a5cde20b11af91f3,5a356f2908db7d3047af21131d62073a2461d0bcbc8337f4a5cde20b11af91f3
metrics,2026-05-03,288.0,OK,https://data.binance.vision/data/futures/um/daily/metrics/BTCUSDT/BTCUSDT-metrics-2026-05-03.zip,OK,fe8aba2d4d5d0801fe597caafeec2a871cd19b3338f4d601180083f8ca1312e4,fe8aba2d4d5d0801fe597caafeec2a871cd19b3338f4d601180083f8ca1312e4
metrics,2026-05-04,288.0,OK,https://data.binance.vision/data/futures/um/daily/metrics/BTCUSDT/BTCUSDT-metrics-2026-05-04.zip,OK,172f35ef07a75f770596eb429ed88f77ce905c2ba8e0a490e181b9b560e8353e,172f35ef07a75f770596eb429ed88f77ce905c2ba8e0a490e181b9b560e8353e
metrics,2026-05-05,288.0,OK,https://data.binance.vision/data/futures/um/daily/metrics/BTCUSDT/BTCUSDT-metrics-2026-05-05.zip,OK,6657e727b72021ef9aa931cbf54931012b26665353b25219b74f210dbf7ec9fa,6657e727b72021ef9aa931cbf54931012b26665353b25219b74f210dbf7ec9fa
metrics,2026-05-06,288.0,OK,https://data.binance.vision/data/futures/um/daily/metrics/BTCUSDT/BTCUSDT-metrics-2026-05-06.zip,OK,ce30b9649fc192eff4dcdc05bb2dac9144fcbaeadd53e0b9918e32d9e08a369d,ce30b9649fc192eff4dcdc05bb2dac9144fcbaeadd53e0b9918e32d9e08a369d
metrics,2026-05-07,288.0,OK,https://data.binance.vision/data/futures/um/daily/metrics/BTCUSDT/BTCUSDT-metrics-2026-05-07.zip,OK,b8e7323f731d8a6d2cb2a9043a07bc229a769f954eb5db461d81c145effb5f19,b8e7323f731d8a6d2cb2a9043a07bc229a769f954eb5db461d81c145effb5f19
metrics,2026-05-08,288.0,OK,https://data.binance.vision/data/futures/um/daily/metrics/BTCUSDT/BTCUSDT-metrics-2026-05-08.zip,OK,5c68c3dbea0d6b76c16a51b19032b9a5918079fb3446b727741f9ef12944730e,5c68c3dbea0d6b76c16a51b19032b9a5918079fb3446b727741f9ef12944730e
metrics,2026-05-09,288.0,OK,https://data.binance.vision/data/futures/um/daily/metrics/BTCUSDT/BTCUSDT-metrics-2026-05-09.zip,OK,0a706192679b2614af41e859dea19a28bf8c194bb2011e4f9a01580735461217,0a706192679b2614af41e859dea19a28bf8c194bb2011e4f9a01580735461217
metrics,2026-05-10,288.0,OK,https://data.binance.vision/data/futures/um/daily/metrics/BTCUSDT/BTCUSDT-metrics-2026-05-10.zip,OK,524855484be72e10a90f183057edeb0ae95665a83cd790755cd354e3244a5dcd,524855484be72e10a90f183057edeb0ae95665a83cd790755cd354e3244a5dcd
metrics,2026-05-11,288.0,OK,https://data.binance.vision/data/futures/um/daily/metrics/BTCUSDT/BTCUSDT-metrics-2026-05-11.zip,OK,d6c5d2aa44adc55694dcdef439b5d22f25344f21cefc7744bd90163da92d640c,d6c5d2aa44adc55694dcdef439b5d22f25344f21cefc7744bd90163da92d640c
metrics,2026-05-12,288.0,OK,https://data.binance.vision/data/futures/um/daily/metrics/BTCUSDT/BTCUSDT-metrics-2026-05-12.zip,OK,979bf76ca93fb1cb2b76e496c4dae483a08c9c72771c615ca4871cbeb73533fc,979bf76ca93fb1cb2b76e496c4dae483a08c9c72771c615ca4871cbeb73533fc
metrics,2026-05-13,288.0,OK,https://data.binance.vision/data/futures/um/daily/metrics/BTCUSDT/BTCUSDT-metrics-2026-05-13.zip,OK,9f33fe187237e0b47dc21891bf5578c1437fda3fe2b337c4f12fd70a3ba7bb97,9f33fe187237e0b47dc21891bf5578c1437fda3fe2b337c4f12fd70a3ba7bb97
metrics,2026-05-14,288.0,OK,https://data.binance.vision/data/futures/um/daily/metrics/BTCUSDT/BTCUSDT-metrics-2026-05-14.zip,OK,dfe9e60c5b1c1a7458a65f583a9493c3ae996ffcdce46f7e7754a4e8da8e8f39,dfe9e60c5b1c1a7458a65f583a9493c3ae996ffcdce46f7e7754a4e8da8e8f39
metrics,2026-05-15,288.0,OK,https://data.binance.vision/data/futures/um/daily/metrics/BTCUSDT/BTCUSDT-metrics-2026-05-15.zip,OK,a2c73d1fdf43c2b2cabfd71d03cb102ac0b7908bae2e48e613a878fa4061ad14,a2c73d1fdf43c2b2cabfd71d03cb102ac0b7908bae2e48e613a878fa4061ad14
metrics,2026-05-16,288.0,OK,https://data.binance.vision/data/futures/um/daily/metrics/BTCUSDT/BTCUSDT-metrics-2026-05-16.zip,OK,0a87d383f8c2093a0cb92b14f03a6f8c5af7d8d530115533ab01b70a00dee9a6,0a87d383f8c2093a0cb92b14f03a6f8c5af7d8d530115533ab01b70a00dee9a6
metrics,2026-05-17,288.0,OK,https://data.binance.vision/data/futures/um/daily/metrics/BTCUSDT/BTCUSDT-metrics-2026-05-17.zip,OK,0fd3aacb54980b500d036de91af62e051fe9df8b231aba57669d73c24bee4b1d,0fd3aacb54980b500d036de91af62e051fe9df8b231aba57669d73c24bee4b1d
metrics,2026-05-18,288.0,OK,https://data.binance.vision/data/futures/um/daily/metrics/BTCUSDT/BTCUSDT-metrics-2026-05-18.zip,OK,51cc166560c79229e3318405be6fdc86d046115399ea4be187c4a3aba6d0ea98,51cc166560c79229e3318405be6fdc86d046115399ea4be187c4a3aba6d0ea98
metrics,2026-05-19,288.0,OK,https://data.binance.vision/data/futures/um/daily/metrics/BTCUSDT/BTCUSDT-metrics-2026-05-19.zip,OK,f48bf25d2e09118c4121bf1be7f55ca153787b3ffbf944c8c86beda3cead8c6f,f48bf25d2e09118c4121bf1be7f55ca153787b3ffbf944c8c86beda3cead8c6f
metrics,2026-05-20,288.0,OK,https://data.binance.vision/data/futures/um/daily/metrics/BTCUSDT/BTCUSDT-metrics-2026-05-20.zip,OK,b3eabed021e9c4d78ac962382e24bf9610b21d31286a4a56f6d067bf356addcf,b3eabed021e9c4d78ac962382e24bf9610b21d31286a4a56f6d067bf356addcf
metrics,2026-05-21,288.0,OK,https://data.binance.vision/data/futures/um/daily/metrics/BTCUSDT/BTCUSDT-metrics-2026-05-21.zip,OK,454409bbdd8aa3f5999913459176a8bafbe0741525c921f9158c0f18ee5be47d,454409bbdd8aa3f5999913459176a8bafbe0741525c921f9158c0f18ee5be47d
metrics,2026-05-22,288.0,OK,https://data.binance.vision/data/futures/um/daily/metrics/BTCUSDT/BTCUSDT-metrics-2026-05-22.zip,OK,a6d699a073790ec680a7058b345bf56faa6561165f47f30676b7864409594b5f,a6d699a073790ec680a7058b345bf56faa6561165f47f30676b7864409594b5f
metrics,2026-05-23,288.0,OK,https://data.binance.vision/data/futures/um/daily/metrics/BTCUSDT/BTCUSDT-metrics-2026-05-23.zip,OK,151b6bd239e1f38496e928bc50f93424c00a36a6324f90921c52fbe199354d3d,151b6bd239e1f38496e928bc50f93424c00a36a6324f90921c52fbe199354d3d
metrics,2026-05-24,288.0,OK,https://data.binance.vision/data/futures/um/daily/metrics/BTCUSDT/BTCUSDT-metrics-2026-05-24.zip,OK,cb589c5ca18709c2e9908f15f97457dc6f86d592d5a9e7d56fa7e6044890a6ac,cb589c5ca18709c2e9908f15f97457dc6f86d592d5a9e7d56fa7e6044890a6ac
metrics,2026-05-25,288.0,OK,https://data.binance.vision/data/futures/um/daily/metrics/BTCUSDT/BTCUSDT-metrics-2026-05-25.zip,OK,496c5e041baed8adfb0883e28c7115644425ff9f72eacc6da53475f293f56568,496c5e041baed8adfb0883e28c7115644425ff9f72eacc6da53475f293f56568
metrics,2026-05-26,288.0,OK,https://data.binance.vision/data/futures/um/daily/metrics/BTCUSDT/BTCUSDT-metrics-2026-05-26.zip,OK,f2b1f7e03c4538ac08eac140c84e16af4f4fee557f3b4601af4f050717605e7b,f2b1f7e03c4538ac08eac140c84e16af4f4fee557f3b4601af4f050717605e7b
metrics,2026-05-27,288.0,OK,https://data.binance.vision/data/futures/um/daily/metrics/BTCUSDT/BTCUSDT-metrics-2026-05-27.zip,OK,67d4a7ff2738d170f405ef1714ffb2e8b6edf262fafb1b519a20ea7d5cf2387b,67d4a7ff2738d170f405ef1714ffb2e8b6edf262fafb1b519a20ea7d5cf2387b
metrics,2026-05-28,288.0,OK,https://data.binance.vision/data/futures/um/daily/metrics/BTCUSDT/BTCUSDT-metrics-2026-05-28.zip,OK,72d8a50322978ca974eb97e80ce2f1fdc884717de3bce9501e7ea599e52d9230,72d8a50322978ca974eb97e80ce2f1fdc884717de3bce9501e7ea599e52d9230
metrics,2026-05-29,288.0,OK,https://data.binance.vision/data/futures/um/daily/metrics/BTCUSDT/BTCUSDT-metrics-2026-05-29.zip,OK,fa90983e465dd5efc910fdf4fa060b351c6eebcb7eb2df8ab66c9e2cf3cb9c07,fa90983e465dd5efc910fdf4fa060b351c6eebcb7eb2df8ab66c9e2cf3cb9c07
metrics,2026-05-30,288.0,OK,https://data.binance.vision/data/futures/um/daily/metrics/BTCUSDT/BTCUSDT-metrics-2026-05-30.zip,OK,1060663344fd531462e59ca62d4c600080c6610e081f65f82630d82a70b0d27c,1060663344fd531462e59ca62d4c600080c6610e081f65f82630d82a70b0d27c
metrics,2026-05-31,288.0,OK,https://data.binance.vision/data/futures/um/daily/metrics/BTCUSDT/BTCUSDT-metrics-2026-05-31.zip,OK,876bbc3e36025611a2ad1b143d5ec13d0536daf5bba3b3dc2d1051fe8a59e876,876bbc3e36025611a2ad1b143d5ec13d0536daf5bba3b3dc2d1051fe8a59e876
metrics,2026-06-01,288.0,OK,https://data.binance.vision/data/futures/um/daily/metrics/BTCUSDT/BTCUSDT-metrics-2026-06-01.zip,OK,b97a449430eb330ecb3105daefebe9113a9d85ff7de3c597ae06b348b941327b,b97a449430eb330ecb3105daefebe9113a9d85ff7de3c597ae06b348b941327b
metrics,2026-06-02,288.0,OK,https://data.binance.vision/data/futures/um/daily/metrics/BTCUSDT/BTCUSDT-metrics-2026-06-02.zip,OK,60e137567fa8ff653c86a13b699c2bf722fc7c5eeb5eba49b604057a992e19eb,60e137567fa8ff653c86a13b699c2bf722fc7c5eeb5eba49b604057a992e19eb
metrics,2026-06-03,288.0,OK,https://data.binance.vision/data/futures/um/daily/metrics/BTCUSDT/BTCUSDT-metrics-2026-06-03.zip,OK,a93709b62c218009a2e06e65a7813506220e7b0f89f6284cd7fd719a0a65332f,a93709b62c218009a2e06e65a7813506220e7b0f89f6284cd7fd719a0a65332f
metrics,2026-06-04,288.0,OK,https://data.binance.vision/data/futures/um/daily/metrics/BTCUSDT/BTCUSDT-metrics-2026-06-04.zip,OK,d1b3bf054e710f2a842325d0f8c2db9ac9dbc38cd918653c014e3088ea128a3e,d1b3bf054e710f2a842325d0f8c2db9ac9dbc38cd918653c014e3088ea128a3e
metrics,2026-06-05,288.0,OK,https://data.binance.vision/data/futures/um/daily/metrics/BTCUSDT/BTCUSDT-metrics-2026-06-05.zip,OK,9240abab01b50adce6794fc36a0eadb4b463d94093e80fd620f426983730d457,9240abab01b50adce6794fc36a0eadb4b463d94093e80fd620f426983730d457
metrics,2026-06-06,288.0,OK,https://data.binance.vision/data/futures/um/daily/metrics/BTCUSDT/BTCUSDT-metrics-2026-06-06.zip,OK,c18eca75206400177d0fc7b88bb9df1f4d9ec567c9fca111a504d5386f5611c3,c18eca75206400177d0fc7b88bb9df1f4d9ec567c9fca111a504d5386f5611c3
metrics,2026-06-07,288.0,OK,https://data.binance.vision/data/futures/um/daily/metrics/BTCUSDT/BTCUSDT-metrics-2026-06-07.zip,OK,e32a386138863022c936f6b6595ff36bb45ac4ec6fafebc05da61f8a4cb34ef6,e32a386138863022c936f6b6595ff36bb45ac4ec6fafebc05da61f8a4cb34ef6
metrics,2026-06-08,288.0,OK,https://data.binance.vision/data/futures/um/daily/metrics/BTCUSDT/BTCUSDT-metrics-2026-06-08.zip,OK,d3ef44b3c92111f9575bdae3db371655dd59445e413573ecd53aefe408803929,d3ef44b3c92111f9575bdae3db371655dd59445e413573ecd53aefe408803929
metrics,2026-06-09,288.0,OK,https://data.binance.vision/data/futures/um/daily/metrics/BTCUSDT/BTCUSDT-metrics-2026-06-09.zip,OK,b1dbd3c17673392a0b814ff6c29736fba5f9a5dad89c32938d2a5760fc3aca0a,b1dbd3c17673392a0b814ff6c29736fba5f9a5dad89c32938d2a5760fc3aca0a
metrics,2026-06-10,288.0,OK,https://data.binance.vision/data/futures/um/daily/metrics/BTCUSDT/BTCUSDT-metrics-2026-06-10.zip,OK,c1858ed70a038acaeb3eb6db2966b0fe4a0fe4d74ee7bbfcc099128d908b9eb3,c1858ed70a038acaeb3eb6db2966b0fe4a0fe4d74ee7bbfcc099128d908b9eb3
metrics,2026-06-11,288.0,OK,https://data.binance.vision/data/futures/um/daily/metrics/BTCUSDT/BTCUSDT-metrics-2026-06-11.zip,OK,fee06aeb4907e9564ade5510b9afb4d175711ff5c4882fb9fc31a34f0b1311aa,fee06aeb4907e9564ade5510b9afb4d175711ff5c4882fb9fc31a34f0b1311aa
metrics,2026-06-12,288.0,OK,https://data.binance.vision/data/futures/um/daily/metrics/BTCUSDT/BTCUSDT-metrics-2026-06-12.zip,OK,7d36ab984ec96478eeee0ad4d360b0a44e1831274e6f3d713cbd67c3ca528572,7d36ab984ec96478eeee0ad4d360b0a44e1831274e6f3d713cbd67c3ca528572
metrics,2026-06-13,288.0,OK,https://data.binance.vision/data/futures/um/daily/metrics/BTCUSDT/BTCUSDT-metrics-2026-06-13.zip,OK,0209ff499383e5dbfc544408b3eaed97b8cc01b9ad230d69f0dbe3342e531dca,0209ff499383e5dbfc544408b3eaed97b8cc01b9ad230d69f0dbe3342e531dca
metrics,2026-06-14,288.0,OK,https://data.binance.vision/data/futures/um/daily/metrics/BTCUSDT/BTCUSDT-metrics-2026-06-14.zip,OK,6de0ea83e38b41b4c8221c19c1fce04140aeb4afaa75685c59e9042e3d901370,6de0ea83e38b41b4c8221c19c1fce04140aeb4afaa75685c59e9042e3d901370
metrics,2026-06-15,288.0,OK,https://data.binance.vision/data/futures/um/daily/metrics/BTCUSDT/BTCUSDT-metrics-2026-06-15.zip,OK,aaa4e5fb3b34057f97e53b182bd881e848a086b36a54a74bd213051c977f2cb9,aaa4e5fb3b34057f97e53b182bd881e848a086b36a54a74bd213051c977f2cb9
metrics,2026-06-16,288.0,OK,https://data.binance.vision/data/futures/um/daily/metrics/BTCUSDT/BTCUSDT-metrics-2026-06-16.zip,OK,cfddcbea83fe7eef1c37b5f500b9f38ad12bacd646e3c3198d191092a05c420a,cfddcbea83fe7eef1c37b5f500b9f38ad12bacd646e3c3198d191092a05c420a
metrics,2026-06-17,288.0,OK,https://data.binance.vision/data/futures/um/daily/metrics/BTCUSDT/BTCUSDT-metrics-2026-06-17.zip,OK,63d89525740db1e0ac1b1d39e7dd3dcdee1ee57b68ae92d040e401b2e37854ca,63d89525740db1e0ac1b1d39e7dd3dcdee1ee57b68ae92d040e401b2e37854ca
metrics,2026-06-18,288.0,OK,https://data.binance.vision/data/futures/um/daily/metrics/BTCUSDT/BTCUSDT-metrics-2026-06-18.zip,OK,e0b458d4d7b059cedcaaec85993988d109c7b76ec5589af22978597e6a17fa90,e0b458d4d7b059cedcaaec85993988d109c7b76ec5589af22978597e6a17fa90
metrics,2026-06-19,288.0,OK,https://data.binance.vision/data/futures/um/daily/metrics/BTCUSDT/BTCUSDT-metrics-2026-06-19.zip,OK,cb9ca272319e4cdb10b84a0aeaffd29356fb17f8a4696d5cdfb16498244ce0c7,cb9ca272319e4cdb10b84a0aeaffd29356fb17f8a4696d5cdfb16498244ce0c7
metrics,2026-06-20,288.0,OK,https://data.binance.vision/data/futures/um/daily/metrics/BTCUSDT/BTCUSDT-metrics-2026-06-20.zip,OK,72968edc3f9e1655486df398686f418c941c8a17569a74237b6befb7a9af465b,72968edc3f9e1655486df398686f418c941c8a17569a74237b6befb7a9af465b
metrics,2026-06-21,288.0,OK,https://data.binance.vision/data/futures/um/daily/metrics/BTCUSDT/BTCUSDT-metrics-2026-06-21.zip,OK,59a8ce6caef388fa1802a282bf9b74a5b859385af3c2ca41f3af59e7fa36f630,59a8ce6caef388fa1802a282bf9b74a5b859385af3c2ca41f3af59e7fa36f630
metrics,2026-06-22,288.0,OK,https://data.binance.vision/data/futures/um/daily/metrics/BTCUSDT/BTCUSDT-metrics-2026-06-22.zip,OK,da5bdc742fc273ec69e5f4480c5ae297db50db14c5af384ba6fd8806878ddb67,da5bdc742fc273ec69e5f4480c5ae297db50db14c5af384ba6fd8806878ddb67
metrics,2026-06-23,288.0,OK,https://data.binance.vision/data/futures/um/daily/metrics/BTCUSDT/BTCUSDT-metrics-2026-06-23.zip,OK,df14d71acd73d1349eaeae6e281d8eacc7187dfca966c599ff051de0a76f6820,df14d71acd73d1349eaeae6e281d8eacc7187dfca966c599ff051de0a76f6820
metrics,2026-06-24,288.0,OK,https://data.binance.vision/data/futures/um/daily/metrics/BTCUSDT/BTCUSDT-metrics-2026-06-24.zip,OK,6bb5ab473189fa7c935b4d9a58d34b2c96cc329cd74fd6f9f17f8abc48ece649,6bb5ab473189fa7c935b4d9a58d34b2c96cc329cd74fd6f9f17f8abc48ece649
metrics,2026-06-25,288.0,OK,https://data.binance.vision/data/futures/um/daily/metrics/BTCUSDT/BTCUSDT-metrics-2026-06-25.zip,OK,56e0751dabd8108d61d1f9de86931ac68e901dad202d4dbac03173e2768be68e,56e0751dabd8108d61d1f9de86931ac68e901dad202d4dbac03173e2768be68e
metrics,2026-06-26,288.0,OK,https://data.binance.vision/data/futures/um/daily/metrics/BTCUSDT/BTCUSDT-metrics-2026-06-26.zip,OK,c06c1de4e3ab250acff83e71feb56344ae5b3cf31cd420f3ea9cfcf492976b0c,c06c1de4e3ab250acff83e71feb56344ae5b3cf31cd420f3ea9cfcf492976b0c
metrics,2026-06-27,288.0,OK,https://data.binance.vision/data/futures/um/daily/metrics/BTCUSDT/BTCUSDT-metrics-2026-06-27.zip,OK,ab979a9e005f2b0de2e437efd6a2d94fe9ce88a32a70a8c741bc265e6d6cbc91,ab979a9e005f2b0de2e437efd6a2d94fe9ce88a32a70a8c741bc265e6d6cbc91
metrics,2026-06-28,288.0,OK,https://data.binance.vision/data/futures/um/daily/metrics/BTCUSDT/BTCUSDT-metrics-2026-06-28.zip,OK,1d691c342f5680305a7e9bfd9cc14d62777bb056e3a1b4d3e09a977c635ccac5,1d691c342f5680305a7e9bfd9cc14d62777bb056e3a1b4d3e09a977c635ccac5
metrics,2026-06-29,288.0,OK,https://data.binance.vision/data/futures/um/daily/metrics/BTCUSDT/BTCUSDT-metrics-2026-06-29.zip,OK,eee03d532b47764dc7ae6694764349dd74f594942be3ca36800720040076fcfa,eee03d532b47764dc7ae6694764349dd74f594942be3ca36800720040076fcfa
metrics,2026-06-30,288.0,OK,https://data.binance.vision/data/futures/um/daily/metrics/BTCUSDT/BTCUSDT-metrics-2026-06-30.zip,OK,c7d744cb21cfaed8cce5bf5323b1ffeb13e9ac8c60d76f59cd97257ffc83cde4,c7d744cb21cfaed8cce5bf5323b1ffeb13e9ac8c60d76f59cd97257ffc83cde4
metrics,2026-07-01,288.0,OK,https://data.binance.vision/data/futures/um/daily/metrics/BTCUSDT/BTCUSDT-metrics-2026-07-01.zip,OK,4a16be30dbbbb1042a9085c4e896b0aa57c5718314c5d0c19e689c1d175a5cd8,4a16be30dbbbb1042a9085c4e896b0aa57c5718314c5d0c19e689c1d175a5cd8
metrics,2026-07-02,288.0,OK,https://data.binance.vision/data/futures/um/daily/metrics/BTCUSDT/BTCUSDT-metrics-2026-07-02.zip,OK,655ffce8f0e2cd88482094b1511c7097468930d596a804d1faab9b06d72957a1,655ffce8f0e2cd88482094b1511c7097468930d596a804d1faab9b06d72957a1
metrics,2026-07-03,288.0,OK,https://data.binance.vision/data/futures/um/daily/metrics/BTCUSDT/BTCUSDT-metrics-2026-07-03.zip,OK,5f9b4a9f4b225e7b08edda353b08bdae3016fa52486bd7d594be0165d0181f12,5f9b4a9f4b225e7b08edda353b08bdae3016fa52486bd7d594be0165d0181f12
metrics,2026-07-04,288.0,OK,https://data.binance.vision/data/futures/um/daily/metrics/BTCUSDT/BTCUSDT-metrics-2026-07-04.zip,OK,710145c97cd53a6804765181f48ebc1d79df9b80f42ab434499c97124f699120,710145c97cd53a6804765181f48ebc1d79df9b80f42ab434499c97124f699120
metrics,2026-07-05,288.0,OK,https://data.binance.vision/data/futures/um/daily/metrics/BTCUSDT/BTCUSDT-metrics-2026-07-05.zip,OK,023602346543aed1f88e2e27b44a24aecde20f56db76188a797a58b58f443fe8,023602346543aed1f88e2e27b44a24aecde20f56db76188a797a58b58f443fe8
metrics,2026-07-06,288.0,OK,https://data.binance.vision/data/futures/um/daily/metrics/BTCUSDT/BTCUSDT-metrics-2026-07-06.zip,OK,0854c0160582a00bacc969b69e808a5b1f1e26da51283b31e3ffe46647a61632,0854c0160582a00bacc969b69e808a5b1f1e26da51283b31e3ffe46647a61632
metrics,2026-07-07,288.0,OK,https://data.binance.vision/data/futures/um/daily/metrics/BTCUSDT/BTCUSDT-metrics-2026-07-07.zip,OK,b04baa0d09af319e7f02f14f28c5938b7854fab2a5d861e841ddc9c4dd10d174,b04baa0d09af319e7f02f14f28c5938b7854fab2a5d861e841ddc9c4dd10d174
metrics,2026-07-08,288.0,OK,https://data.binance.vision/data/futures/um/daily/metrics/BTCUSDT/BTCUSDT-metrics-2026-07-08.zip,OK,d1f6be32f3e6397c4a1394d03383bdd9b56121af3291be26af358f58b7a9f465,d1f6be32f3e6397c4a1394d03383bdd9b56121af3291be26af358f58b7a9f465
metrics,2026-07-09,288.0,OK,https://data.binance.vision/data/futures/um/daily/metrics/BTCUSDT/BTCUSDT-metrics-2026-07-09.zip,OK,a9bbdc0967d7fa16d74c383de39da053f5398f20ac199d8efcf0f9c9e44126a8,a9bbdc0967d7fa16d74c383de39da053f5398f20ac199d8efcf0f9c9e44126a8
metrics,2026-07-10,288.0,OK,https://data.binance.vision/data/futures/um/daily/metrics/BTCUSDT/BTCUSDT-metrics-2026-07-10.zip,OK,34d7e99f95c9afbd919379b01b87a4655d10777b6226bac031f8205a37bfefce,34d7e99f95c9afbd919379b01b87a4655d10777b6226bac031f8205a37bfefce
metrics,2026-07-11,288.0,OK,https://data.binance.vision/data/futures/um/daily/metrics/BTCUSDT/BTCUSDT-metrics-2026-07-11.zip,OK,48652ef068848ba380646e728aea21da01b4ac5f8120c83feaa12e733266470a,48652ef068848ba380646e728aea21da01b4ac5f8120c83feaa12e733266470a
metrics,2026-07-12,288.0,OK,https://data.binance.vision/data/futures/um/daily/metrics/BTCUSDT/BTCUSDT-metrics-2026-07-12.zip,OK,7801e226959602f7a41c3e14369f85d92a18b68f40c6671193b0c7259f734e63,7801e226959602f7a41c3e14369f85d92a18b68f40c6671193b0c7259f734e63
metrics,2026-07-13,288.0,OK,https://data.binance.vision/data/futures/um/daily/metrics/BTCUSDT/BTCUSDT-metrics-2026-07-13.zip,OK,0bfa60f7e3e6885041942815b493cd8c2984e828aa28b3a23f7324912578fae8,0bfa60f7e3e6885041942815b493cd8c2984e828aa28b3a23f7324912578fae8
metrics,2026-07-14,288.0,OK,https://data.binance.vision/data/futures/um/daily/metrics/BTCUSDT/BTCUSDT-metrics-2026-07-14.zip,OK,eca9e375381f9f7f32bd974a2cd470624ee1e87f35b6d00b11f3f5db5344ed53,eca9e375381f9f7f32bd974a2cd470624ee1e87f35b6d00b11f3f5db5344ed53
metrics,2026-07-15,288.0,OK,https://data.binance.vision/data/futures/um/daily/metrics/BTCUSDT/BTCUSDT-metrics-2026-07-15.zip,OK,a1c5525260429fe75bb26eac635f279c8f70db9a38dd5bf0c572cfc47d9685e4,a1c5525260429fe75bb26eac635f279c8f70db9a38dd5bf0c572cfc47d9685e4
metrics,2026-07-16,288.0,OK,https://data.binance.vision/data/futures/um/daily/metrics/BTCUSDT/BTCUSDT-metrics-2026-07-16.zip,OK,6b1d7cc9d6e212d09068cff94cec848c034cc9fb86d80fe102e3199f29333388,6b1d7cc9d6e212d09068cff94cec848c034cc9fb86d80fe102e3199f29333388
metrics,2026-07-17,288.0,OK,https://data.binance.vision/data/futures/um/daily/metrics/BTCUSDT/BTCUSDT-metrics-2026-07-17.zip,OK,05fb1d17be4914928f5fdc958b2194326c742414d764ef023afbc7dad90f3cb0,05fb1d17be4914928f5fdc958b2194326c742414d764ef023afbc7dad90f3cb0
metrics,2026-07-18,288.0,OK,https://data.binance.vision/data/futures/um/daily/metrics/BTCUSDT/BTCUSDT-metrics-2026-07-18.zip,OK,363dcac85b7b91abca094ab7d669069fdff3a4f5f95aeb9b4dac2761b533785d,363dcac85b7b91abca094ab7d669069fdff3a4f5f95aeb9b4dac2761b533785d
metrics,2026-07-19,288.0,OK,https://data.binance.vision/data/futures/um/daily/metrics/BTCUSDT/BTCUSDT-metrics-2026-07-19.zip,OK,37f3c4c064d49c769870caa9b65684736a50115363e4b1da829a899d673459cc,37f3c4c064d49c769870caa9b65684736a50115363e4b1da829a899d673459cc
metrics,2026-07-20,288.0,OK,https://data.binance.vision/data/futures/um/daily/metrics/BTCUSDT/BTCUSDT-metrics-2026-07-20.zip,OK,eb1367ea2ee7d476cda2f031ddbff3990153fb910cf007aa08d9d9b6caaecab0,eb1367ea2ee7d476cda2f031ddbff3990153fb910cf007aa08d9d9b6caaecab0
metrics,2026-07-21,288.0,OK,https://data.binance.vision/data/futures/um/daily/metrics/BTCUSDT/BTCUSDT-metrics-2026-07-21.zip,OK,07338071d9d0a732c0da6f0ed7e5bf0573bc8d0c3c2d250ecc053c2e7b28665f,07338071d9d0a732c0da6f0ed7e5bf0573bc8d0c3c2d250ecc053c2e7b28665f
metrics,2026-07-22,288.0,OK,https://data.binance.vision/data/futures/um/daily/metrics/BTCUSDT/BTCUSDT-metrics-2026-07-22.zip,OK,1bd5f7abf816c5bc50daddc483e1e98851e1f5ee09b23db69d4f2449306ee164,1bd5f7abf816c5bc50daddc483e1e98851e1f5ee09b23db69d4f2449306ee164
metrics,2026-07-23,288.0,OK,https://data.binance.vision/data/futures/um/daily/metrics/BTCUSDT/BTCUSDT-metrics-2026-07-23.zip,OK,abdbb90268778a2a83c6149355044e852cd3588d66c30bc3771d25a0d1f4e2fe,abdbb90268778a2a83c6149355044e852cd3588d66c30bc3771d25a0d1f4e2fe
metrics,2026-07-24,288.0,OK,https://data.binance.vision/data/futures/um/daily/metrics/BTCUSDT/BTCUSDT-metrics-2026-07-24.zip,OK,d03577829e3099e0b2eab3cc42633a01df4d0ccd2124b40f207db96b3addde6d,d03577829e3099e0b2eab3cc42633a01df4d0ccd2124b40f207db96b3addde6d
metrics,2026-07-25,288.0,OK,https://data.binance.vision/data/futures/um/daily/metrics/BTCUSDT/BTCUSDT-metrics-2026-07-25.zip,OK,e03a34117eee56365d86f7b4d2311c7713434e944ac7fe99ef77a4d9463944c6,e03a34117eee56365d86f7b4d2311c7713434e944ac7fe99ef77a4d9463944c6
metrics,2026-07-26,288.0,OK,https://data.binance.vision/data/futures/um/daily/metrics/BTCUSDT/BTCUSDT-metrics-2026-07-26.zip,OK,e0597f49021ea5e3d3213e6541bb83c42e6d56be9022d32bf4a816239b766dd1,e0597f49021ea5e3d3213e6541bb83c42e6d56be9022d32bf4a816239b766dd1
metrics,2026-07-27,288.0,OK,https://data.binance.vision/data/futures/um/daily/metrics/BTCUSDT/BTCUSDT-metrics-2026-07-27.zip,OK,0ac4229d96bf575de4fbdb0857528be53157b68c3da53e410160f021bf1c5dc5,0ac4229d96bf575de4fbdb0857528be53157b68c3da53e410160f021bf1c5dc5
metrics,2026-07-28,288.0,OK,https://data.binance.vision/data/futures/um/daily/metrics/BTCUSDT/BTCUSDT-metrics-2026-07-28.zip,OK,baf44282daea657f88ff343f4e67e491ecb639e152342944d5e122f28cb1482a,baf44282daea657f88ff343f4e67e491ecb639e152342944d5e122f28cb1482a
metrics,2026-07-29,288.0,OK,https://data.binance.vision/data/futures/um/daily/metrics/BTCUSDT/BTCUSDT-metrics-2026-07-29.zip,OK,e49bb2b5b7813eea9b5bd336d17950364ac13895ccd55442519e6997c2b099c5,e49bb2b5b7813eea9b5bd336d17950364ac13895ccd55442519e6997c2b099c5
metrics,2026-07-30,288.0,OK,https://data.binance.vision/data/futures/um/daily/metrics/BTCUSDT/BTCUSDT-metrics-2026-07-30.zip,OK,ea1768aa4a1820a6602cef01ebacc0393e44339178cffcd1e69008bf44e9aa07,ea1768aa4a1820a6602cef01ebacc0393e44339178cffcd1e69008bf44e9aa07
metrics,2026-07-31,288.0,OK,https://data.binance.vision/data/futures/um/daily/metrics/BTCUSDT/BTCUSDT-metrics-2026-07-31.zip,OK,ed53bddefe4b19f49717e894caa3690b1ac3906220c24d5d30f76049a3d314d9,ed53bddefe4b19f49717e894caa3690b1ac3906220c24d5d30f76049a3d314d9
metrics,2026-08-01,288.0,OK,https://data.binance.vision/data/futures/um/daily/metrics/BTCUSDT/BTCUSDT-metrics-2026-08-01.zip,OK,1c0c8730c891e922a8eb3e838fc6aec4880ed15da9780a7e68e59460a03d4eec,1c0c8730c891e922a8eb3e838fc6aec4880ed15da9780a7e68e59460a03d4eec
metrics,2026-08-02,288.0,OK,https://data.binance.vision/data/futures/um/daily/metrics/BTCUSDT/BTCUSDT-metrics-2026-08-02.zip,OK,4ab43db546017b1ee7487b1eab3f06730e9b717cb86da19950d46120b439d89f,4ab43db546017b1ee7487b1eab3f06730e9b717cb86da19950d46120b439d89f
metrics,2026-08-03,288.0,OK,https://data.binance.vision/data/futures/um/daily/metrics/BTCUSDT/BTCUSDT-metrics-2026-08-03.zip,OK,c85eb7eb7cfb6a2ff51bc1545c30e9d8c923fdbb8db85ea4df34421438271d23,c85eb7eb7cfb6a2ff51bc1545c30e9d8c923fdbb8db85ea4df34421438271d23
metrics,2026-08-04,288.0,OK,https://data.binance.vision/data/futures/um/daily/metrics/BTCUSDT/BTCUSDT-metrics-2026-08-04.zip,OK,4ce92c0e93aea52807e9eb438e487d8a56cb877cf0941b018380ac794bbe2e5a,4ce92c0e93aea52807e9eb438e487d8a56cb877cf0941b018380ac794bbe2e5a
metrics,2026-08-05,288.0,OK,https://data.binance.vision/data/futures/um/daily/metrics/BTCUSDT/BTCUSDT-metrics-2026-08-05.zip,OK,902d7fa78164c85928faeb7423250f3cc8b5570c2d24a6682a7f546b59609586,902d7fa78164c85928faeb7423250f3cc8b5570c2d24a6682a7f546b59609586
metrics,2026-08-06,288.0,OK,https://data.binance.vision/data/futures/um/daily/metrics/BTCUSDT/BTCUSDT-metrics-2026-08-06.zip,OK,113ada124e4442d58738a66d6fb14e9b958bebc938a82f0222852f903cbb0adf,113ada124e4442d58738a66d6fb14e9b958bebc938a82f0222852f903cbb0adf
metrics,2026-08-07,288.0,OK,https://data.binance.vision/data/futures/um/daily/metrics/BTCUSDT/BTCUSDT-metrics-2026-08-07.zip,OK,f95d65b24a8ed3280a17398370a43812f28015ea79b4eeac5c410a6605b9d389,f95d65b24a8ed3280a17398370a43812f28015ea79b4eeac5c410a6605b9d389
metrics,2026-08-08,288.0,OK,https://data.binance.vision/data/futures/um/daily/metrics/BTCUSDT/BTCUSDT-metrics-2026-08-08.zip,OK,637b376f1b6715080c415f5bdf35394e7fa2effcaa80e6700b9ef5c22957ca07,637b376f1b6715080c415f5bdf35394e7fa2effcaa80e6700b9ef5c22957ca07
metrics,2026-08-09,288.0,OK,https://data.binance.vision/data/futures/um/daily/metrics/BTCUSDT/BTCUSDT-metrics-2026-08-09.zip,OK,25af26bb91e2bb8b770c1ca295930b38959d2a5345c4c236ba262127c0e50fc5,25af26bb91e2bb8b770c1ca295930b38959d2a5345c4c236ba262127c0e50fc5
metrics,2026-08-10,288.0,OK,https://data.binance.vision/data/futures/um/daily/metrics/BTCUSDT/BTCUSDT-metrics-2026-08-10.zip,OK,7337ba97e49b9cfd1527441ed86e7150289f0b0ea712d2034262270256c9b90f,7337ba97e49b9cfd1527441ed86e7150289f0b0ea712d2034262270256c9b90f
metrics,2026-08-11,288.0,OK,https://data.binance.vision/data/futures/um/daily/metrics/BTCUSDT/BTCUSDT-metrics-2026-08-11.zip,OK,c36e7a0d33800dbb5fbba957fd67e472ebca0d4ed2a6c052403fd30cff145051,c36e7a0d33800dbb5fbba957fd67e472ebca0d4ed2a6c052403fd30cff145051
metrics,2026-08-12,288.0,OK,https://data.binance.vision/data/futures/um/daily/metrics/BTCUSDT/BTCUSDT-metrics-2026-08-12.zip,OK,a428a0d081d7194b371cd5346d3e94715fbd927c826e62709d5a8974bcae5f9f,a428a0d081d7194b371cd5346d3e94715fbd927c826e62709d5a8974bcae5f9f
metrics,2026-08-13,288.0,OK,https://data.binance.vision/data/futures/um/daily/metrics/BTCUSDT/BTCUSDT-metrics-2026-08-13.zip,OK,e5a84063b73e6962964a93f82bd4bc760be65834edd7ae98eb42c7e0d16cf42b,e5a84063b73e6962964a93f82bd4bc760be65834edd7ae98eb42c7e0d16cf42b
metrics,2026-08-14,288.0,OK,https://data.binance.vision/data/futures/um/daily/metrics/BTCUSDT/BTCUSDT-metrics-2026-08-14.zip,OK,5177f76ccfc97884641f18c23553bbd022f2ca5b70f82e4faab57782ef15ec68,5177f76ccfc97884641f18c23553bbd022f2ca5b70f82e4faab57782ef15ec68
metrics,2026-08-15,288.0,OK,https://data.binance.vision/data/futures/um/daily/metrics/BTCUSDT/BTCUSDT-metrics-2026-08-15.zip,OK,0e05db1672b17259d238b18858630b4fb1b6285afbffc442ca782784254f6502,0e05db1672b17259d238b18858630b4fb1b6285afbffc442ca782784254f6502
metrics,2026-08-16,288.0,OK,https://data.binance.vision/data/futures/um/daily/metrics/BTCUSDT/BTCUSDT-metrics-2026-08-16.zip,OK,046f69bede39bec77f8f6650b5cb34d140e90697350cc1ba1655778183bfe3a7,046f69bede39bec77f8f6650b5cb34d140e90697350cc1ba1655778183bfe3a7
metrics,2026-08-17,288.0,OK,https://data.binance.vision/data/futures/um/daily/metrics/BTCUSDT/BTCUSDT-metrics-2026-08-17.zip,OK,1d1eb7c7b28e9cf1a071596963c0ccd166cb4f3c492a3741e283b1ccf3866606,1d1eb7c7b28e9cf1a071596963c0ccd166cb4f3c492a3741e283b1ccf3866606
metrics,2026-08-18,288.0,OK,https://data.binance.vision/data/futures/um/daily/metrics/BTCUSDT/BTCUSDT-metrics-2026-08-18.zip,OK,1db58bdad3275ebd42f68aef01a69e344750fad2f7783926c6b193001c6a06a0,1db58bdad3275ebd42f68aef01a69e344750fad2f7783926c6b193001c6a06a0
metrics,2026-08-19,288.0,OK,https://data.binance.vision/data/futures/um/daily/metrics/BTCUSDT/BTCUSDT-metrics-2026-08-19.zip,OK,3a03b1080aa08c3bdb122a1b5d46acdbb5409857977722f3caa040e62da97ad1,3a03b1080aa08c3bdb122a1b5d46acdbb5409857977722f3caa040e62da97ad1
metrics,2026-08-20,288.0,OK,https://data.binance.vision/data/futures/um/daily/metrics/BTCUSDT/BTCUSDT-metrics-2026-08-20.zip,OK,8af9def6823b696a45f79a9dae03b9377b9cecc35ef378c4950af7ae7e3a37ea,8af9def6823b696a45f79a9dae03b9377b9cecc35ef378c4950af7ae7e3a37ea
metrics,2026-08-21,288.0,OK,https://data.binance.vision/data/futures/um/daily/metrics/BTCUSDT/BTCUSDT-metrics-2026-08-21.zip,OK,ed3d15294b5a8af7815fa65a3f6d443d164ff4fae0a7f445f93e0a9d7248ba43,ed3d15294b5a8af7815fa65a3f6d443d164ff4fae0a7f445f93e0a9d7248ba43
metrics,2026-08-22,288.0,OK,https://data.binance.vision/data/futures/um/daily/metrics/BTCUSDT/BTCUSDT-metrics-2026-08-22.zip,OK,3bbf10368692ce08c889f8f3bedb350a5b62d2aa3077f827dd9bf40e83914b91,3bbf10368692ce08c889f8f3bedb350a5b62d2aa3077f827dd9bf40e83914b91
metrics,2026-08-23,288.0,OK,https://data.binance.vision/data/futures/um/daily/metrics/BTCUSDT/BTCUSDT-metrics-2026-08-23.zip,OK,e0bb1a287a1dc1fa694768d209e4785ad195330dc8d0021c94b420e0771e9e70,e0bb1a287a1dc1fa694768d209e4785ad195330dc8d0021c94b420e0771e9e70
metrics,2026-08-24,288.0,OK,https://data.binance.vision/data/futures/um/daily/metrics/BTCUSDT/BTCUSDT-metrics-2026-08-24.zip,OK,54b7398ce30359d9bab2a564a08e68bfe428c5d66fb54a1b23f3a344a0c84a06,54b7398ce30359d9bab2a564a08e68bfe428c5d66fb54a1b23f3a344a0c84a06
metrics,2026-08-25,288.0,OK,https://data.binance.vision/data/futures/um/daily/metrics/BTCUSDT/BTCUSDT-metrics-2026-08-25.zip,OK,36aa626c808142746eee1e5ff216d7e688655ba10714f12bb2e6a2937cbb85bc,36aa626c808142746eee1e5ff216d7e688655ba10714f12bb2e6a2937cbb85bc
metrics,2026-08-26,288.0,OK,https://data.binance.vision/data/futures/um/daily/metrics/BTCUSDT/BTCUSDT-metrics-2026-08-26.zip,OK,16c0f1565194cf68b619a2786fc1cf9907a761b4caedb94a3e102a6c1d62a7ef,16c0f1565194cf68b619a2786fc1cf9907a761b4caedb94a3e102a6c1d62a7ef
metrics,2026-08-27,288.0,OK,https://data.binance.vision/data/futures/um/daily/metrics/BTCUSDT/BTCUSDT-metrics-2026-08-27.zip,OK,71ce3119f7d4f98f279246ee922375192219469952825dbdb0c6c6774bfd5b21,71ce3119f7d4f98f279246ee922375192219469952825dbdb0c6c6774bfd5b21
metrics,2026-08-28,288.0,OK,https://data.binance.vision/data/futures/um/daily/metrics/BTCUSDT/BTCUSDT-metrics-2026-08-28.zip,OK,6e40835c34b0afe0ebae484868209b43fdf8a8dc9d707842c1887f270790f2f9,6e40835c34b0afe0ebae484868209b43fdf8a8dc9d707842c1887f270790f2f9
metrics,2026-08-29,288.0,OK,https://data.binance.vision/data/futures/um/daily/metrics/BTCUSDT/BTCUSDT-metrics-2026-08-29.zip,OK,633b4c240bffc6266c29d6873e1dcee7c3db15991da8eb0e4b455cf3610bf86b,633b4c240bffc6266c29d6873e1dcee7c3db15991da8eb0e4b455cf3610bf86b
metrics,2026-08-30,288.0,OK,https://data.binance.vision/data/futures/um/daily/metrics/BTCUSDT/BTCUSDT-metrics-2026-08-30.zip,OK,8cfe78806be2e6414a5018fec0104ab7f429072521bec3b22c9ff1a1aa7aa7cc,8cfe78806be2e6414a5018fec0104ab7f429072521bec3b22c9ff1a1aa7aa7cc
metrics,2026-08-31,288.0,OK,https://data.binance.vision/data/futures/um/daily/metrics/BTCUSDT/BTCUSDT-metrics-2026-08-31.zip,OK,3dc717a00452047e102387880347ebf0e48756a026878c73ea5e8965810c8bf0,3dc717a00452047e102387880347ebf0e48756a026878c73ea5e8965810c8bf0
metrics,2026-09-01,288.0,OK,https://data.binance.vision/data/futures/um/daily/metrics/BTCUSDT/BTCUSDT-metrics-2026-09-01.zip,OK,2c2c077c1ad18a3a752e16a0161a9b768a3c4a6f18d75f06cae2d8afad8fe2a4,2c2c077c1ad18a3a752e16a0161a9b768a3c4a6f18d75f06cae2d8afad8fe2a4
metrics,2026-09-02,288.0,OK,https://data.binance.vision/data/futures/um/daily/metrics/BTCUSDT/BTCUSDT-metrics-2026-09-02.zip,OK,dbf49d2e4e64732757cec175ac33081b492deee42de31523efb15827feac27d3,dbf49d2e4e64732757cec175ac33081b492deee42de31523efb15827feac27d3
metrics,2026-09-03,288.0,OK,https://data.binance.vision/data/futures/um/daily/metrics/BTCUSDT/BTCUSDT-metrics-2026-09-03.zip,OK,687b4ad011b8ddad894adb53b5f7ec099243cf79afc19aaccbb1aa32f4413862,687b4ad011b8ddad894adb53b5f7ec099243cf79afc19aaccbb1aa32f4413862
metrics,2026-09-04,288.0,OK,https://data.binance.vision/data/futures/um/daily/metrics/BTCUSDT/BTCUSDT-metrics-2026-09-04.zip,OK,f48ddc77720431b803623a63a5f990c782692a49b7e4d136a0a0b093e3269f7f,f48ddc77720431b803623a63a5f990c782692a49b7e4d136a0a0b093e3269f7f
metrics,2026-09-05,288.0,OK,https://data.binance.vision/data/futures/um/daily/metrics/BTCUSDT/BTCUSDT-metrics-2026-09-05.zip,OK,119bfa27775f96d8feb131a9999b89d4f1f5ac9505915a728fe5bb3a5acd9cc2,119bfa27775f96d8feb131a9999b89d4f1f5ac9505915a728fe5bb3a5acd9cc2
metrics,2026-09-06,288.0,OK,https://data.binance.vision/data/futures/um/daily/metrics/BTCUSDT/BTCUSDT-metrics-2026-09-06.zip,OK,93d0152d3a6275976842e85e7b7738f26c8bcbfd895401ee3f816136fbaf9a5a,93d0152d3a6275976842e85e7b7738f26c8bcbfd895401ee3f816136fbaf9a5a
metrics,2026-09-07,288.0,OK,https://data.binance.vision/data/futures/um/daily/metrics/BTCUSDT/BTCUSDT-metrics-2026-09-07.zip,OK,6bb2b64c46ef016e7062016c88fd066aea94626d7b5c20e6dc37518825c00e00,6bb2b64c46ef016e7062016c88fd066aea94626d7b5c20e6dc37518825c00e00
metrics,2026-09-08,288.0,OK,https://data.binance.vision/data/futures/um/daily/metrics/BTCUSDT/BTCUSDT-metrics-2026-09-08.zip,OK,1fd09d72153acd86cf5f4b8d33653c17bb51e81191ab31b3d9259cb7ef366f65,1fd09d72153acd86cf5f4b8d33653c17bb51e81191ab31b3d9259cb7ef366f65
metrics,2026-09-09,288.0,OK,https://data.binance.vision/data/futures/um/daily/metrics/BTCUSDT/BTCUSDT-metrics-2026-09-09.zip,OK,3130efc0f59bcbf0532007a133d093a8dd0cb5eb74e56067fed97d0c8e82c9b9,3130efc0f59bcbf0532007a133d093a8dd0cb5eb74e56067fed97d0c8e82c9b9
metrics,2026-09-10,288.0,OK,https://data.binance.vision/data/futures/um/daily/metrics/BTCUSDT/BTCUSDT-metrics-2026-09-10.zip,OK,a700433bbedae6a7dca6857358021840ad893233fb79360a668c1f970f5ef9db,a700433bbedae6a7dca6857358021840ad893233fb79360a668c1f970f5ef9db
metrics,2026-09-11,288.0,OK,https://data.binance.vision/data/futures/um/daily/metrics/BTCUSDT/BTCUSDT-metrics-2026-09-11.zip,OK,4527ac7fb59b6118b549afd0de9e197faae54b247fc4fdeec4eec22a41002276,4527ac7fb59b6118b549afd0de9e197faae54b247fc4fdeec4eec22a41002276
metrics,2026-09-12,288.0,OK,https://data.binance.vision/data/futures/um/daily/metrics/BTCUSDT/BTCUSDT-metrics-2026-09-12.zip,OK,a9e3d74a6a5d6b448ea5de7bf79cbcc1cbe600f8aee99148d7f3c75ad8969b5e,a9e3d74a6a5d6b448ea5de7bf79cbcc1cbe600f8aee99148d7f3c75ad8969b5e
metrics,2026-09-13,288.0,OK,https://data.binance.vision/data/futures/um/daily/metrics/BTCUSDT/BTCUSDT-metrics-2026-09-13.zip,OK,f68c61a27db1ff683fa4e061c70899e35eed02e3f0f2870a12fc40e5536f87e9,f68c61a27db1ff683fa4e061c70899e35eed02e3f0f2870a12fc40e5536f87e9
metrics,2026-09-14,288.0,OK,https://data.binance.vision/data/futures/um/daily/metrics/BTCUSDT/BTCUSDT-metrics-2026-09-14.zip,OK,a2fecf8c82bc9de0516d1efb742a93c5ba671ec6253a3f4313608b17994256bf,a2fecf8c82bc9de0516d1efb742a93c5ba671ec6253a3f4313608b17994256bf
metrics,2026-09-15,288.0,OK,https://data.binance.vision/data/futures/um/daily/metrics/BTCUSDT/BTCUSDT-metrics-2026-09-15.zip,OK,c2c5ea97fa8a744e7903218081a9b3b0cc58db995a724964f62e5e97ebf5945c,c2c5ea97fa8a744e7903218081a9b3b0cc58db995a724964f62e5e97ebf5945c
metrics,2026-09-16,288.0,OK,https://data.binance.vision/data/futures/um/daily/metrics/BTCUSDT/BTCUSDT-metrics-2026-09-16.zip,OK,97809626d7662e440cd01d45d3e4541ecae4f9e688311f0b281f2c302aa59808,97809626d7662e440cd01d45d3e4541ecae4f9e688311f0b281f2c302aa59808
metrics,2026-09-17,288.0,OK,https://data.binance.vision/data/futures/um/daily/metrics/BTCUSDT/BTCUSDT-metrics-2026-09-17.zip,OK,1afc61d937160c91e77fb07e5bc7ca2768c161411cc980d5e70e2196b7fd8748,1afc61d937160c91e77fb07e5bc7ca2768c161411cc980d5e70e2196b7fd8748
metrics,2026-09-18,288.0,OK,https://data.binance.vision/data/futures/um/daily/metrics/BTCUSDT/BTCUSDT-metrics-2026-09-18.zip,OK,3558afea198d8579ea1fa8c176726ed2204770dbdd2dd05a5dfed6c83d8c7be3,3558afea198d8579ea1fa8c176726ed2204770dbdd2dd05a5dfed6c83d8c7be3
metrics,2026-09-19,288.0,OK,https://data.binance.vision/data/futures/um/daily/metrics/BTCUSDT/BTCUSDT-metrics-2026-09-19.zip,OK,a03c803cab134678640c970b5fe6f9bf502bf2d1b62be762de8f749fae348265,a03c803cab134678640c970b5fe6f9bf502bf2d1b62be762de8f749fae348265
metrics,2026-09-20,288.0,OK,https://data.binance.vision/data/futures/um/daily/metrics/BTCUSDT/BTCUSDT-metrics-2026-09-20.zip,OK,9da18b2948447fc5b80520b465995038d5a360c3e2392224c9c29902f4ab3b37,9da18b2948447fc5b80520b465995038d5a360c3e2392224c9c29902f4ab3b37
metrics,2026-09-21,288.0,OK,https://data.binance.vision/data/futures/um/daily/metrics/BTCUSDT/BTCUSDT-metrics-2026-09-21.zip,OK,17817043b3844a6730aeda32377682d3d62cec6ee66b226019ae15fc7f33ebeb,17817043b3844a6730aeda32377682d3d62cec6ee66b226019ae15fc7f33ebeb
metrics,2026-09-22,288.0,OK,https://data.binance.vision/data/futures/um/daily/metrics/BTCUSDT/BTCUSDT-metrics-2026-09-22.zip,OK,4759f8d3ba2787d47d6db161f7c7ba21dbcef2d5db51dbac6ee261a107adb4c0,4759f8d3ba2787d47d6db161f7c7ba21dbcef2d5db51dbac6ee261a107adb4c0
metrics,2026-09-23,288.0,OK,https://data.binance.vision/data/futures/um/daily/metrics/BTCUSDT/BTCUSDT-metrics-2026-09-23.zip,OK,fb87e732ef8d8081af64a2f99feef6b58510e894188392bdc3c852b4241ef781,fb87e732ef8d8081af64a2f99feef6b58510e894188392bdc3c852b4241ef781
metrics,2026-09-24,288.0,OK,https://data.binance.vision/data/futures/um/daily/metrics/BTCUSDT/BTCUSDT-metrics-2026-09-24.zip,OK,49b47bd97ee5689742198fb822474f28c29117ccadce5c4f3e7c7162450268a9,49b47bd97ee5689742198fb822474f28c29117ccadce5c4f3e7c7162450268a9
metrics,2026-09-25,288.0,OK,https://data.binance.vision/data/futures/um/daily/metrics/BTCUSDT/BTCUSDT-metrics-2026-09-25.zip,OK,3db73e385e6d0fe11ea62a5c3793d67a2fbd050fba75e1203607c3588230d176,3db73e385e6d0fe11ea62a5c3793d67a2fbd050fba75e1203607c3588230d176
metrics,2026-09-26,288.0,OK,https://data.binance.vision/data/futures/um/daily/metrics/BTCUSDT/BTCUSDT-metrics-2026-09-26.zip,OK,21d376be2975c3ab6f4fc0978b9928f411689e3266a8b107a56c082f493640eb,21d376be2975c3ab6f4fc0978b9928f411689e3266a8b107a56c082f493640eb
metrics,2026-09-27,288.0,OK,https://data.binance.vision/data/futures/um/daily/metrics/BTCUSDT/BTCUSDT-metrics-2026-09-27.zip,OK,ad957aafe9d977ecf27500645e2a5ae7f4fcae83d0da9390d0f3ace5aa9da4bf,ad957aafe9d977ecf27500645e2a5ae7f4fcae83d0da9390d0f3ace5aa9da4bf
metrics,2026-09-28,288.0,OK,https://data.binance.vision/data/futures/um/daily/metrics/BTCUSDT/BTCUSDT-metrics-2026-09-28.zip,OK,9dcdba21d38e83758d86fd5b16b7b9061bd47a10bb7094d950776ae9f4ceddfc,9dcdba21d38e83758d86fd5b16b7b9061bd47a10bb7094d950776ae9f4ceddfc
metrics,2026-09-29,288.0,OK,https://data.binance.vision/data/futures/um/daily/metrics/BTCUSDT/BTCUSDT-metrics-2026-09-29.zip,OK,7ad985ec9da902b0fecafc19230d1d2f8ae3e2c8c1cf2cf888fc5d1ad47d083c,7ad985ec9da902b0fecafc19230d1d2f8ae3e2c8c1cf2cf888fc5d1ad47d083c
metrics,2026-09-30,288.0,OK,https://data.binance.vision/data/futures/um/daily/metrics/BTCUSDT/BTCUSDT-metrics-2026-09-30.zip,OK,9b256cd82e267e6c6acc147a151d3a630bf5a76aa0d6725970516c91e6f2cd02,9b256cd82e267e6c6acc147a151d3a630bf5a76aa0d6725970516c91e6f2cd02
metrics,2026-10-01,288.0,OK,https://data.binance.vision/data/futures/um/daily/metrics/BTCUSDT/BTCUSDT-metrics-2026-10-01.zip,OK,e65cebeb721c5179e7734cbf7053516f1e5ec04fe273f2dfa3174ac17d716042,e65cebeb721c5179e7734cbf7053516f1e5ec04fe273f2dfa3174ac17d716042
perp_1m,2025-10-01,1440.0,OK,https://data.binance.vision/data/futures/um/daily/klines/BTCUSDT/1m/BTCUSDT-1m-2025-10-01.zip,OK,ae55679f02f530e78831ce63449ab693c18219dda9522b5874338133505993be,ae55679f02f530e78831ce63449ab693c18219dda9522b5874338133505993be
perp_1m,2025-10-02,1440.0,OK,https://data.binance.vision/data/futures/um/daily/klines/BTCUSDT/1m/BTCUSDT-1m-2025-10-02.zip,OK,4c558b21bce63dc3749d4461a17a342f186561b832a8225c1527b864a53c2748,4c558b21bce63dc3749d4461a17a342f186561b832a8225c1527b864a53c2748
perp_1m,2025-10-03,1440.0,OK,https://data.binance.vision/data/futures/um/daily/klines/BTCUSDT/1m/BTCUSDT-1m-2025-10-03.zip,OK,51638971693dee0519f8cc173e497015019b7a9796f2249ac70fd367d3925bda,51638971693dee0519f8cc173e497015019b7a9796f2249ac70fd367d3925bda
perp_1m,2025-10-04,1440.0,OK,https://data.binance.vision/data/futures/um/daily/klines/BTCUSDT/1m/BTCUSDT-1m-2025-10-04.zip,OK,1d5ad1d1f0773dcfaf18f4438ba7a02b136a30a68cba23e9990d46bd063fc715,1d5ad1d1f0773dcfaf18f4438ba7a02b136a30a68cba23e9990d46bd063fc715
perp_1m,2025-10-05,1440.0,OK,https://data.binance.vision/data/futures/um/daily/klines/BTCUSDT/1m/BTCUSDT-1m-2025-10-05.zip,OK,44ca5272b33ca8f86c60278b27345ae4a78222eb456d6b7e7fb6e0a05363f487,44ca5272b33ca8f86c60278b27345ae4a78222eb456d6b7e7fb6e0a05363f487
perp_1m,2025-10-06,1440.0,OK,https://data.binance.vision/data/futures/um/daily/klines/BTCUSDT/1m/BTCUSDT-1m-2025-10-06.zip,OK,6549dbd5a29073970fc8ef55af10a34b9c8b1036f117e6997ffa47745079d453,6549dbd5a29073970fc8ef55af10a34b9c8b1036f117e6997ffa47745079d453
perp_1m,2025-10-07,1440.0,OK,https://data.binance.vision/data/futures/um/daily/klines/BTCUSDT/1m/BTCUSDT-1m-2025-10-07.zip,OK,f52d74a63fa9a433da534107a89487b0c5c996fb03119a509897faa0b25884d8,f52d74a63fa9a433da534107a89487b0c5c996fb03119a509897faa0b25884d8
perp_1m,2025-10-08,1440.0,OK,https://data.binance.vision/data/futures/um/daily/klines/BTCUSDT/1m/BTCUSDT-1m-2025-10-08.zip,OK,2e75d30145072e5e8bbc30a5eed3fdeac84a00273fe000bd666ce11fe076c0e0,2e75d30145072e5e8bbc30a5eed3fdeac84a00273fe000bd666ce11fe076c0e0
perp_1m,2025-10-09,1440.0,OK,https://data.binance.vision/data/futures/um/daily/klines/BTCUSDT/1m/BTCUSDT-1m-2025-10-09.zip,OK,a31b51dbba72397b026482c93e93884f341af64ed8deca66ea735f58eef99936,a31b51dbba72397b026482c93e93884f341af64ed8deca66ea735f58eef99936
perp_1m,2025-10-10,1440.0,OK,https://data.binance.vision/data/futures/um/daily/klines/BTCUSDT/1m/BTCUSDT-1m-2025-10-10.zip,OK,3e9cc7b0d99adf98630d52550f03b7186314ed05192d2796238e32a91b34e968,3e9cc7b0d99adf98630d52550f03b7186314ed05192d2796238e32a91b34e968
perp_1m,2025-10-11,1440.0,OK,https://data.binance.vision/data/futures/um/daily/klines/BTCUSDT/1m/BTCUSDT-1m-2025-10-11.zip,OK,9921a619f9ac52d2490baf4ec6c6f96259bc73e66a102dd05e740ab3f884621a,9921a619f9ac52d2490baf4ec6c6f96259bc73e66a102dd05e740ab3f884621a
perp_1m,2025-10-12,1440.0,OK,https://data.binance.vision/data/futures/um/daily/klines/BTCUSDT/1m/BTCUSDT-1m-2025-10-12.zip,OK,55803fb7463c89f8be66d61c00bc74e342dd24c97943f5b66cc12eb842301790,55803fb7463c89f8be66d61c00bc74e342dd24c97943f5b66cc12eb842301790
perp_1m,2025-10-13,1440.0,OK,https://data.binance.vision/data/futures/um/daily/klines/BTCUSDT/1m/BTCUSDT-1m-2025-10-13.zip,OK,1d393facab27996c764c20235494fd937fc69b7f2122e9dced8b83fde3c059f9,1d393facab27996c764c20235494fd937fc69b7f2122e9dced8b83fde3c059f9
perp_1m,2025-10-14,1440.0,OK,https://data.binance.vision/data/futures/um/daily/klines/BTCUSDT/1m/BTCUSDT-1m-2025-10-14.zip,OK,51f864b897fbb4d2012a41d23acc209362abe9312691e630a8c6c2bed8d851c1,51f864b897fbb4d2012a41d23acc209362abe9312691e630a8c6c2bed8d851c1
perp_1m,2025-10-15,1440.0,OK,https://data.binance.vision/data/futures/um/daily/klines/BTCUSDT/1m/BTCUSDT-1m-2025-10-15.zip,OK,2ea071308b916499b1e10d7bdefd746e84fdbaf3fd1568dd9216ef072a6f67c4,2ea071308b916499b1e10d7bdefd746e84fdbaf3fd1568dd9216ef072a6f67c4
perp_1m,2025-10-16,1440.0,OK,https://data.binance.vision/data/futures/um/daily/klines/BTCUSDT/1m/BTCUSDT-1m-2025-10-16.zip,OK,eb1966505654946c26e58c6c40e350e8ba5684db643a3410c9d90cdf0e376bb5,eb1966505654946c26e58c6c40e350e8ba5684db643a3410c9d90cdf0e376bb5
perp_1m,2025-10-17,1440.0,OK,https://data.binance.vision/data/futures/um/daily/klines/BTCUSDT/1m/BTCUSDT-1m-2025-10-17.zip,OK,8b007f3204e5af7bdcc3400388885ea04bbc5b65c983f7c81f6cb4ea44f1221e,8b007f3204e5af7bdcc3400388885ea04bbc5b65c983f7c81f6cb4ea44f1221e
perp_1m,2025-10-18,1440.0,OK,https://data.binance.vision/data/futures/um/daily/klines/BTCUSDT/1m/BTCUSDT-1m-2025-10-18.zip,OK,a310c6663b138927eb47905f56e095dab6606fb2d42e8d8a18fabb765461f368,a310c6663b138927eb47905f56e095dab6606fb2d42e8d8a18fabb765461f368
perp_1m,2025-10-19,1440.0,OK,https://data.binance.vision/data/futures/um/daily/klines/BTCUSDT/1m/BTCUSDT-1m-2025-10-19.zip,OK,bdc615bc03074dae00b4336076462d2beecbbd50ce0ad091663c662614feaa77,bdc615bc03074dae00b4336076462d2beecbbd50ce0ad091663c662614feaa77
perp_1m,2025-10-20,1440.0,OK,https://data.binance.vision/data/futures/um/daily/klines/BTCUSDT/1m/BTCUSDT-1m-2025-10-20.zip,OK,a2ea7302be709433183021b0722914a958e59672414f247d4e56803ee722e5d4,a2ea7302be709433183021b0722914a958e59672414f247d4e56803ee722e5d4
perp_1m,2025-10-21,1440.0,OK,https://data.binance.vision/data/futures/um/daily/klines/BTCUSDT/1m/BTCUSDT-1m-2025-10-21.zip,OK,06fc81ab9a1c77649eb76ef3b0fc87a27ef4bcb7b5387b3437faf1fe551f2415,06fc81ab9a1c77649eb76ef3b0fc87a27ef4bcb7b5387b3437faf1fe551f2415
perp_1m,2025-10-22,1440.0,OK,https://data.binance.vision/data/futures/um/daily/klines/BTCUSDT/1m/BTCUSDT-1m-2025-10-22.zip,OK,0fb8c745f7faf6aa664b9ec988c33f59b5b16d5a7d81ed3461d5b7625874dfd1,0fb8c745f7faf6aa664b9ec988c33f59b5b16d5a7d81ed3461d5b7625874dfd1
perp_1m,2025-10-23,1440.0,OK,https://data.binance.vision/data/futures/um/daily/klines/BTCUSDT/1m/BTCUSDT-1m-2025-10-23.zip,OK,41e5b20e94e21c87339dee9cafbab9442bcf846a655aa51978e47331190f5b57,41e5b20e94e21c87339dee9cafbab9442bcf846a655aa51978e47331190f5b57
perp_1m,2025-10-24,1440.0,OK,https://data.binance.vision/data/futures/um/daily/klines/BTCUSDT/1m/BTCUSDT-1m-2025-10-24.zip,OK,5b4b957d917bd5ef5dabace8b494b28e24ae6e49e448a08652affc8c57718282,5b4b957d917bd5ef5dabace8b494b28e24ae6e49e448a08652affc8c57718282
perp_1m,2025-10-25,1440.0,OK,https://data.binance.vision/data/futures/um/daily/klines/BTCUSDT/1m/BTCUSDT-1m-2025-10-25.zip,OK,1e61dea7e3fe8009dd9c0ef6781f470091df05c6d6a365f89b680b35a321108a,1e61dea7e3fe8009dd9c0ef6781f470091df05c6d6a365f89b680b35a321108a
perp_1m,2025-10-26,1440.0,OK,https://data.binance.vision/data/futures/um/daily/klines/BTCUSDT/1m/BTCUSDT-1m-2025-10-26.zip,OK,298d995f6d4f39c5b9a6a50a9413159b74954b50d4bb8f8ac379937f464e5ca6,298d995f6d4f39c5b9a6a50a9413159b74954b50d4bb8f8ac379937f464e5ca6
perp_1m,2025-10-27,1440.0,OK,https://data.binance.vision/data/futures/um/daily/klines/BTCUSDT/1m/BTCUSDT-1m-2025-10-27.zip,OK,773a94b26f7e334ba7c24ef71dc066041a1fd577e34c58ef3483b107cf4b9260,773a94b26f7e334ba7c24ef71dc066041a1fd577e34c58ef3483b107cf4b9260
perp_1m,2025-10-28,1440.0,OK,https://data.binance.vision/data/futures/um/daily/klines/BTCUSDT/1m/BTCUSDT-1m-2025-10-28.zip,OK,cbd5b9ce5d131af4508b0c3759754050c0a08b6668a93bf430b456effed5bcb2,cbd5b9ce5d131af4508b0c3759754050c0a08b6668a93bf430b456effed5bcb2
perp_1m,2025-10-29,1440.0,OK,https://data.binance.vision/data/futures/um/daily/klines/BTCUSDT/1m/BTCUSDT-1m-2025-10-29.zip,OK,74005d9926a694c1645789d1e6b56d6e09a84fbf71536fc851fc9a8afc709b45,74005d9926a694c1645789d1e6b56d6e09a84fbf71536fc851fc9a8afc709b45
perp_1m,2025-10-30,1440.0,OK,https://data.binance.vision/data/futures/um/daily/klines/BTCUSDT/1m/BTCUSDT-1m-2025-10-30.zip,OK,ee4bca10ce12ba7be98936990ca3a07dd435c3f6a315068cec0edf0bba50d124,ee4bca10ce12ba7be98936990ca3a07dd435c3f6a315068cec0edf0bba50d124
perp_1m,2025-10-31,1440.0,OK,https://data.binance.vision/data/futures/um/daily/klines/BTCUSDT/1m/BTCUSDT-1m-2025-10-31.zip,OK,16e368a8daf9430e1e13f79fd72394c0e5ec8c865aae243c7b1f13320f49654d,16e368a8daf9430e1e13f79fd72394c0e5ec8c865aae243c7b1f13320f49654d
perp_1m,2025-11-01,1440.0,OK,https://data.binance.vision/data/futures/um/daily/klines/BTCUSDT/1m/BTCUSDT-1m-2025-11-01.zip,OK,a9086160c7976ce463bc28a4e24a8bcaecb40a11ad418bc123f614ad2ba033b3,a9086160c7976ce463bc28a4e24a8bcaecb40a11ad418bc123f614ad2ba033b3
perp_1m,2025-11-02,1440.0,OK,https://data.binance.vision/data/futures/um/daily/klines/BTCUSDT/1m/BTCUSDT-1m-2025-11-02.zip,OK,ed10d104af54718113f812a5e794a27106ddc6b305eec1548f9252352e0a32f6,ed10d104af54718113f812a5e794a27106ddc6b305eec1548f9252352e0a32f6
perp_1m,2025-11-03,1440.0,OK,https://data.binance.vision/data/futures/um/daily/klines/BTCUSDT/1m/BTCUSDT-1m-2025-11-03.zip,OK,8c3d870262c187a4f65acaf04063eaea06851e2e7a141a8e0abb6bebb93ab193,8c3d870262c187a4f65acaf04063eaea06851e2e7a141a8e0abb6bebb93ab193
perp_1m,2025-11-04,1440.0,OK,https://data.binance.vision/data/futures/um/daily/klines/BTCUSDT/1m/BTCUSDT-1m-2025-11-04.zip,OK,39520a7c6e40dc874c9b28d396f8f65603a342cb93f1ce620896d4a11053b0d0,39520a7c6e40dc874c9b28d396f8f65603a342cb93f1ce620896d4a11053b0d0
perp_1m,2025-11-05,1440.0,OK,https://data.binance.vision/data/futures/um/daily/klines/BTCUSDT/1m/BTCUSDT-1m-2025-11-05.zip,OK,75bb04bb4ed8884709715958e43d48f4a3a2329b3b31bc1dca3bedf787a838f1,75bb04bb4ed8884709715958e43d48f4a3a2329b3b31bc1dca3bedf787a838f1
perp_1m,2025-11-06,1440.0,OK,https://data.binance.vision/data/futures/um/daily/klines/BTCUSDT/1m/BTCUSDT-1m-2025-11-06.zip,OK,d0a89ffe7454226a522cb702381507136017c61e2f8688955180bbb7a9364e33,d0a89ffe7454226a522cb702381507136017c61e2f8688955180bbb7a9364e33
perp_1m,2025-11-07,1440.0,OK,https://data.binance.vision/data/futures/um/daily/klines/BTCUSDT/1m/BTCUSDT-1m-2025-11-07.zip,OK,726a3f7a4bc344df49cdfce791fa03fb1f60a097f9c20949dccb1f1aa75b2211,726a3f7a4bc344df49cdfce791fa03fb1f60a097f9c20949dccb1f1aa75b2211
perp_1m,2025-11-08,1440.0,OK,https://data.binance.vision/data/futures/um/daily/klines/BTCUSDT/1m/BTCUSDT-1m-2025-11-08.zip,OK,cae58a246bbd97fa1b8226a433e9f7f97b2b8d24199ca6f513bacf4bd0f1bf18,cae58a246bbd97fa1b8226a433e9f7f97b2b8d24199ca6f513bacf4bd0f1bf18
perp_1m,2025-11-09,1440.0,OK,https://data.binance.vision/data/futures/um/daily/klines/BTCUSDT/1m/BTCUSDT-1m-2025-11-09.zip,OK,b15bd36b42c185f8f15b95a84a7edf7d81f105cc4e41215ebfcdd6339269aca8,b15bd36b42c185f8f15b95a84a7edf7d81f105cc4e41215ebfcdd6339269aca8
perp_1m,2025-11-10,1440.0,OK,https://data.binance.vision/data/futures/um/daily/klines/BTCUSDT/1m/BTCUSDT-1m-2025-11-10.zip,OK,03a03acb65578309f0a0a504871cfb372ab39e76d70a8c840d7f4dbac6c070a0,03a03acb65578309f0a0a504871cfb372ab39e76d70a8c840d7f4dbac6c070a0
perp_1m,2025-11-11,1440.0,OK,https://data.binance.vision/data/futures/um/daily/klines/BTCUSDT/1m/BTCUSDT-1m-2025-11-11.zip,OK,66e811842932564af8c14cbac519c80438abe22a13a8c1988d181285854c738f,66e811842932564af8c14cbac519c80438abe22a13a8c1988d181285854c738f
perp_1m,2025-11-12,1440.0,OK,https://data.binance.vision/data/futures/um/daily/klines/BTCUSDT/1m/BTCUSDT-1m-2025-11-12.zip,OK,4ee4507af1a3aa46220186ef5fda14a15ab5872cf6bbfc3f7f7aac8fcec1113c,4ee4507af1a3aa46220186ef5fda14a15ab5872cf6bbfc3f7f7aac8fcec1113c
perp_1m,2025-11-13,1440.0,OK,https://data.binance.vision/data/futures/um/daily/klines/BTCUSDT/1m/BTCUSDT-1m-2025-11-13.zip,OK,50db72f81a46caa1d0794ead2dfcd9cabbe9a316962813b8037237d477d65a0e,50db72f81a46caa1d0794ead2dfcd9cabbe9a316962813b8037237d477d65a0e
perp_1m,2025-11-14,1440.0,OK,https://data.binance.vision/data/futures/um/daily/klines/BTCUSDT/1m/BTCUSDT-1m-2025-11-14.zip,OK,f0615139e1e3609965612f2a8703bddbfaa20f9683671ca53ca170bc68ae8318,f0615139e1e3609965612f2a8703bddbfaa20f9683671ca53ca170bc68ae8318
perp_1m,2025-11-15,1440.0,OK,https://data.binance.vision/data/futures/um/daily/klines/BTCUSDT/1m/BTCUSDT-1m-2025-11-15.zip,OK,023cdc3c00a97d93a8bee3c76d4e65fb48eea0367b865e257d9315136e697e6f,023cdc3c00a97d93a8bee3c76d4e65fb48eea0367b865e257d9315136e697e6f
perp_1m,2025-11-16,1440.0,OK,https://data.binance.vision/data/futures/um/daily/klines/BTCUSDT/1m/BTCUSDT-1m-2025-11-16.zip,OK,c54a993d101c82ef8726e7a4b022ad6573b73c5f2d311ea00f2015e81c9c108e,c54a993d101c82ef8726e7a4b022ad6573b73c5f2d311ea00f2015e81c9c108e
perp_1m,2025-11-17,1440.0,OK,https://data.binance.vision/data/futures/um/daily/klines/BTCUSDT/1m/BTCUSDT-1m-2025-11-17.zip,OK,c30cacf0dfd1d742a38614de7855869acc60d685da8645b5b73588d5a517e487,c30cacf0dfd1d742a38614de7855869acc60d685da8645b5b73588d5a517e487
perp_1m,2025-11-18,1440.0,OK,https://data.binance.vision/data/futures/um/daily/klines/BTCUSDT/1m/BTCUSDT-1m-2025-11-18.zip,OK,2fd47d0b777447ca140733763bee88973d783a8f730589f6a64369f0fe4b334f,2fd47d0b777447ca140733763bee88973d783a8f730589f6a64369f0fe4b334f
perp_1m,2025-11-19,1440.0,OK,https://data.binance.vision/data/futures/um/daily/klines/BTCUSDT/1m/BTCUSDT-1m-2025-11-19.zip,OK,23bde2f027b5e2e98d330307f999ae4d18ea4873188037f9ad39116b0a770265,23bde2f027b5e2e98d330307f999ae4d18ea4873188037f9ad39116b0a770265
perp_1m,2025-11-20,1440.0,OK,https://data.binance.vision/data/futures/um/daily/klines/BTCUSDT/1m/BTCUSDT-1m-2025-11-20.zip,OK,a744c74805a33cbf012728cc83ac05a31faf24aad346e3eee562f76a0d7d5c23,a744c74805a33cbf012728cc83ac05a31faf24aad346e3eee562f76a0d7d5c23
perp_1m,2025-11-21,1440.0,OK,https://data.binance.vision/data/futures/um/daily/klines/BTCUSDT/1m/BTCUSDT-1m-2025-11-21.zip,OK,e7f9402a4519e99e046020b7691f318e2e04d5d4fa45144d32a8220d9aafe43b,e7f9402a4519e99e046020b7691f318e2e04d5d4fa45144d32a8220d9aafe43b
perp_1m,2025-11-22,1440.0,OK,https://data.binance.vision/data/futures/um/daily/klines/BTCUSDT/1m/BTCUSDT-1m-2025-11-22.zip,OK,f8e33a5a8632c1123fa3d0794737a5b440a66c2dba0aee23c29331eb93d05135,f8e33a5a8632c1123fa3d0794737a5b440a66c2dba0aee23c29331eb93d05135
perp_1m,2025-11-23,1440.0,OK,https://data.binance.vision/data/futures/um/daily/klines/BTCUSDT/1m/BTCUSDT-1m-2025-11-23.zip,OK,1524fb3ddaecd78a670525a9e92ab090480921bc87071a43c6982bdaf8369e10,1524fb3ddaecd78a670525a9e92ab090480921bc87071a43c6982bdaf8369e10
perp_1m,2025-11-24,1440.0,OK,https://data.binance.vision/data/futures/um/daily/klines/BTCUSDT/1m/BTCUSDT-1m-2025-11-24.zip,OK,aa22625ddb75620331bca2555cbeb9d2ba440b3cf5d669865241fc8da229ffbd,aa22625ddb75620331bca2555cbeb9d2ba440b3cf5d669865241fc8da229ffbd
perp_1m,2025-11-25,1440.0,OK,https://data.binance.vision/data/futures/um/daily/klines/BTCUSDT/1m/BTCUSDT-1m-2025-11-25.zip,OK,24aedc4e22588ef8a6ffb7a1f4dffa07e92cc150d365917efe0cd1df016a4b5a,24aedc4e22588ef8a6ffb7a1f4dffa07e92cc150d365917efe0cd1df016a4b5a
perp_1m,2025-11-26,1440.0,OK,https://data.binance.vision/data/futures/um/daily/klines/BTCUSDT/1m/BTCUSDT-1m-2025-11-26.zip,OK,64286e7d38a6078c0d64b4acbfa1af7bbf4370bf741935f64a7855243342759d,64286e7d38a6078c0d64b4acbfa1af7bbf4370bf741935f64a7855243342759d
perp_1m,2025-11-27,1440.0,OK,https://data.binance.vision/data/futures/um/daily/klines/BTCUSDT/1m/BTCUSDT-1m-2025-11-27.zip,OK,e7924f715942fb0f6dcab1dc9d2d91b66d2b690caea940c43ccdc73e427b0eca,e7924f715942fb0f6dcab1dc9d2d91b66d2b690caea940c43ccdc73e427b0eca
perp_1m,2025-11-28,1440.0,OK,https://data.binance.vision/data/futures/um/daily/klines/BTCUSDT/1m/BTCUSDT-1m-2025-11-28.zip,OK,5a15487872875f99f357013f7f47b3c6bc23215d7d0b60f188aaa4053b916618,5a15487872875f99f357013f7f47b3c6bc23215d7d0b60f188aaa4053b916618
perp_1m,2025-11-29,1440.0,OK,https://data.binance.vision/data/futures/um/daily/klines/BTCUSDT/1m/BTCUSDT-1m-2025-11-29.zip,OK,e3923a466e9fa3df4ca41e32a34f7c1178681b36d0fc0bf1f6b26a2675d492b8,e3923a466e9fa3df4ca41e32a34f7c1178681b36d0fc0bf1f6b26a2675d492b8
perp_1m,2025-11-30,1440.0,OK,https://data.binance.vision/data/futures/um/daily/klines/BTCUSDT/1m/BTCUSDT-1m-2025-11-30.zip,OK,08ca6c599acc9e37ae86adbfa435f3ea4fe955c7cd0e6d74f7f6e3ee6beeceec,08ca6c599acc9e37ae86adbfa435f3ea4fe955c7cd0e6d74f7f6e3ee6beeceec
perp_1m,2025-12-01,1440.0,OK,https://data.binance.vision/data/futures/um/daily/klines/BTCUSDT/1m/BTCUSDT-1m-2025-12-01.zip,OK,f95e7a5d8057a50bb7f738a051edf1ab63185d500472220c6c8687debf8235c0,f95e7a5d8057a50bb7f738a051edf1ab63185d500472220c6c8687debf8235c0
perp_1m,2025-12-02,1440.0,OK,https://data.binance.vision/data/futures/um/daily/klines/BTCUSDT/1m/BTCUSDT-1m-2025-12-02.zip,OK,b8200028cdf609747914618b3fa077ba1da6733598e84df8f6d1fb4726fb87d0,b8200028cdf609747914618b3fa077ba1da6733598e84df8f6d1fb4726fb87d0
perp_1m,2025-12-03,1440.0,OK,https://data.binance.vision/data/futures/um/daily/klines/BTCUSDT/1m/BTCUSDT-1m-2025-12-03.zip,OK,57cd40b2236134f75b9da04c8d3559ee6ece8000348bfaee6f4a4e58bb6fdd54,57cd40b2236134f75b9da04c8d3559ee6ece8000348bfaee6f4a4e58bb6fdd54
perp_1m,2025-12-04,1440.0,OK,https://data.binance.vision/data/futures/um/daily/klines/BTCUSDT/1m/BTCUSDT-1m-2025-12-04.zip,OK,80dedb9f8272a0903729ab5facfbe794e6295ce16b1a5abb4a3ed2c52ab980bb,80dedb9f8272a0903729ab5facfbe794e6295ce16b1a5abb4a3ed2c52ab980bb
perp_1m,2025-12-05,1440.0,OK,https://data.binance.vision/data/futures/um/daily/klines/BTCUSDT/1m/BTCUSDT-1m-2025-12-05.zip,OK,ce0206ce4def86e8d137e95cb45b8914d9b9bdae73640d44868e1af7f11d068b,ce0206ce4def86e8d137e95cb45b8914d9b9bdae73640d44868e1af7f11d068b
perp_1m,2025-12-06,1440.0,OK,https://data.binance.vision/data/futures/um/daily/klines/BTCUSDT/1m/BTCUSDT-1m-2025-12-06.zip,OK,8bb515ea384ae262e92b1e067fa0c09479966c9526b96158b3fbf3365aaf2be5,8bb515ea384ae262e92b1e067fa0c09479966c9526b96158b3fbf3365aaf2be5
perp_1m,2025-12-07,1440.0,OK,https://data.binance.vision/data/futures/um/daily/klines/BTCUSDT/1m/BTCUSDT-1m-2025-12-07.zip,OK,1dd31865af7882cf4ec00054dfbd042f79bbdf7303bd9d57cee338fef86d500a,1dd31865af7882cf4ec00054dfbd042f79bbdf7303bd9d57cee338fef86d500a
perp_1m,2025-12-08,1440.0,OK,https://data.binance.vision/data/futures/um/daily/klines/BTCUSDT/1m/BTCUSDT-1m-2025-12-08.zip,OK,108f7ec2116853a2c1957369fe2778a0b344b2cf83111360006ab049d3e23155,108f7ec2116853a2c1957369fe2778a0b344b2cf83111360006ab049d3e23155
perp_1m,2025-12-09,1440.0,OK,https://data.binance.vision/data/futures/um/daily/klines/BTCUSDT/1m/BTCUSDT-1m-2025-12-09.zip,OK,2d0be9c5d877dfbe7a9e0f9b1e4ce04be87261a17f5e99b88957e5860a729d64,2d0be9c5d877dfbe7a9e0f9b1e4ce04be87261a17f5e99b88957e5860a729d64
perp_1m,2025-12-10,1440.0,OK,https://data.binance.vision/data/futures/um/daily/klines/BTCUSDT/1m/BTCUSDT-1m-2025-12-10.zip,OK,83bd1c06ebf76002528cc6366eba6830bb258b1d7a3cc55e8bf45ae6557ad914,83bd1c06ebf76002528cc6366eba6830bb258b1d7a3cc55e8bf45ae6557ad914
perp_1m,2025-12-11,1440.0,OK,https://data.binance.vision/data/futures/um/daily/klines/BTCUSDT/1m/BTCUSDT-1m-2025-12-11.zip,OK,989983e59c6e19118f7db93b9dd9534b5018ff9655ba02e9d6aa5a96b807a3cb,989983e59c6e19118f7db93b9dd9534b5018ff9655ba02e9d6aa5a96b807a3cb
perp_1m,2025-12-12,1440.0,OK,https://data.binance.vision/data/futures/um/daily/klines/BTCUSDT/1m/BTCUSDT-1m-2025-12-12.zip,OK,d644b4362edaee7af2a7c255a3e363314ae75d2ac731c3d4ac0b0c3fcbc3cab3,d644b4362edaee7af2a7c255a3e363314ae75d2ac731c3d4ac0b0c3fcbc3cab3
perp_1m,2025-12-13,1440.0,OK,https://data.binance.vision/data/futures/um/daily/klines/BTCUSDT/1m/BTCUSDT-1m-2025-12-13.zip,OK,1acc42b4899e35e0dc0f1954b88a97c1310b2c9427ba977db4be22d98a56e675,1acc42b4899e35e0dc0f1954b88a97c1310b2c9427ba977db4be22d98a56e675
perp_1m,2025-12-14,1440.0,OK,https://data.binance.vision/data/futures/um/daily/klines/BTCUSDT/1m/BTCUSDT-1m-2025-12-14.zip,OK,54a93c7686b652108379de010aae625a012d89efdb57a95218ea4f7218898379,54a93c7686b652108379de010aae625a012d89efdb57a95218ea4f7218898379
perp_1m,2025-12-15,1440.0,OK,https://data.binance.vision/data/futures/um/daily/klines/BTCUSDT/1m/BTCUSDT-1m-2025-12-15.zip,OK,5edbdbd332736a1eb21d08a43b8df15260464fb3da89e72ed81b63369b227891,5edbdbd332736a1eb21d08a43b8df15260464fb3da89e72ed81b63369b227891
perp_1m,2025-12-16,1440.0,OK,https://data.binance.vision/data/futures/um/daily/klines/BTCUSDT/1m/BTCUSDT-1m-2025-12-16.zip,OK,782a733969c4ceb772f216b20c9cbdec417332f21c0861fae2833c4b4eb57d74,782a733969c4ceb772f216b20c9cbdec417332f21c0861fae2833c4b4eb57d74
perp_1m,2025-12-17,1440.0,OK,https://data.binance.vision/data/futures/um/daily/klines/BTCUSDT/1m/BTCUSDT-1m-2025-12-17.zip,OK,0356a5c2eb1a8b0019c7731aabe187aff49c5409e23ea1b85604da6e8d5bec36,0356a5c2eb1a8b0019c7731aabe187aff49c5409e23ea1b85604da6e8d5bec36
perp_1m,2025-12-18,1440.0,OK,https://data.binance.vision/data/futures/um/daily/klines/BTCUSDT/1m/BTCUSDT-1m-2025-12-18.zip,OK,aa28fc755e975fc302101cc8ac18eaa6ebec430664f7b53a46e65a6253eb3694,aa28fc755e975fc302101cc8ac18eaa6ebec430664f7b53a46e65a6253eb3694
perp_1m,2025-12-19,1440.0,OK,https://data.binance.vision/data/futures/um/daily/klines/BTCUSDT/1m/BTCUSDT-1m-2025-12-19.zip,OK,a969c7a23202cf0f576c8f24e9cf1eac06f3a604f31f7ccd1246a72d5f457616,a969c7a23202cf0f576c8f24e9cf1eac06f3a604f31f7ccd1246a72d5f457616
perp_1m,2025-12-20,1440.0,OK,https://data.binance.vision/data/futures/um/daily/klines/BTCUSDT/1m/BTCUSDT-1m-2025-12-20.zip,OK,8357685409edebaa91c1aa18ed92143e4889408b75279b3b6e140708a8f7fcb1,8357685409edebaa91c1aa18ed92143e4889408b75279b3b6e140708a8f7fcb1
perp_1m,2025-12-21,1440.0,OK,https://data.binance.vision/data/futures/um/daily/klines/BTCUSDT/1m/BTCUSDT-1m-2025-12-21.zip,OK,bbdee091f46e892d06ae150b171ce027323146f79d1dc44000579f847b4b4441,bbdee091f46e892d06ae150b171ce027323146f79d1dc44000579f847b4b4441
perp_1m,2025-12-22,1440.0,OK,https://data.binance.vision/data/futures/um/daily/klines/BTCUSDT/1m/BTCUSDT-1m-2025-12-22.zip,OK,84968047993fd8eefc9dff7776e38f82aae308be2ec9335b629fa109004ff1d6,84968047993fd8eefc9dff7776e38f82aae308be2ec9335b629fa109004ff1d6
perp_1m,2025-12-23,1440.0,OK,https://data.binance.vision/data/futures/um/daily/klines/BTCUSDT/1m/BTCUSDT-1m-2025-12-23.zip,OK,0329b8d5264676f336dd30076313c834fec887840e63248e93bdbc98b43d4b14,0329b8d5264676f336dd30076313c834fec887840e63248e93bdbc98b43d4b14
perp_1m,2025-12-24,1440.0,OK,https://data.binance.vision/data/futures/um/daily/klines/BTCUSDT/1m/BTCUSDT-1m-2025-12-24.zip,OK,7456291138b93ad34792d50007e7228c1c552ae78162e93c7b6b67e20a882c44,7456291138b93ad34792d50007e7228c1c552ae78162e93c7b6b67e20a882c44
perp_1m,2025-12-25,1440.0,OK,https://data.binance.vision/data/futures/um/daily/klines/BTCUSDT/1m/BTCUSDT-1m-2025-12-25.zip,OK,6144df7b9f6c779184af42cfaf718aa63d06af9604d124036413477fbebd0fc0,6144df7b9f6c779184af42cfaf718aa63d06af9604d124036413477fbebd0fc0
perp_1m,2025-12-26,1440.0,OK,https://data.binance.vision/data/futures/um/daily/klines/BTCUSDT/1m/BTCUSDT-1m-2025-12-26.zip,OK,35d54ccd428c580d5f2b4a425db983d32e8923bb9d818581577fad9801a41c52,35d54ccd428c580d5f2b4a425db983d32e8923bb9d818581577fad9801a41c52
perp_1m,2025-12-27,1440.0,OK,https://data.binance.vision/data/futures/um/daily/klines/BTCUSDT/1m/BTCUSDT-1m-2025-12-27.zip,OK,961e16e52b5c944f25b1b5226399292ba25bdd668ce3d6e53158bc2e86f5944d,961e16e52b5c944f25b1b5226399292ba25bdd668ce3d6e53158bc2e86f5944d
perp_1m,2025-12-28,1440.0,OK,https://data.binance.vision/data/futures/um/daily/klines/BTCUSDT/1m/BTCUSDT-1m-2025-12-28.zip,OK,54c294fd2b429a345362744839fd19e42fc240cfa327e82fbf63c2f4711de02f,54c294fd2b429a345362744839fd19e42fc240cfa327e82fbf63c2f4711de02f
perp_1m,2025-12-29,1440.0,OK,https://data.binance.vision/data/futures/um/daily/klines/BTCUSDT/1m/BTCUSDT-1m-2025-12-29.zip,OK,6632a5607525ca5250655c8175884232c96a628e954b7bfcf2cbbb2427912e5c,6632a5607525ca5250655c8175884232c96a628e954b7bfcf2cbbb2427912e5c
perp_1m,2025-12-30,1440.0,OK,https://data.binance.vision/data/futures/um/daily/klines/BTCUSDT/1m/BTCUSDT-1m-2025-12-30.zip,OK,011b03135e542bf759457514915daee007f41165502ccd7f8c413fd332c7cec1,011b03135e542bf759457514915daee007f41165502ccd7f8c413fd332c7cec1
perp_1m,2025-12-31,1440.0,OK,https://data.binance.vision/data/futures/um/daily/klines/BTCUSDT/1m/BTCUSDT-1m-2025-12-31.zip,OK,d03b00930cd8ec3c5f29a2bdaf9139911564214df1ba1f7414210922020dbaae,d03b00930cd8ec3c5f29a2bdaf9139911564214df1ba1f7414210922020dbaae
perp_1m,2026-01-01,1440.0,OK,https://data.binance.vision/data/futures/um/daily/klines/BTCUSDT/1m/BTCUSDT-1m-2026-01-01.zip,OK,06ede0a37e821cd3eafbfc64d7d75d67e2b2b71221f81e2842297127f4bec3ab,06ede0a37e821cd3eafbfc64d7d75d67e2b2b71221f81e2842297127f4bec3ab
perp_1m,2026-01-02,1440.0,OK,https://data.binance.vision/data/futures/um/daily/klines/BTCUSDT/1m/BTCUSDT-1m-2026-01-02.zip,OK,d394f4156b37a8cebb1f35c1e0dfba1e41dbbe665c08d83bd1698490b1ecd2de,d394f4156b37a8cebb1f35c1e0dfba1e41dbbe665c08d83bd1698490b1ecd2de
perp_1m,2026-01-03,1440.0,OK,https://data.binance.vision/data/futures/um/daily/klines/BTCUSDT/1m/BTCUSDT-1m-2026-01-03.zip,OK,c130afa0adccc223aca9a1228418e9961cfa40e01f66bf56c927800a9876b42e,c130afa0adccc223aca9a1228418e9961cfa40e01f66bf56c927800a9876b42e
perp_1m,2026-01-04,1440.0,OK,https://data.binance.vision/data/futures/um/daily/klines/BTCUSDT/1m/BTCUSDT-1m-2026-01-04.zip,OK,2a4fae6ac0def545e3ec205638e4c5319b5336f3abc4b95c7ae1e3873259f3e7,2a4fae6ac0def545e3ec205638e4c5319b5336f3abc4b95c7ae1e3873259f3e7
perp_1m,2026-01-05,1440.0,OK,https://data.binance.vision/data/futures/um/daily/klines/BTCUSDT/1m/BTCUSDT-1m-2026-01-05.zip,OK,8d582dc94fa9ade99edc016fb0073333b0ef36a2f8321c631534d08226379a2b,8d582dc94fa9ade99edc016fb0073333b0ef36a2f8321c631534d08226379a2b
perp_1m,2026-01-06,1440.0,OK,https://data.binance.vision/data/futures/um/daily/klines/BTCUSDT/1m/BTCUSDT-1m-2026-01-06.zip,OK,58baf793579c9e6ba222a1dc8daa1096d28fc746bc6623a7686bc3bdc1325442,58baf793579c9e6ba222a1dc8daa1096d28fc746bc6623a7686bc3bdc1325442
perp_1m,2026-01-07,1440.0,OK,https://data.binance.vision/data/futures/um/daily/klines/BTCUSDT/1m/BTCUSDT-1m-2026-01-07.zip,OK,3f1c9d7a920e2cc2c18957413f5db397604ce9d70c05d6e3549e51e32a2bcd3b,3f1c9d7a920e2cc2c18957413f5db397604ce9d70c05d6e3549e51e32a2bcd3b
perp_1m,2026-01-08,1440.0,OK,https://data.binance.vision/data/futures/um/daily/klines/BTCUSDT/1m/BTCUSDT-1m-2026-01-08.zip,OK,1e8c2adbf9e34055d38cb74fa988e3c691d2734dd8176a068efa047d00ed0464,1e8c2adbf9e34055d38cb74fa988e3c691d2734dd8176a068efa047d00ed0464
perp_1m,2026-01-09,1440.0,OK,https://data.binance.vision/data/futures/um/daily/klines/BTCUSDT/1m/BTCUSDT-1m-2026-01-09.zip,OK,25eb77361f560ccf095900bddf6ab3d46a39c58e73d0b899bf7f6f7f814d1374,25eb77361f560ccf095900bddf6ab3d46a39c58e73d0b899bf7f6f7f814d1374
perp_1m,2026-01-10,1440.0,OK,https://data.binance.vision/data/futures/um/daily/klines/BTCUSDT/1m/BTCUSDT-1m-2026-01-10.zip,OK,6e98db36c88e62b90abce00486ccc40efd33a47c166d42ae0d4bf4d3a39b2b06,6e98db36c88e62b90abce00486ccc40efd33a47c166d42ae0d4bf4d3a39b2b06
perp_1m,2026-01-11,1440.0,OK,https://data.binance.vision/data/futures/um/daily/klines/BTCUSDT/1m/BTCUSDT-1m-2026-01-11.zip,OK,61ab17b636f26a9bb30261c435cfcb5df6de960a147477cb4728e643fe5e8ffd,61ab17b636f26a9bb30261c435cfcb5df6de960a147477cb4728e643fe5e8ffd
perp_1m,2026-01-12,1440.0,OK,https://data.binance.vision/data/futures/um/daily/klines/BTCUSDT/1m/BTCUSDT-1m-2026-01-12.zip,OK,bbd81f7bf2fb2dd9474a7702d68744f75e7f71739fa5b0eb6675285849643dc6,bbd81f7bf2fb2dd9474a7702d68744f75e7f71739fa5b0eb6675285849643dc6
perp_1m,2026-01-13,1440.0,OK,https://data.binance.vision/data/futures/um/daily/klines/BTCUSDT/1m/BTCUSDT-1m-2026-01-13.zip,OK,d60aa4b2c48a2347166054bfacc1a53d76d20c3c70fe13eb5850310710fd5eb3,d60aa4b2c48a2347166054bfacc1a53d76d20c3c70fe13eb5850310710fd5eb3
perp_1m,2026-01-14,1440.0,OK,https://data.binance.vision/data/futures/um/daily/klines/BTCUSDT/1m/BTCUSDT-1m-2026-01-14.zip,OK,3caf12623a14838a91951a63d29ec84f1de21e658ffa4c51c350f0e8ac757e6d,3caf12623a14838a91951a63d29ec84f1de21e658ffa4c51c350f0e8ac757e6d
perp_1m,2026-01-15,1440.0,OK,https://data.binance.vision/data/futures/um/daily/klines/BTCUSDT/1m/BTCUSDT-1m-2026-01-15.zip,OK,06952068ff796dc99e437fe9326923521684bcba40ab06a84d7c82e35ee833fc,06952068ff796dc99e437fe9326923521684bcba40ab06a84d7c82e35ee833fc
perp_1m,2026-01-16,1440.0,OK,https://data.binance.vision/data/futures/um/daily/klines/BTCUSDT/1m/BTCUSDT-1m-2026-01-16.zip,OK,ee77a340dd5d95b5d526cf4a67a7488f764211c23bd10db698cd5f8d00e46d8b,ee77a340dd5d95b5d526cf4a67a7488f764211c23bd10db698cd5f8d00e46d8b
perp_1m,2026-01-17,1440.0,OK,https://data.binance.vision/data/futures/um/daily/klines/BTCUSDT/1m/BTCUSDT-1m-2026-01-17.zip,OK,1576281f33aa2a6903b27c9ab2b3ba516186d853570838b119bc1e3059ea1e35,1576281f33aa2a6903b27c9ab2b3ba516186d853570838b119bc1e3059ea1e35
perp_1m,2026-01-18,1440.0,OK,https://data.binance.vision/data/futures/um/daily/klines/BTCUSDT/1m/BTCUSDT-1m-2026-01-18.zip,OK,5b93114484817d44bfc86db99752eb3e60f7805e8970ec62af86e53b569b1b09,5b93114484817d44bfc86db99752eb3e60f7805e8970ec62af86e53b569b1b09
perp_1m,2026-01-19,1440.0,OK,https://data.binance.vision/data/futures/um/daily/klines/BTCUSDT/1m/BTCUSDT-1m-2026-01-19.zip,OK,c2e7d78aa0e2e9eec43acf0de55028ac275301d27ae82790a094be80204bc789,c2e7d78aa0e2e9eec43acf0de55028ac275301d27ae82790a094be80204bc789
perp_1m,2026-01-20,1440.0,OK,https://data.binance.vision/data/futures/um/daily/klines/BTCUSDT/1m/BTCUSDT-1m-2026-01-20.zip,OK,4a0dfb0851c773d4a9e73fc47e55e46355b55bfad19ee43a5454bb3ad9428c55,4a0dfb0851c773d4a9e73fc47e55e46355b55bfad19ee43a5454bb3ad9428c55
perp_1m,2026-01-21,1440.0,OK,https://data.binance.vision/data/futures/um/daily/klines/BTCUSDT/1m/BTCUSDT-1m-2026-01-21.zip,OK,112cac3ae64f6be651ccdba1660efcff6128e425448b75322c15d1865d764e1f,112cac3ae64f6be651ccdba1660efcff6128e425448b75322c15d1865d764e1f
perp_1m,2026-01-22,1440.0,OK,https://data.binance.vision/data/futures/um/daily/klines/BTCUSDT/1m/BTCUSDT-1m-2026-01-22.zip,OK,ef92243f0fa401adf054093fdf38b026f81d72689dcd5cd579cece67e047f9b6,ef92243f0fa401adf054093fdf38b026f81d72689dcd5cd579cece67e047f9b6
perp_1m,2026-01-23,1440.0,OK,https://data.binance.vision/data/futures/um/daily/klines/BTCUSDT/1m/BTCUSDT-1m-2026-01-23.zip,OK,963f9bed9f3d8eacdb43ae0df57c6bd5a21e10f9bf879581a520cc998add0f0b,963f9bed9f3d8eacdb43ae0df57c6bd5a21e10f9bf879581a520cc998add0f0b
perp_1m,2026-01-24,1440.0,OK,https://data.binance.vision/data/futures/um/daily/klines/BTCUSDT/1m/BTCUSDT-1m-2026-01-24.zip,OK,6f20076c49ddc4887089513eb685238d7fcfa2503da1c1278c702791cc08b33b,6f20076c49ddc4887089513eb685238d7fcfa2503da1c1278c702791cc08b33b
perp_1m,2026-01-25,1440.0,OK,https://data.binance.vision/data/futures/um/daily/klines/BTCUSDT/1m/BTCUSDT-1m-2026-01-25.zip,OK,c89d02f0ea45a471e99a27bcb25ce571e536ceb2fe33627916063f3c46e5a590,c89d02f0ea45a471e99a27bcb25ce571e536ceb2fe33627916063f3c46e5a590
perp_1m,2026-01-26,1440.0,OK,https://data.binance.vision/data/futures/um/daily/klines/BTCUSDT/1m/BTCUSDT-1m-2026-01-26.zip,OK,4b775159000402c7e984cc73d68bf2c4e561466353a110d29e0bb80b11c26b30,4b775159000402c7e984cc73d68bf2c4e561466353a110d29e0bb80b11c26b30
perp_1m,2026-01-27,1440.0,OK,https://data.binance.vision/data/futures/um/daily/klines/BTCUSDT/1m/BTCUSDT-1m-2026-01-27.zip,OK,b316a3e67c53be67e3936160aaf3ca92be9698e400f9cc6a18b8f8b9aa2616e4,b316a3e67c53be67e3936160aaf3ca92be9698e400f9cc6a18b8f8b9aa2616e4
perp_1m,2026-01-28,1440.0,OK,https://data.binance.vision/data/futures/um/daily/klines/BTCUSDT/1m/BTCUSDT-1m-2026-01-28.zip,OK,633c0b5443ca350274368277b976be8087ceb21076a46a157750a0b5f5eb73d1,633c0b5443ca350274368277b976be8087ceb21076a46a157750a0b5f5eb73d1
perp_1m,2026-01-29,1440.0,OK,https://data.binance.vision/data/futures/um/daily/klines/BTCUSDT/1m/BTCUSDT-1m-2026-01-29.zip,OK,2c1b8fb798c278a7e995a6bbe9a9dc6cc38e19f076ab1f4eeb2f48142a3b2862,2c1b8fb798c278a7e995a6bbe9a9dc6cc38e19f076ab1f4eeb2f48142a3b2862
perp_1m,2026-01-30,1440.0,OK,https://data.binance.vision/data/futures/um/daily/klines/BTCUSDT/1m/BTCUSDT-1m-2026-01-30.zip,OK,4cef462d2fefaa88406ebeba3f257219b64c7cf523531b46f47aa5d73d9c6b82,4cef462d2fefaa88406ebeba3f257219b64c7cf523531b46f47aa5d73d9c6b82
perp_1m,2026-01-31,1440.0,OK,https://data.binance.vision/data/futures/um/daily/klines/BTCUSDT/1m/BTCUSDT-1m-2026-01-31.zip,OK,e3cd2b9567a1613bd9e82f7204b0d343850ab95f654fcafc117219265fdb45f1,e3cd2b9567a1613bd9e82f7204b0d343850ab95f654fcafc117219265fdb45f1
perp_1m,2026-02-01,1440.0,OK,https://data.binance.vision/data/futures/um/daily/klines/BTCUSDT/1m/BTCUSDT-1m-2026-02-01.zip,OK,134e532eb52b93ed5cf56bd24b842b6c86c7a5d4f73d29d8969d587474cb4730,134e532eb52b93ed5cf56bd24b842b6c86c7a5d4f73d29d8969d587474cb4730
perp_1m,2026-02-02,1440.0,OK,https://data.binance.vision/data/futures/um/daily/klines/BTCUSDT/1m/BTCUSDT-1m-2026-02-02.zip,OK,319e9542bb6ab426d326a3ec3586ebbb506a7313f22c3880c15c1ac19ba36b30,319e9542bb6ab426d326a3ec3586ebbb506a7313f22c3880c15c1ac19ba36b30
perp_1m,2026-02-03,1440.0,OK,https://data.binance.vision/data/futures/um/daily/klines/BTCUSDT/1m/BTCUSDT-1m-2026-02-03.zip,OK,bf820b7df6dc29ee0b5457775db26a4088a34dea6584c9b9af71f8c0498a9bf8,bf820b7df6dc29ee0b5457775db26a4088a34dea6584c9b9af71f8c0498a9bf8
perp_1m,2026-02-04,1440.0,OK,https://data.binance.vision/data/futures/um/daily/klines/BTCUSDT/1m/BTCUSDT-1m-2026-02-04.zip,OK,c6c768c3b4047ec4a2ae1a0d049bf13d56b8859f380b75b2f19ec8feba46ca47,c6c768c3b4047ec4a2ae1a0d049bf13d56b8859f380b75b2f19ec8feba46ca47
perp_1m,2026-02-05,1440.0,OK,https://data.binance.vision/data/futures/um/daily/klines/BTCUSDT/1m/BTCUSDT-1m-2026-02-05.zip,OK,677e78e77946067248eb41c1718560411b153e18096ed31b55f4dc8f5d05b178,677e78e77946067248eb41c1718560411b153e18096ed31b55f4dc8f5d05b178
perp_1m,2026-02-06,1440.0,OK,https://data.binance.vision/data/futures/um/daily/klines/BTCUSDT/1m/BTCUSDT-1m-2026-02-06.zip,OK,2dcea5ff0df19c46bb0fe3fa8938ff14e3f8c366c163cb806ffdcfcc2e1597e6,2dcea5ff0df19c46bb0fe3fa8938ff14e3f8c366c163cb806ffdcfcc2e1597e6
perp_1m,2026-02-07,1440.0,OK,https://data.binance.vision/data/futures/um/daily/klines/BTCUSDT/1m/BTCUSDT-1m-2026-02-07.zip,OK,1fac08c0659ea23c13b1a7f19bdb4199227ee7c373e7ac9dd9bc9d08786efda2,1fac08c0659ea23c13b1a7f19bdb4199227ee7c373e7ac9dd9bc9d08786efda2
perp_1m,2026-02-08,1440.0,OK,https://data.binance.vision/data/futures/um/daily/klines/BTCUSDT/1m/BTCUSDT-1m-2026-02-08.zip,OK,239f525b354e2485bcf3365e80a7b6bdce2cb7266c34b767c2e723327f456f67,239f525b354e2485bcf3365e80a7b6bdce2cb7266c34b767c2e723327f456f67
perp_1m,2026-02-09,1440.0,OK,https://data.binance.vision/data/futures/um/daily/klines/BTCUSDT/1m/BTCUSDT-1m-2026-02-09.zip,OK,53badb5bf117109ef550289dd28916e6a2dba844632e9ce0ff6af603111501f1,53badb5bf117109ef550289dd28916e6a2dba844632e9ce0ff6af603111501f1
perp_1m,2026-02-10,1440.0,OK,https://data.binance.vision/data/futures/um/daily/klines/BTCUSDT/1m/BTCUSDT-1m-2026-02-10.zip,OK,264ce3b4a2e132aff85471a8e43fe72d3bab087c2cae19b085f953c753fcab42,264ce3b4a2e132aff85471a8e43fe72d3bab087c2cae19b085f953c753fcab42
perp_1m,2026-02-11,1440.0,OK,https://data.binance.vision/data/futures/um/daily/klines/BTCUSDT/1m/BTCUSDT-1m-2026-02-11.zip,OK,bda12c0e180b22f19375906d9e5cecc8fb8913b393984e8ed18f2a8a9a2c2dae,bda12c0e180b22f19375906d9e5cecc8fb8913b393984e8ed18f2a8a9a2c2dae
perp_1m,2026-02-12,1440.0,OK,https://data.binance.vision/data/futures/um/daily/klines/BTCUSDT/1m/BTCUSDT-1m-2026-02-12.zip,OK,c7dedc1d167cb8399a0d9fed4a117d48addd9b53b39384eacca560fdf26df261,c7dedc1d167cb8399a0d9fed4a117d48addd9b53b39384eacca560fdf26df261
perp_1m,2026-02-13,1440.0,OK,https://data.binance.vision/data/futures/um/daily/klines/BTCUSDT/1m/BTCUSDT-1m-2026-02-13.zip,OK,097cd98a00e3b69a45f49f4af7519db9156d236b52c7523cebada71311efd6c7,097cd98a00e3b69a45f49f4af7519db9156d236b52c7523cebada71311efd6c7
perp_1m,2026-02-14,1440.0,OK,https://data.binance.vision/data/futures/um/daily/klines/BTCUSDT/1m/BTCUSDT-1m-2026-02-14.zip,OK,8d070625fd52ef877a1b162d72207121aafcddaf5dfbc7bbdacd9d8ca0867a0d,8d070625fd52ef877a1b162d72207121aafcddaf5dfbc7bbdacd9d8ca0867a0d
perp_1m,2026-02-15,1440.0,OK,https://data.binance.vision/data/futures/um/daily/klines/BTCUSDT/1m/BTCUSDT-1m-2026-02-15.zip,OK,f1f52c027d75458642d26ab2f687f411541ce3a91f3f868a13a1ff5a838e3e87,f1f52c027d75458642d26ab2f687f411541ce3a91f3f868a13a1ff5a838e3e87
perp_1m,2026-02-16,1440.0,OK,https://data.binance.vision/data/futures/um/daily/klines/BTCUSDT/1m/BTCUSDT-1m-2026-02-16.zip,OK,ddea25eaf118a23a5da954ed6b5f493068e70a42e03c1768a7cecf1075623bb3,ddea25eaf118a23a5da954ed6b5f493068e70a42e03c1768a7cecf1075623bb3
perp_1m,2026-02-17,1440.0,OK,https://data.binance.vision/data/futures/um/daily/klines/BTCUSDT/1m/BTCUSDT-1m-2026-02-17.zip,OK,55efb2b3ee4d3db1f7904a2b769b40ec2b305109b704022453215fc189b7bcc4,55efb2b3ee4d3db1f7904a2b769b40ec2b305109b704022453215fc189b7bcc4
perp_1m,2026-02-18,1440.0,OK,https://data.binance.vision/data/futures/um/daily/klines/BTCUSDT/1m/BTCUSDT-1m-2026-02-18.zip,OK,56d68ea3aadaac21b76f83afab7ce7a4ed5d3fcac965342df07005ed77d95037,56d68ea3aadaac21b76f83afab7ce7a4ed5d3fcac965342df07005ed77d95037
perp_1m,2026-02-19,1440.0,OK,https://data.binance.vision/data/futures/um/daily/klines/BTCUSDT/1m/BTCUSDT-1m-2026-02-19.zip,OK,b2b3d0ae380095a67d71f0f73d0ee36c302be0276473256f6b8cd5b13207028f,b2b3d0ae380095a67d71f0f73d0ee36c302be0276473256f6b8cd5b13207028f
perp_1m,2026-02-20,1440.0,OK,https://data.binance.vision/data/futures/um/daily/klines/BTCUSDT/1m/BTCUSDT-1m-2026-02-20.zip,OK,1d2eaa71759a96ffe2822200d3b7085bec987d6123bd4d03eca1880b728bba96,1d2eaa71759a96ffe2822200d3b7085bec987d6123bd4d03eca1880b728bba96
perp_1m,2026-02-21,1440.0,OK,https://data.binance.vision/data/futures/um/daily/klines/BTCUSDT/1m/BTCUSDT-1m-2026-02-21.zip,OK,2f5ce03e6d82a7ea73f5e187a4073065707cfa514d4fa0d2d71893ceb47fca7d,2f5ce03e6d82a7ea73f5e187a4073065707cfa514d4fa0d2d71893ceb47fca7d
perp_1m,2026-02-22,1440.0,OK,https://data.binance.vision/data/futures/um/daily/klines/BTCUSDT/1m/BTCUSDT-1m-2026-02-22.zip,OK,7db30ebf6dae139bec05633644bb3015603956a8f6757b360b9c804a1cce0de6,7db30ebf6dae139bec05633644bb3015603956a8f6757b360b9c804a1cce0de6
perp_1m,2026-02-23,1440.0,OK,https://data.binance.vision/data/futures/um/daily/klines/BTCUSDT/1m/BTCUSDT-1m-2026-02-23.zip,OK,1c8420ff8502f92fbcfeb635253a35658a5e56b5083eb1de82843466e4fb9e5e,1c8420ff8502f92fbcfeb635253a35658a5e56b5083eb1de82843466e4fb9e5e
perp_1m,2026-02-24,1440.0,OK,https://data.binance.vision/data/futures/um/daily/klines/BTCUSDT/1m/BTCUSDT-1m-2026-02-24.zip,OK,8d9cc303606c689e665850bceec6b06db6271880c166c4dc1c5c167c3a4be60b,8d9cc303606c689e665850bceec6b06db6271880c166c4dc1c5c167c3a4be60b
perp_1m,2026-02-25,1440.0,OK,https://data.binance.vision/data/futures/um/daily/klines/BTCUSDT/1m/BTCUSDT-1m-2026-02-25.zip,OK,51ad0996c3091939e037b846fecb25f2ad39c9dfb26d3665643d1f47a94ba6f9,51ad0996c3091939e037b846fecb25f2ad39c9dfb26d3665643d1f47a94ba6f9
perp_1m,2026-02-26,1440.0,OK,https://data.binance.vision/data/futures/um/daily/klines/BTCUSDT/1m/BTCUSDT-1m-2026-02-26.zip,OK,65bcef874cce21fd41d471566bd776ee0c017c4ff134e166e1a3d930e206386c,65bcef874cce21fd41d471566bd776ee0c017c4ff134e166e1a3d930e206386c
perp_1m,2026-02-27,1440.0,OK,https://data.binance.vision/data/futures/um/daily/klines/BTCUSDT/1m/BTCUSDT-1m-2026-02-27.zip,OK,f48b01bf1447510f9615d03f54806883d470b8a394ca498ec46d46f44516f21c,f48b01bf1447510f9615d03f54806883d470b8a394ca498ec46d46f44516f21c
perp_1m,2026-02-28,1440.0,OK,https://data.binance.vision/data/futures/um/daily/klines/BTCUSDT/1m/BTCUSDT-1m-2026-02-28.zip,OK,65449525d0ecb840019e295e695175ed8e90bfbbb18065d01f3975e759cb4c49,65449525d0ecb840019e295e695175ed8e90bfbbb18065d01f3975e759cb4c49
perp_1m,2026-03-01,1440.0,OK,https://data.binance.vision/data/futures/um/daily/klines/BTCUSDT/1m/BTCUSDT-1m-2026-03-01.zip,OK,1a151052a0b4a8643beff5fafcd54119ccb13c3d60a8e395985247cc4e72e2b3,1a151052a0b4a8643beff5fafcd54119ccb13c3d60a8e395985247cc4e72e2b3
perp_1m,2026-03-02,1440.0,OK,https://data.binance.vision/data/futures/um/daily/klines/BTCUSDT/1m/BTCUSDT-1m-2026-03-02.zip,OK,377ae5f73efd359bb0d94b5487fa77ff45fc41aacbe2e1e5a522034beac802cb,377ae5f73efd359bb0d94b5487fa77ff45fc41aacbe2e1e5a522034beac802cb
perp_1m,2026-03-03,1440.0,OK,https://data.binance.vision/data/futures/um/daily/klines/BTCUSDT/1m/BTCUSDT-1m-2026-03-03.zip,OK,ea8f57fbbd260754689727685ffd51c95af021b111e049211bd4cfd1463dcc66,ea8f57fbbd260754689727685ffd51c95af021b111e049211bd4cfd1463dcc66
perp_1m,2026-03-04,1440.0,OK,https://data.binance.vision/data/futures/um/daily/klines/BTCUSDT/1m/BTCUSDT-1m-2026-03-04.zip,OK,622151b4c1282a3b302824c44c71921bc8002612af89ab3f5071a44074dd93cc,622151b4c1282a3b302824c44c71921bc8002612af89ab3f5071a44074dd93cc
perp_1m,2026-03-05,1440.0,OK,https://data.binance.vision/data/futures/um/daily/klines/BTCUSDT/1m/BTCUSDT-1m-2026-03-05.zip,OK,9d7c5332ad887af4f7f7c2277ac4f872996ef712df77bb07dc29393a31ab96a6,9d7c5332ad887af4f7f7c2277ac4f872996ef712df77bb07dc29393a31ab96a6
perp_1m,2026-03-06,1440.0,OK,https://data.binance.vision/data/futures/um/daily/klines/BTCUSDT/1m/BTCUSDT-1m-2026-03-06.zip,OK,ad7050bd7f2a96d96a92b99667bd9e156446afe9b5da12c6082cfb11af666a8b,ad7050bd7f2a96d96a92b99667bd9e156446afe9b5da12c6082cfb11af666a8b
perp_1m,2026-03-07,1440.0,OK,https://data.binance.vision/data/futures/um/daily/klines/BTCUSDT/1m/BTCUSDT-1m-2026-03-07.zip,OK,a30c5166572dd057417e6fc12b54f3d6e9d4e292bf46777f8ca7e29c18f119b7,a30c5166572dd057417e6fc12b54f3d6e9d4e292bf46777f8ca7e29c18f119b7
perp_1m,2026-03-08,1440.0,OK,https://data.binance.vision/data/futures/um/daily/klines/BTCUSDT/1m/BTCUSDT-1m-2026-03-08.zip,OK,f294abecb8637494c9b03babd35e88cd1a983fe5598fe64aa98c8c74567d5f5a,f294abecb8637494c9b03babd35e88cd1a983fe5598fe64aa98c8c74567d5f5a
perp_1m,2026-03-09,1440.0,OK,https://data.binance.vision/data/futures/um/daily/klines/BTCUSDT/1m/BTCUSDT-1m-2026-03-09.zip,OK,a119bc1f16b9111161e6a2b0e00cbd024923477b31ec06c63c74505e14b78b7d,a119bc1f16b9111161e6a2b0e00cbd024923477b31ec06c63c74505e14b78b7d
perp_1m,2026-03-10,1440.0,OK,https://data.binance.vision/data/futures/um/daily/klines/BTCUSDT/1m/BTCUSDT-1m-2026-03-10.zip,OK,eed2b6db7c9fddf6b28c2b099d64a67c75ab28751aff6ab0b2955128af0ab02d,eed2b6db7c9fddf6b28c2b099d64a67c75ab28751aff6ab0b2955128af0ab02d
perp_1m,2026-03-11,1440.0,OK,https://data.binance.vision/data/futures/um/daily/klines/BTCUSDT/1m/BTCUSDT-1m-2026-03-11.zip,OK,b4212735c74398a729126480f2895ce8733e92c58e8e2ba1d7b60b2b8cd61562,b4212735c74398a729126480f2895ce8733e92c58e8e2ba1d7b60b2b8cd61562
perp_1m,2026-03-12,1440.0,OK,https://data.binance.vision/data/futures/um/daily/klines/BTCUSDT/1m/BTCUSDT-1m-2026-03-12.zip,OK,fa41d2b6b83025cb5793090c8464885a9f2bd64660bdd1f9a64a3af1db5d4f02,fa41d2b6b83025cb5793090c8464885a9f2bd64660bdd1f9a64a3af1db5d4f02
perp_1m,2026-03-13,1440.0,OK,https://data.binance.vision/data/futures/um/daily/klines/BTCUSDT/1m/BTCUSDT-1m-2026-03-13.zip,OK,47867cccd4cfe70ad42c672c0e3e4ff2c1c18beba3344b6fea6802d0917c126d,47867cccd4cfe70ad42c672c0e3e4ff2c1c18beba3344b6fea6802d0917c126d
perp_1m,2026-03-14,1440.0,OK,https://data.binance.vision/data/futures/um/daily/klines/BTCUSDT/1m/BTCUSDT-1m-2026-03-14.zip,OK,50c342ac5b6c9613c715d868c9f4a392565434310f637499a8c4de4e28eeb0f7,50c342ac5b6c9613c715d868c9f4a392565434310f637499a8c4de4e28eeb0f7
perp_1m,2026-03-15,1440.0,OK,https://data.binance.vision/data/futures/um/daily/klines/BTCUSDT/1m/BTCUSDT-1m-2026-03-15.zip,OK,87a82addcfc7d8ee2ee7731e4e2826d2ece83c9ca9f7de76b20643fbb883ab70,87a82addcfc7d8ee2ee7731e4e2826d2ece83c9ca9f7de76b20643fbb883ab70
perp_1m,2026-03-16,1440.0,OK,https://data.binance.vision/data/futures/um/daily/klines/BTCUSDT/1m/BTCUSDT-1m-2026-03-16.zip,OK,56c1fd4073a3354461f31a059ce837a613091fe41719e87af0e132ecbd63e64e,56c1fd4073a3354461f31a059ce837a613091fe41719e87af0e132ecbd63e64e
perp_1m,2026-03-17,1440.0,OK,https://data.binance.vision/data/futures/um/daily/klines/BTCUSDT/1m/BTCUSDT-1m-2026-03-17.zip,OK,7c0d12cf3ab6071afdcc9081e72170d05610f3b4e786af8a12744393ac8d8401,7c0d12cf3ab6071afdcc9081e72170d05610f3b4e786af8a12744393ac8d8401
perp_1m,2026-03-18,1440.0,OK,https://data.binance.vision/data/futures/um/daily/klines/BTCUSDT/1m/BTCUSDT-1m-2026-03-18.zip,OK,a76114b76f2f09fe470097739a50162b6ab5b5fdd677d718fccea792b6539d66,a76114b76f2f09fe470097739a50162b6ab5b5fdd677d718fccea792b6539d66
perp_1m,2026-03-19,1440.0,OK,https://data.binance.vision/data/futures/um/daily/klines/BTCUSDT/1m/BTCUSDT-1m-2026-03-19.zip,OK,ef476a0991f4a139824281c22e9d73a65442eac6058f50e0eb0a8213ef3fd871,ef476a0991f4a139824281c22e9d73a65442eac6058f50e0eb0a8213ef3fd871
perp_1m,2026-03-20,1440.0,OK,https://data.binance.vision/data/futures/um/daily/klines/BTCUSDT/1m/BTCUSDT-1m-2026-03-20.zip,OK,c9bffbea0d3213a6a901550706daf1869d4447803e3e4ee33f85c88f756f5a14,c9bffbea0d3213a6a901550706daf1869d4447803e3e4ee33f85c88f756f5a14
perp_1m,2026-03-21,1440.0,OK,https://data.binance.vision/data/futures/um/daily/klines/BTCUSDT/1m/BTCUSDT-1m-2026-03-21.zip,OK,2ede550fe8443bee69800b67c7cb21ab54a10569a8b5a8b8b833745aef998f62,2ede550fe8443bee69800b67c7cb21ab54a10569a8b5a8b8b833745aef998f62
perp_1m,2026-03-22,1440.0,OK,https://data.binance.vision/data/futures/um/daily/klines/BTCUSDT/1m/BTCUSDT-1m-2026-03-22.zip,OK,b8533a432f10af02808937091657e6c77af40bc4c5f95691d7d38d3e386e44ad,b8533a432f10af02808937091657e6c77af40bc4c5f95691d7d38d3e386e44ad
perp_1m,2026-03-23,1440.0,OK,https://data.binance.vision/data/futures/um/daily/klines/BTCUSDT/1m/BTCUSDT-1m-2026-03-23.zip,OK,7150f3668e3f805c0666c7284c09b7bb14727c63391d845cfda6f1433621bc3c,7150f3668e3f805c0666c7284c09b7bb14727c63391d845cfda6f1433621bc3c
perp_1m,2026-03-24,1440.0,OK,https://data.binance.vision/data/futures/um/daily/klines/BTCUSDT/1m/BTCUSDT-1m-2026-03-24.zip,OK,5b8200755234a3373adbb402ffd7ae8358dd7a1bea9fc7ba4471e2e036e02530,5b8200755234a3373adbb402ffd7ae8358dd7a1bea9fc7ba4471e2e036e02530
perp_1m,2026-03-25,1440.0,OK,https://data.binance.vision/data/futures/um/daily/klines/BTCUSDT/1m/BTCUSDT-1m-2026-03-25.zip,OK,dfc516a9c9248396248b4cd1979d0d18bb3ec3c791e4865d1949de85b5ac813e,dfc516a9c9248396248b4cd1979d0d18bb3ec3c791e4865d1949de85b5ac813e
perp_1m,2026-03-26,1440.0,OK,https://data.binance.vision/data/futures/um/daily/klines/BTCUSDT/1m/BTCUSDT-1m-2026-03-26.zip,OK,6806e6793df45c47a10a3d8db1d7b7235352ca7bbcdaf39812fb9e515485cb5c,6806e6793df45c47a10a3d8db1d7b7235352ca7bbcdaf39812fb9e515485cb5c
perp_1m,2026-03-27,1440.0,OK,https://data.binance.vision/data/futures/um/daily/klines/BTCUSDT/1m/BTCUSDT-1m-2026-03-27.zip,OK,a7949c227a3eb4f60fef84adc20baa1183eba0f37ca62d9ee1ee829d652be504,a7949c227a3eb4f60fef84adc20baa1183eba0f37ca62d9ee1ee829d652be504
perp_1m,2026-03-28,1440.0,OK,https://data.binance.vision/data/futures/um/daily/klines/BTCUSDT/1m/BTCUSDT-1m-2026-03-28.zip,OK,0628086f8ef4fb15c500d92050dc505b819dced9a31c751d3cb3f51fd7b9a151,0628086f8ef4fb15c500d92050dc505b819dced9a31c751d3cb3f51fd7b9a151
perp_1m,2026-03-29,1440.0,OK,https://data.binance.vision/data/futures/um/daily/klines/BTCUSDT/1m/BTCUSDT-1m-2026-03-29.zip,OK,c872a9c2b3bb38e139a3ffff1c36a72b13541a8e1a6351c8331d7d7e276bc273,c872a9c2b3bb38e139a3ffff1c36a72b13541a8e1a6351c8331d7d7e276bc273
perp_1m,2026-03-30,1440.0,OK,https://data.binance.vision/data/futures/um/daily/klines/BTCUSDT/1m/BTCUSDT-1m-2026-03-30.zip,OK,2e606c483ce6a10c03f5fa0c158d0e73404c2edd548e64a5e6b44a385b66621a,2e606c483ce6a10c03f5fa0c158d0e73404c2edd548e64a5e6b44a385b66621a
perp_1m,2026-03-31,1440.0,OK,https://data.binance.vision/data/futures/um/daily/klines/BTCUSDT/1m/BTCUSDT-1m-2026-03-31.zip,OK,ac503d776bd58d3225155565c6b16653077908930241d268bc835a3072196b94,ac503d776bd58d3225155565c6b16653077908930241d268bc835a3072196b94
perp_1m,2026-04-01,1440.0,OK,https://data.binance.vision/data/futures/um/daily/klines/BTCUSDT/1m/BTCUSDT-1m-2026-04-01.zip,OK,6c77daed882a2fd5e2cba9d5c17c0b745fcf115d67abff49317439eebca40fa9,6c77daed882a2fd5e2cba9d5c17c0b745fcf115d67abff49317439eebca40fa9
perp_1m,2026-04-02,1440.0,OK,https://data.binance.vision/data/futures/um/daily/klines/BTCUSDT/1m/BTCUSDT-1m-2026-04-02.zip,OK,0d08cad1b50ca0ff7fe57e7dc73b2851eb4a2bbc0dcbf2fca052797bead38f76,0d08cad1b50ca0ff7fe57e7dc73b2851eb4a2bbc0dcbf2fca052797bead38f76
perp_1m,2026-04-03,1440.0,OK,https://data.binance.vision/data/futures/um/daily/klines/BTCUSDT/1m/BTCUSDT-1m-2026-04-03.zip,OK,3ea2635e2deaee79e8df6076475e29aaa3a6b354d9bc581fe19e231bcf477b48,3ea2635e2deaee79e8df6076475e29aaa3a6b354d9bc581fe19e231bcf477b48
perp_1m,2026-04-04,1440.0,OK,https://data.binance.vision/data/futures/um/daily/klines/BTCUSDT/1m/BTCUSDT-1m-2026-04-04.zip,OK,532b03de8d72c6b21cadb6f71f767a895808682140263fd3afa67f2420f6a582,532b03de8d72c6b21cadb6f71f767a895808682140263fd3afa67f2420f6a582
perp_1m,2026-04-05,1440.0,OK,https://data.binance.vision/data/futures/um/daily/klines/BTCUSDT/1m/BTCUSDT-1m-2026-04-05.zip,OK,5f85d59d25d7329c6596fd654054c47be2ec64f16e7b2dab6b2743f9ba15029e,5f85d59d25d7329c6596fd654054c47be2ec64f16e7b2dab6b2743f9ba15029e
perp_1m,2026-04-06,1440.0,OK,https://data.binance.vision/data/futures/um/daily/klines/BTCUSDT/1m/BTCUSDT-1m-2026-04-06.zip,OK,df651eca583dca86adc5557c3978869f9b61a9ef28237592de01161133945161,df651eca583dca86adc5557c3978869f9b61a9ef28237592de01161133945161
perp_1m,2026-04-07,1440.0,OK,https://data.binance.vision/data/futures/um/daily/klines/BTCUSDT/1m/BTCUSDT-1m-2026-04-07.zip,OK,5c2e0d437b8ebf8bd45144f5a4c489714d2ecf3b5ba8b533e77c24a137e51995,5c2e0d437b8ebf8bd45144f5a4c489714d2ecf3b5ba8b533e77c24a137e51995
perp_1m,2026-04-08,1440.0,OK,https://data.binance.vision/data/futures/um/daily/klines/BTCUSDT/1m/BTCUSDT-1m-2026-04-08.zip,OK,9c146781355f0bd67e568cb9e8ca836577abff642c57b315954aad9b273cd776,9c146781355f0bd67e568cb9e8ca836577abff642c57b315954aad9b273cd776
perp_1m,2026-04-09,1440.0,OK,https://data.binance.vision/data/futures/um/daily/klines/BTCUSDT/1m/BTCUSDT-1m-2026-04-09.zip,OK,dd68547bb727efe66646f333e9a0e8102ab62cf705df56377fdcaf66b167b796,dd68547bb727efe66646f333e9a0e8102ab62cf705df56377fdcaf66b167b796
perp_1m,2026-04-10,1440.0,OK,https://data.binance.vision/data/futures/um/daily/klines/BTCUSDT/1m/BTCUSDT-1m-2026-04-10.zip,OK,6bf998283693c0b3ccfeb89a41ef5b63be0633b35fb13ed3da45b04dd6d51cd6,6bf998283693c0b3ccfeb89a41ef5b63be0633b35fb13ed3da45b04dd6d51cd6
perp_1m,2026-04-11,1440.0,OK,https://data.binance.vision/data/futures/um/daily/klines/BTCUSDT/1m/BTCUSDT-1m-2026-04-11.zip,OK,c836e05a953e3670355395afb147736f65fd075c4face89ab121434458e19b32,c836e05a953e3670355395afb147736f65fd075c4face89ab121434458e19b32
perp_1m,2026-04-12,1440.0,OK,https://data.binance.vision/data/futures/um/daily/klines/BTCUSDT/1m/BTCUSDT-1m-2026-04-12.zip,OK,1940a7c13d83636dd23d60ca6eb24e861e56dcb1bba225071092bf02253eb3c4,1940a7c13d83636dd23d60ca6eb24e861e56dcb1bba225071092bf02253eb3c4
perp_1m,2026-04-13,1440.0,OK,https://data.binance.vision/data/futures/um/daily/klines/BTCUSDT/1m/BTCUSDT-1m-2026-04-13.zip,OK,0b72c68a2f4c5c26380958a9d4170bc6f8255ecaa5d2ac44232645504752ae8d,0b72c68a2f4c5c26380958a9d4170bc6f8255ecaa5d2ac44232645504752ae8d
perp_1m,2026-04-14,1440.0,OK,https://data.binance.vision/data/futures/um/daily/klines/BTCUSDT/1m/BTCUSDT-1m-2026-04-14.zip,OK,6f8a51b60ad1dba76400c25e52ac4867be19700ef6d8c94d2ccc95d8fa910a47,6f8a51b60ad1dba76400c25e52ac4867be19700ef6d8c94d2ccc95d8fa910a47
perp_1m,2026-04-15,1440.0,OK,https://data.binance.vision/data/futures/um/daily/klines/BTCUSDT/1m/BTCUSDT-1m-2026-04-15.zip,OK,6910cdad5e8189cd42cd272960a3f4df662af1fe709fd954615f1846a6edc337,6910cdad5e8189cd42cd272960a3f4df662af1fe709fd954615f1846a6edc337
perp_1m,2026-04-16,1440.0,OK,https://data.binance.vision/data/futures/um/daily/klines/BTCUSDT/1m/BTCUSDT-1m-2026-04-16.zip,OK,d4dcd0628970c340a180d99f064cd5441a05c592647eba844fe4dd1091ee8e69,d4dcd0628970c340a180d99f064cd5441a05c592647eba844fe4dd1091ee8e69
perp_1m,2026-04-17,1440.0,OK,https://data.binance.vision/data/futures/um/daily/klines/BTCUSDT/1m/BTCUSDT-1m-2026-04-17.zip,OK,7194f24ee5af0b1047b41b9832444013b46a781d558dcd866ab308c97aa5d1ab,7194f24ee5af0b1047b41b9832444013b46a781d558dcd866ab308c97aa5d1ab
perp_1m,2026-04-18,1440.0,OK,https://data.binance.vision/data/futures/um/daily/klines/BTCUSDT/1m/BTCUSDT-1m-2026-04-18.zip,OK,f45ab48d8f17599c0933220e3c3d9c866cecdd0fb7905c4ee4d4af0e993c6926,f45ab48d8f17599c0933220e3c3d9c866cecdd0fb7905c4ee4d4af0e993c6926
perp_1m,2026-04-19,1440.0,OK,https://data.binance.vision/data/futures/um/daily/klines/BTCUSDT/1m/BTCUSDT-1m-2026-04-19.zip,OK,c12de51b91aecba280eb7b11bfba5943cd056bb9d7bbf9ef9ebbcb42eb6b5300,c12de51b91aecba280eb7b11bfba5943cd056bb9d7bbf9ef9ebbcb42eb6b5300
perp_1m,2026-04-20,1440.0,OK,https://data.binance.vision/data/futures/um/daily/klines/BTCUSDT/1m/BTCUSDT-1m-2026-04-20.zip,OK,0fd22171a446bed22275e6fb7ad537c8f1a61b9e45a2369425a4ab8a93ef6a67,0fd22171a446bed22275e6fb7ad537c8f1a61b9e45a2369425a4ab8a93ef6a67
perp_1m,2026-04-21,1440.0,OK,https://data.binance.vision/data/futures/um/daily/klines/BTCUSDT/1m/BTCUSDT-1m-2026-04-21.zip,OK,4827b47f5988bf84163b809e9bd87557f33bdee6f883e388d56cf232ecbdfbfe,4827b47f5988bf84163b809e9bd87557f33bdee6f883e388d56cf232ecbdfbfe
perp_1m,2026-04-22,1440.0,OK,https://data.binance.vision/data/futures/um/daily/klines/BTCUSDT/1m/BTCUSDT-1m-2026-04-22.zip,OK,bd438416dc277fd024f6c2a213d11a150ecbdb5ab364f0cde47543098e5bf84f,bd438416dc277fd024f6c2a213d11a150ecbdb5ab364f0cde47543098e5bf84f
perp_1m,2026-04-23,1440.0,OK,https://data.binance.vision/data/futures/um/daily/klines/BTCUSDT/1m/BTCUSDT-1m-2026-04-23.zip,OK,8eaa86b63b09774f4faa29213481f9b3662a4627b2be4814ed72fcfe20a9bd98,8eaa86b63b09774f4faa29213481f9b3662a4627b2be4814ed72fcfe20a9bd98
perp_1m,2026-04-24,1440.0,OK,https://data.binance.vision/data/futures/um/daily/klines/BTCUSDT/1m/BTCUSDT-1m-2026-04-24.zip,OK,ae05ddd625e355c9455b8f322596f81f2a52e467764c72300407f16eabeb47f8,ae05ddd625e355c9455b8f322596f81f2a52e467764c72300407f16eabeb47f8
perp_1m,2026-04-25,1440.0,OK,https://data.binance.vision/data/futures/um/daily/klines/BTCUSDT/1m/BTCUSDT-1m-2026-04-25.zip,OK,0e8323607572fa26e0c8807d41b1967ffe2dc5dfda160a989650b4b1ef070062,0e8323607572fa26e0c8807d41b1967ffe2dc5dfda160a989650b4b1ef070062
perp_1m,2026-04-26,1440.0,OK,https://data.binance.vision/data/futures/um/daily/klines/BTCUSDT/1m/BTCUSDT-1m-2026-04-26.zip,OK,bec5321addfb0fe050e1ab862b8b4bdf2f37389e58e941beefa6b513a954fb5d,bec5321addfb0fe050e1ab862b8b4bdf2f37389e58e941beefa6b513a954fb5d
perp_1m,2026-04-27,1440.0,OK,https://data.binance.vision/data/futures/um/daily/klines/BTCUSDT/1m/BTCUSDT-1m-2026-04-27.zip,OK,b97fe7feda3e804ec830b4b3f8692f3734100f22223c142823d363af7b4d7f2e,b97fe7feda3e804ec830b4b3f8692f3734100f22223c142823d363af7b4d7f2e
perp_1m,2026-04-28,1440.0,OK,https://data.binance.vision/data/futures/um/daily/klines/BTCUSDT/1m/BTCUSDT-1m-2026-04-28.zip,OK,7c219f71b205f749fca6cc68417eb61a84b2e45de893186d3052ed07070d74d8,7c219f71b205f749fca6cc68417eb61a84b2e45de893186d3052ed07070d74d8
perp_1m,2026-04-29,1440.0,OK,https://data.binance.vision/data/futures/um/daily/klines/BTCUSDT/1m/BTCUSDT-1m-2026-04-29.zip,OK,94e33b6c1f7e4344b232799066dc89fb45b13cdee64098cf8b20d63961968d71,94e33b6c1f7e4344b232799066dc89fb45b13cdee64098cf8b20d63961968d71
perp_1m,2026-04-30,1440.0,OK,https://data.binance.vision/data/futures/um/daily/klines/BTCUSDT/1m/BTCUSDT-1m-2026-04-30.zip,OK,fefa9dd88a779929c28ffc3e4688ff5a2ed8a564590e9bdf175f90ae7fd6f470,fefa9dd88a779929c28ffc3e4688ff5a2ed8a564590e9bdf175f90ae7fd6f470
perp_1m,2026-05-01,1440.0,OK,https://data.binance.vision/data/futures/um/daily/klines/BTCUSDT/1m/BTCUSDT-1m-2026-05-01.zip,OK,c6be704ca350a1bcf42a4d6b75695fd4ad37b3bd0f599c3bd4bbc5891c8edd69,c6be704ca350a1bcf42a4d6b75695fd4ad37b3bd0f599c3bd4bbc5891c8edd69
perp_1m,2026-05-02,1440.0,OK,https://data.binance.vision/data/futures/um/daily/klines/BTCUSDT/1m/BTCUSDT-1m-2026-05-02.zip,OK,767b758defc23e3244120e0fb80064b626b331e7731b02876b05ba811378e171,767b758defc23e3244120e0fb80064b626b331e7731b02876b05ba811378e171
perp_1m,2026-05-03,1440.0,OK,https://data.binance.vision/data/futures/um/daily/klines/BTCUSDT/1m/BTCUSDT-1m-2026-05-03.zip,OK,04d1527e3899c0730d3d8e7dc2f5a2ec0b05931ae012bedbeb603c3cc3019441,04d1527e3899c0730d3d8e7dc2f5a2ec0b05931ae012bedbeb603c3cc3019441
perp_1m,2026-05-04,1440.0,OK,https://data.binance.vision/data/futures/um/daily/klines/BTCUSDT/1m/BTCUSDT-1m-2026-05-04.zip,OK,0ec0f28c37d7617b0f26d0f5252fd3ec7053e7b87c020d8e18c831b45dd71256,0ec0f28c37d7617b0f26d0f5252fd3ec7053e7b87c020d8e18c831b45dd71256
perp_1m,2026-05-05,1440.0,OK,https://data.binance.vision/data/futures/um/daily/klines/BTCUSDT/1m/BTCUSDT-1m-2026-05-05.zip,OK,16ff7537ea36cfd04011548bb46a3f7d86fd6a0824c28cc960a9e1742c643f53,16ff7537ea36cfd04011548bb46a3f7d86fd6a0824c28cc960a9e1742c643f53
perp_1m,2026-05-06,1440.0,OK,https://data.binance.vision/data/futures/um/daily/klines/BTCUSDT/1m/BTCUSDT-1m-2026-05-06.zip,OK,793a09d20c0654b1316def3a438ce7c280e3430e9ff0ba105f045a83ff0adba2,793a09d20c0654b1316def3a438ce7c280e3430e9ff0ba105f045a83ff0adba2
perp_1m,2026-05-07,1440.0,OK,https://data.binance.vision/data/futures/um/daily/klines/BTCUSDT/1m/BTCUSDT-1m-2026-05-07.zip,OK,3b2773ef39df3bf37bf4f5030e5acebf6fdc3def4b034f6a43cf62884b241e8d,3b2773ef39df3bf37bf4f5030e5acebf6fdc3def4b034f6a43cf62884b241e8d
perp_1m,2026-05-08,1440.0,OK,https://data.binance.vision/data/futures/um/daily/klines/BTCUSDT/1m/BTCUSDT-1m-2026-05-08.zip,OK,c141062dfc83175b5233d8a5434fcc2fd27940c5acab480a8a0ebd581be168b1,c141062dfc83175b5233d8a5434fcc2fd27940c5acab480a8a0ebd581be168b1
perp_1m,2026-05-09,1440.0,OK,https://data.binance.vision/data/futures/um/daily/klines/BTCUSDT/1m/BTCUSDT-1m-2026-05-09.zip,OK,d77b7ad3a735646499aa4b32d97617ea202b3622f71e7c7948b352d436faab25,d77b7ad3a735646499aa4b32d97617ea202b3622f71e7c7948b352d436faab25
perp_1m,2026-05-10,1440.0,OK,https://data.binance.vision/data/futures/um/daily/klines/BTCUSDT/1m/BTCUSDT-1m-2026-05-10.zip,OK,f7c14abbe4c1cf59a56d66331fa93e7245b22918ab9e3c27310829339a441789,f7c14abbe4c1cf59a56d66331fa93e7245b22918ab9e3c27310829339a441789
perp_1m,2026-05-11,1440.0,OK,https://data.binance.vision/data/futures/um/daily/klines/BTCUSDT/1m/BTCUSDT-1m-2026-05-11.zip,OK,8834d29280200686278d99d2a1f7220e58e06377259302d8e8902fd5c5b9bb18,8834d29280200686278d99d2a1f7220e58e06377259302d8e8902fd5c5b9bb18
perp_1m,2026-05-12,1440.0,OK,https://data.binance.vision/data/futures/um/daily/klines/BTCUSDT/1m/BTCUSDT-1m-2026-05-12.zip,OK,ae2f07e939f6f958ba09eb7c0c03854a5819fbccc8b2940b8867d26b1a877abe,ae2f07e939f6f958ba09eb7c0c03854a5819fbccc8b2940b8867d26b1a877abe
perp_1m,2026-05-13,1440.0,OK,https://data.binance.vision/data/futures/um/daily/klines/BTCUSDT/1m/BTCUSDT-1m-2026-05-13.zip,OK,3ac505aadca25f36d1e27eb64df5e14309440f565ed40cb7a37f865062b5e9c5,3ac505aadca25f36d1e27eb64df5e14309440f565ed40cb7a37f865062b5e9c5
perp_1m,2026-05-14,1440.0,OK,https://data.binance.vision/data/futures/um/daily/klines/BTCUSDT/1m/BTCUSDT-1m-2026-05-14.zip,OK,d48727cb75597c54d9437c48dc135de08d49324b1b2a5b34c08adfb563f356f5,d48727cb75597c54d9437c48dc135de08d49324b1b2a5b34c08adfb563f356f5
perp_1m,2026-05-15,1440.0,OK,https://data.binance.vision/data/futures/um/daily/klines/BTCUSDT/1m/BTCUSDT-1m-2026-05-15.zip,OK,66a77af1702db9c669906433958571141e93e0356691e1ede5e42b9a20e670e7,66a77af1702db9c669906433958571141e93e0356691e1ede5e42b9a20e670e7
perp_1m,2026-05-16,1440.0,OK,https://data.binance.vision/data/futures/um/daily/klines/BTCUSDT/1m/BTCUSDT-1m-2026-05-16.zip,OK,553fde0b615c45b985ced17d24d65a0657668d06c654cbbce21eeb37bd9cd9ea,553fde0b615c45b985ced17d24d65a0657668d06c654cbbce21eeb37bd9cd9ea
perp_1m,2026-05-17,1440.0,OK,https://data.binance.vision/data/futures/um/daily/klines/BTCUSDT/1m/BTCUSDT-1m-2026-05-17.zip,OK,19c19c0b94e8cf553ef792a7886b6e091fd3469bf252e2102a83524d14d67169,19c19c0b94e8cf553ef792a7886b6e091fd3469bf252e2102a83524d14d67169
perp_1m,2026-05-18,1440.0,OK,https://data.binance.vision/data/futures/um/daily/klines/BTCUSDT/1m/BTCUSDT-1m-2026-05-18.zip,OK,7cc40c328e83ac771450f9f64ee5a14f324a9f8b58e2960e60759c77b68d368c,7cc40c328e83ac771450f9f64ee5a14f324a9f8b58e2960e60759c77b68d368c
perp_1m,2026-05-19,1440.0,OK,https://data.binance.vision/data/futures/um/daily/klines/BTCUSDT/1m/BTCUSDT-1m-2026-05-19.zip,OK,331414ecea3491f0ad8613a9b6295696c866ae3d95a4f1ce7edb17a878f30ff5,331414ecea3491f0ad8613a9b6295696c866ae3d95a4f1ce7edb17a878f30ff5
perp_1m,2026-05-20,1440.0,OK,https://data.binance.vision/data/futures/um/daily/klines/BTCUSDT/1m/BTCUSDT-1m-2026-05-20.zip,OK,ba24dbef54d604e1e54fa29c965d486eebbbb85b99fbae9af75f5800b6c030e5,ba24dbef54d604e1e54fa29c965d486eebbbb85b99fbae9af75f5800b6c030e5
perp_1m,2026-05-21,1440.0,OK,https://data.binance.vision/data/futures/um/daily/klines/BTCUSDT/1m/BTCUSDT-1m-2026-05-21.zip,OK,f62aca518d336de7f15fa3094b4523ceb48c5df5752c9e04bf64a4bc6056a777,f62aca518d336de7f15fa3094b4523ceb48c5df5752c9e04bf64a4bc6056a777
perp_1m,2026-05-22,1440.0,OK,https://data.binance.vision/data/futures/um/daily/klines/BTCUSDT/1m/BTCUSDT-1m-2026-05-22.zip,OK,08b2cc0e0bb13fcbbd6f0bf67a751b2b8ff2d7353ef8b9edf4004c0f43013554,08b2cc0e0bb13fcbbd6f0bf67a751b2b8ff2d7353ef8b9edf4004c0f43013554
perp_1m,2026-05-23,1440.0,OK,https://data.binance.vision/data/futures/um/daily/klines/BTCUSDT/1m/BTCUSDT-1m-2026-05-23.zip,OK,d1e885f3860487738ba717b583dedfb0dc411283ff8fa34fb126b87eb242fcfb,d1e885f3860487738ba717b583dedfb0dc411283ff8fa34fb126b87eb242fcfb
perp_1m,2026-05-24,1440.0,OK,https://data.binance.vision/data/futures/um/daily/klines/BTCUSDT/1m/BTCUSDT-1m-2026-05-24.zip,OK,0658ba08bd899eaa26a5cfc1e87d7773f98a7fdaa362e99a8594b5821f5617ff,0658ba08bd899eaa26a5cfc1e87d7773f98a7fdaa362e99a8594b5821f5617ff
perp_1m,2026-05-25,1440.0,OK,https://data.binance.vision/data/futures/um/daily/klines/BTCUSDT/1m/BTCUSDT-1m-2026-05-25.zip,OK,6ad7d5bb150dbc7f4d0c1ae7a7e2ac0d2966416f1fbc6c782030c13ab737d502,6ad7d5bb150dbc7f4d0c1ae7a7e2ac0d2966416f1fbc6c782030c13ab737d502
perp_1m,2026-05-26,1440.0,OK,https://data.binance.vision/data/futures/um/daily/klines/BTCUSDT/1m/BTCUSDT-1m-2026-05-26.zip,OK,f0a2938910d4f1b413675f6f56058ab86799451527374186bce3d728a332db37,f0a2938910d4f1b413675f6f56058ab86799451527374186bce3d728a332db37
perp_1m,2026-05-27,1440.0,OK,https://data.binance.vision/data/futures/um/daily/klines/BTCUSDT/1m/BTCUSDT-1m-2026-05-27.zip,OK,fc9136aa78eae79fd4c45b94c34f731fdac4a005ff08b6bc59867c0c871b652a,fc9136aa78eae79fd4c45b94c34f731fdac4a005ff08b6bc59867c0c871b652a
perp_1m,2026-05-28,1440.0,OK,https://data.binance.vision/data/futures/um/daily/klines/BTCUSDT/1m/BTCUSDT-1m-2026-05-28.zip,OK,16a5ca4bab988bc88bdc2c8503b73d39ece4359ec8ffc2346f891cfb65c40326,16a5ca4bab988bc88bdc2c8503b73d39ece4359ec8ffc2346f891cfb65c40326
perp_1m,2026-05-29,1440.0,OK,https://data.binance.vision/data/futures/um/daily/klines/BTCUSDT/1m/BTCUSDT-1m-2026-05-29.zip,OK,7c7a0935262137f1e0847a52d9c69bbad437ff31621bace4e5dcdd1f4fec0453,7c7a0935262137f1e0847a52d9c69bbad437ff31621bace4e5dcdd1f4fec0453
perp_1m,2026-05-30,1440.0,OK,https://data.binance.vision/data/futures/um/daily/klines/BTCUSDT/1m/BTCUSDT-1m-2026-05-30.zip,OK,fad72724bfb2366d9dc5511ed1268e4dd9af9a63eb685e21bd5d70d7ec211df1,fad72724bfb2366d9dc5511ed1268e4dd9af9a63eb685e21bd5d70d7ec211df1
perp_1m,2026-05-31,1440.0,OK,https://data.binance.vision/data/futures/um/daily/klines/BTCUSDT/1m/BTCUSDT-1m-2026-05-31.zip,OK,d6e359cd78759d7c4d3330cd8a7bd296d8398ffb765b684b26f4eda4811f769b,d6e359cd78759d7c4d3330cd8a7bd296d8398ffb765b684b26f4eda4811f769b
perp_1m,2026-06-01,1440.0,OK,https://data.binance.vision/data/futures/um/daily/klines/BTCUSDT/1m/BTCUSDT-1m-2026-06-01.zip,OK,40906bd201c28edacf5ee57d06cb35b7a6a032fa33be56eecc8640d54c173a0d,40906bd201c28edacf5ee57d06cb35b7a6a032fa33be56eecc8640d54c173a0d
perp_1m,2026-06-02,1440.0,OK,https://data.binance.vision/data/futures/um/daily/klines/BTCUSDT/1m/BTCUSDT-1m-2026-06-02.zip,OK,e54661b3573bc8a03581c1213fad5a32cf5153d630bccf8b298a42fe0257cc27,e54661b3573bc8a03581c1213fad5a32cf5153d630bccf8b298a42fe0257cc27
perp_1m,2026-06-03,1440.0,OK,https://data.binance.vision/data/futures/um/daily/klines/BTCUSDT/1m/BTCUSDT-1m-2026-06-03.zip,OK,450eb3068808ca249a498eb0a8d9bec4309b431a6e1e834fb3a516fe9b691d3e,450eb3068808ca249a498eb0a8d9bec4309b431a6e1e834fb3a516fe9b691d3e
perp_1m,2026-06-04,1440.0,OK,https://data.binance.vision/data/futures/um/daily/klines/BTCUSDT/1m/BTCUSDT-1m-2026-06-04.zip,OK,67d58ca75ff22401fa3c9b73c0968700c371d1839e7a2ddac60e2ecaf3215110,67d58ca75ff22401fa3c9b73c0968700c371d1839e7a2ddac60e2ecaf3215110
perp_1m,2026-06-05,1440.0,OK,https://data.binance.vision/data/futures/um/daily/klines/BTCUSDT/1m/BTCUSDT-1m-2026-06-05.zip,OK,ca90c48b7fef2c9d9029e7e6bcfbc52f9d8b23b75f96db0a6f213dcdcff56423,ca90c48b7fef2c9d9029e7e6bcfbc52f9d8b23b75f96db0a6f213dcdcff56423
perp_1m,2026-06-06,1440.0,OK,https://data.binance.vision/data/futures/um/daily/klines/BTCUSDT/1m/BTCUSDT-1m-2026-06-06.zip,OK,8b9643c8eeb07e29583d376d2989d33d0f7ff98736402a00e7432cabc7bc25c5,8b9643c8eeb07e29583d376d2989d33d0f7ff98736402a00e7432cabc7bc25c5
perp_1m,2026-06-07,1440.0,OK,https://data.binance.vision/data/futures/um/daily/klines/BTCUSDT/1m/BTCUSDT-1m-2026-06-07.zip,OK,c4df3c032ca9632723713f97032c17a3279b1df2d8e4dd24b3c917fcb79877d8,c4df3c032ca9632723713f97032c17a3279b1df2d8e4dd24b3c917fcb79877d8
perp_1m,2026-06-08,1440.0,OK,https://data.binance.vision/data/futures/um/daily/klines/BTCUSDT/1m/BTCUSDT-1m-2026-06-08.zip,OK,70a5d188df069abed8a425170823554855b290665fd04cc936c4b696b266df94,70a5d188df069abed8a425170823554855b290665fd04cc936c4b696b266df94
perp_1m,2026-06-09,1440.0,OK,https://data.binance.vision/data/futures/um/daily/klines/BTCUSDT/1m/BTCUSDT-1m-2026-06-09.zip,OK,2a1b78e9504915996023fd189b96751012c099a4b8b95833dcacdcf9d11997b9,2a1b78e9504915996023fd189b96751012c099a4b8b95833dcacdcf9d11997b9
perp_1m,2026-06-10,1440.0,OK,https://data.binance.vision/data/futures/um/daily/klines/BTCUSDT/1m/BTCUSDT-1m-2026-06-10.zip,OK,8107fa001eae6654e98b198eb1533a1654533c611163a5df3503d1c9552522d5,8107fa001eae6654e98b198eb1533a1654533c611163a5df3503d1c9552522d5
perp_1m,2026-06-11,1440.0,OK,https://data.binance.vision/data/futures/um/daily/klines/BTCUSDT/1m/BTCUSDT-1m-2026-06-11.zip,OK,a848452c304ca627426470e141ab4b154c585cf5edd35506712660bbf5a6576d,a848452c304ca627426470e141ab4b154c585cf5edd35506712660bbf5a6576d
perp_1m,2026-06-12,1440.0,OK,https://data.binance.vision/data/futures/um/daily/klines/BTCUSDT/1m/BTCUSDT-1m-2026-06-12.zip,OK,fdd62675d3d53ac6beb8202533b8a840ee0056ed6201022a393d142b40213cd7,fdd62675d3d53ac6beb8202533b8a840ee0056ed6201022a393d142b40213cd7
perp_1m,2026-06-13,1440.0,OK,https://data.binance.vision/data/futures/um/daily/klines/BTCUSDT/1m/BTCUSDT-1m-2026-06-13.zip,OK,851b9ff5845669b43f92b51cce951a3a9c1ed44cbdda6c1304901c8e52b38a85,851b9ff5845669b43f92b51cce951a3a9c1ed44cbdda6c1304901c8e52b38a85
perp_1m,2026-06-14,1440.0,OK,https://data.binance.vision/data/futures/um/daily/klines/BTCUSDT/1m/BTCUSDT-1m-2026-06-14.zip,OK,d555c0a2beaf5115151a5d48aebf821f3c56baa5c322ed61b4c0ba33ae6ec07c,d555c0a2beaf5115151a5d48aebf821f3c56baa5c322ed61b4c0ba33ae6ec07c
perp_1m,2026-06-15,1440.0,OK,https://data.binance.vision/data/futures/um/daily/klines/BTCUSDT/1m/BTCUSDT-1m-2026-06-15.zip,OK,5c67bc104f733ec4e4f62204ad8ae739e531c5fabefe99ecf6c06de38378a0f4,5c67bc104f733ec4e4f62204ad8ae739e531c5fabefe99ecf6c06de38378a0f4
perp_1m,2026-06-16,1440.0,OK,https://data.binance.vision/data/futures/um/daily/klines/BTCUSDT/1m/BTCUSDT-1m-2026-06-16.zip,OK,294467f3c0437358f4b88ecbb7c7f8d21af1a4e9671f6b1040be2f8c65dc9813,294467f3c0437358f4b88ecbb7c7f8d21af1a4e9671f6b1040be2f8c65dc9813
perp_1m,2026-06-17,1440.0,OK,https://data.binance.vision/data/futures/um/daily/klines/BTCUSDT/1m/BTCUSDT-1m-2026-06-17.zip,OK,cc52057825f51703d95d7e773983c6887ea5862d6631890ad48a8ebb05450cac,cc52057825f51703d95d7e773983c6887ea5862d6631890ad48a8ebb05450cac
perp_1m,2026-06-18,1440.0,OK,https://data.binance.vision/data/futures/um/daily/klines/BTCUSDT/1m/BTCUSDT-1m-2026-06-18.zip,OK,2bd2876c0e722ff42aaf78d5009f4a609d2e8ba56cc500f66ce77240af40d94c,2bd2876c0e722ff42aaf78d5009f4a609d2e8ba56cc500f66ce77240af40d94c
perp_1m,2026-06-19,1440.0,OK,https://data.binance.vision/data/futures/um/daily/klines/BTCUSDT/1m/BTCUSDT-1m-2026-06-19.zip,OK,7f70d9549a59444dfdaa595b1e0b22622a51bbc0961ff4c97493de45d3e59693,7f70d9549a59444dfdaa595b1e0b22622a51bbc0961ff4c97493de45d3e59693
perp_1m,2026-06-20,1440.0,OK,https://data.binance.vision/data/futures/um/daily/klines/BTCUSDT/1m/BTCUSDT-1m-2026-06-20.zip,OK,bda8ffa6bcea2744afcef1bd4d422d71e1f4e7b239c123213f81ddd711479cc0,bda8ffa6bcea2744afcef1bd4d422d71e1f4e7b239c123213f81ddd711479cc0
perp_1m,2026-06-21,1440.0,OK,https://data.binance.vision/data/futures/um/daily/klines/BTCUSDT/1m/BTCUSDT-1m-2026-06-21.zip,OK,5091ec31be8be924ed81f81fc066b527f6846b1858dc7abaf44fa1991442c43d,5091ec31be8be924ed81f81fc066b527f6846b1858dc7abaf44fa1991442c43d
perp_1m,2026-06-22,1440.0,OK,https://data.binance.vision/data/futures/um/daily/klines/BTCUSDT/1m/BTCUSDT-1m-2026-06-22.zip,OK,8ebac0e4daeee32f603a2754905e0853061671d4e46f437a2863f6001b42906c,8ebac0e4daeee32f603a2754905e0853061671d4e46f437a2863f6001b42906c
perp_1m,2026-06-23,1440.0,OK,https://data.binance.vision/data/futures/um/daily/klines/BTCUSDT/1m/BTCUSDT-1m-2026-06-23.zip,OK,f096cff5682351bc6f13d3b05d9065b4a142e52e03a6623c58d7e10eeba7c436,f096cff5682351bc6f13d3b05d9065b4a142e52e03a6623c58d7e10eeba7c436
perp_1m,2026-06-24,1440.0,OK,https://data.binance.vision/data/futures/um/daily/klines/BTCUSDT/1m/BTCUSDT-1m-2026-06-24.zip,OK,0eec81ec95a7b83274f5cc2de611a609c1112f68d1a18b3b920577a1a36ca8fe,0eec81ec95a7b83274f5cc2de611a609c1112f68d1a18b3b920577a1a36ca8fe
perp_1m,2026-06-25,1440.0,OK,https://data.binance.vision/data/futures/um/daily/klines/BTCUSDT/1m/BTCUSDT-1m-2026-06-25.zip,OK,f876e30759cdea92a2f2c060e51ace5ba76a58b9cf7453bee73039e5d6ab05de,f876e30759cdea92a2f2c060e51ace5ba76a58b9cf7453bee73039e5d6ab05de
perp_1m,2026-06-26,1440.0,OK,https://data.binance.vision/data/futures/um/daily/klines/BTCUSDT/1m/BTCUSDT-1m-2026-06-26.zip,OK,49c50d19ae954a69547ee4e4e18336eba9776b7603a39bb512f025cf31e44489,49c50d19ae954a69547ee4e4e18336eba9776b7603a39bb512f025cf31e44489
perp_1m,2026-06-27,1440.0,OK,https://data.binance.vision/data/futures/um/daily/klines/BTCUSDT/1m/BTCUSDT-1m-2026-06-27.zip,OK,cd5b2f34ce6416edbfbede92ce1f589d8401af8ea8be0a9e5efb72e2732507eb,cd5b2f34ce6416edbfbede92ce1f589d8401af8ea8be0a9e5efb72e2732507eb
perp_1m,2026-06-28,1440.0,OK,https://data.binance.vision/data/futures/um/daily/klines/BTCUSDT/1m/BTCUSDT-1m-2026-06-28.zip,OK,fce6c076be27e519eb17d03fe4b9481c134251013fa54d7b6b89f2d9c51dffe6,fce6c076be27e519eb17d03fe4b9481c134251013fa54d7b6b89f2d9c51dffe6
perp_1m,2026-06-29,1440.0,OK,https://data.binance.vision/data/futures/um/daily/klines/BTCUSDT/1m/BTCUSDT-1m-2026-06-29.zip,OK,12677e18b6cc6575316011203ee167ad6b8e9e5d224c0aea4b46f87db13f9d9a,12677e18b6cc6575316011203ee167ad6b8e9e5d224c0aea4b46f87db13f9d9a
perp_1m,2026-06-30,1440.0,OK,https://data.binance.vision/data/futures/um/daily/klines/BTCUSDT/1m/BTCUSDT-1m-2026-06-30.zip,OK,f0febfe771e46a18abd48052697903a40709ceb7a7d308022b63e173822eec0a,f0febfe771e46a18abd48052697903a40709ceb7a7d308022b63e173822eec0a
perp_1m,2026-07-01,1440.0,OK,https://data.binance.vision/data/futures/um/daily/klines/BTCUSDT/1m/BTCUSDT-1m-2026-07-01.zip,OK,5178275357fdd1f065edcf1cb3d2d7fa1d591b004e4c6731ca4854711505f58a,5178275357fdd1f065edcf1cb3d2d7fa1d591b004e4c6731ca4854711505f58a
perp_1m,2026-07-02,1440.0,OK,https://data.binance.vision/data/futures/um/daily/klines/BTCUSDT/1m/BTCUSDT-1m-2026-07-02.zip,OK,a6c771a25ec6a952242678446fe1311a972ceb840ec34cacf8e5dbb899eb045c,a6c771a25ec6a952242678446fe1311a972ceb840ec34cacf8e5dbb899eb045c
perp_1m,2026-07-03,1440.0,OK,https://data.binance.vision/data/futures/um/daily/klines/BTCUSDT/1m/BTCUSDT-1m-2026-07-03.zip,OK,c3b3001797586beadb577416719653ae08b86b981dcc807e32607adb43fa4b22,c3b3001797586beadb577416719653ae08b86b981dcc807e32607adb43fa4b22
perp_1m,2026-07-04,1440.0,OK,https://data.binance.vision/data/futures/um/daily/klines/BTCUSDT/1m/BTCUSDT-1m-2026-07-04.zip,OK,b47727b225cd3b3680e9416b0be79a77b1f42c19d751cc353ee32ce532687c82,b47727b225cd3b3680e9416b0be79a77b1f42c19d751cc353ee32ce532687c82
perp_1m,2026-07-05,1440.0,OK,https://data.binance.vision/data/futures/um/daily/klines/BTCUSDT/1m/BTCUSDT-1m-2026-07-05.zip,OK,837c2646aa7f311cc3f2fafa33d34ad90217b95d612a372ae7d71431b0784340,837c2646aa7f311cc3f2fafa33d34ad90217b95d612a372ae7d71431b0784340
perp_1m,2026-07-06,1440.0,OK,https://data.binance.vision/data/futures/um/daily/klines/BTCUSDT/1m/BTCUSDT-1m-2026-07-06.zip,OK,7bae3f4aa5dcfc4e020c386305de7d41ef43bf1242e923dd2e2117e4576de6ea,7bae3f4aa5dcfc4e020c386305de7d41ef43bf1242e923dd2e2117e4576de6ea
perp_1m,2026-07-07,1440.0,OK,https://data.binance.vision/data/futures/um/daily/klines/BTCUSDT/1m/BTCUSDT-1m-2026-07-07.zip,OK,831c2a00dedb470323c95c6455442ecae38c0fda5659850485533a107415fc1b,831c2a00dedb470323c95c6455442ecae38c0fda5659850485533a107415fc1b
perp_1m,2026-07-08,1440.0,OK,https://data.binance.vision/data/futures/um/daily/klines/BTCUSDT/1m/BTCUSDT-1m-2026-07-08.zip,OK,a276b67f7846cc6c301c2b4fa5483a27ccb7ee75a2891e91f8bc7ac5535ba97f,a276b67f7846cc6c301c2b4fa5483a27ccb7ee75a2891e91f8bc7ac5535ba97f
perp_1m,2026-07-09,1440.0,OK,https://data.binance.vision/data/futures/um/daily/klines/BTCUSDT/1m/BTCUSDT-1m-2026-07-09.zip,OK,3163c276f401898fcfb18f181053db6911f8db0662422dd1301520661200240e,3163c276f401898fcfb18f181053db6911f8db0662422dd1301520661200240e
perp_1m,2026-07-10,1440.0,OK,https://data.binance.vision/data/futures/um/daily/klines/BTCUSDT/1m/BTCUSDT-1m-2026-07-10.zip,OK,29b9f0eaf529bf5c5de50a07255b0f2b20ce0bbca8f950aea240d7b97b8e0331,29b9f0eaf529bf5c5de50a07255b0f2b20ce0bbca8f950aea240d7b97b8e0331
perp_1m,2026-07-11,1440.0,OK,https://data.binance.vision/data/futures/um/daily/klines/BTCUSDT/1m/BTCUSDT-1m-2026-07-11.zip,OK,67ddb703c65eb79af314eae173a008fc390419c6d35bba1e19ae2d336cfc3ce2,67ddb703c65eb79af314eae173a008fc390419c6d35bba1e19ae2d336cfc3ce2
perp_1m,2026-07-12,1440.0,OK,https://data.binance.vision/data/futures/um/daily/klines/BTCUSDT/1m/BTCUSDT-1m-2026-07-12.zip,OK,143874cf2f1599221d2095bf7d297a84e991cbf4307a222210e31ec7ac1b4572,143874cf2f1599221d2095bf7d297a84e991cbf4307a222210e31ec7ac1b4572
perp_1m,2026-07-13,1440.0,OK,https://data.binance.vision/data/futures/um/daily/klines/BTCUSDT/1m/BTCUSDT-1m-2026-07-13.zip,OK,5acf74e441a56989aa292056a3e143dcd9eb6ff0c439fefca7a69615d4d5605a,5acf74e441a56989aa292056a3e143dcd9eb6ff0c439fefca7a69615d4d5605a
perp_1m,2026-07-14,1440.0,OK,https://data.binance.vision/data/futures/um/daily/klines/BTCUSDT/1m/BTCUSDT-1m-2026-07-14.zip,OK,fcb25f0df6898b7c8fcdc172fa23068eee585c601350cb2f46ceb1c629c8d81c,fcb25f0df6898b7c8fcdc172fa23068eee585c601350cb2f46ceb1c629c8d81c
perp_1m,2026-07-15,1440.0,OK,https://data.binance.vision/data/futures/um/daily/klines/BTCUSDT/1m/BTCUSDT-1m-2026-07-15.zip,OK,4c05f83f9f6d12d2cf2ff6c0ed21da472d105d189c60969a3de9832664817cd6,4c05f83f9f6d12d2cf2ff6c0ed21da472d105d189c60969a3de9832664817cd6
perp_1m,2026-07-16,1440.0,OK,https://data.binance.vision/data/futures/um/daily/klines/BTCUSDT/1m/BTCUSDT-1m-2026-07-16.zip,OK,46f8608c364bb3a70bb9ea95a326da41cfb0ec75141202205e5aaae056656634,46f8608c364bb3a70bb9ea95a326da41cfb0ec75141202205e5aaae056656634
perp_1m,2026-07-17,1440.0,OK,https://data.binance.vision/data/futures/um/daily/klines/BTCUSDT/1m/BTCUSDT-1m-2026-07-17.zip,OK,4bdd6a5f58b74255edda6e043c05c40aefd5bc82b75509d16076358b38af756b,4bdd6a5f58b74255edda6e043c05c40aefd5bc82b75509d16076358b38af756b
perp_1m,2026-07-18,1440.0,OK,https://data.binance.vision/data/futures/um/daily/klines/BTCUSDT/1m/BTCUSDT-1m-2026-07-18.zip,OK,ae20a3744549ee978702e7cfc3072e46d4e87d6870ac4546cfa96f51af133a53,ae20a3744549ee978702e7cfc3072e46d4e87d6870ac4546cfa96f51af133a53
perp_1m,2026-07-19,1440.0,OK,https://data.binance.vision/data/futures/um/daily/klines/BTCUSDT/1m/BTCUSDT-1m-2026-07-19.zip,OK,1dd99b697d79ddf9ce2be92f54ea7a08edcb60e9f4ce57002e1eafaed09d42a0,1dd99b697d79ddf9ce2be92f54ea7a08edcb60e9f4ce57002e1eafaed09d42a0
perp_1m,2026-07-20,1440.0,OK,https://data.binance.vision/data/futures/um/daily/klines/BTCUSDT/1m/BTCUSDT-1m-2026-07-20.zip,OK,515b9c93a1a47df88dea87696d2d2fd19e44b5dbc742eb3c72ad5119061c68f5,515b9c93a1a47df88dea87696d2d2fd19e44b5dbc742eb3c72ad5119061c68f5
perp_1m,2026-07-21,1440.0,OK,https://data.binance.vision/data/futures/um/daily/klines/BTCUSDT/1m/BTCUSDT-1m-2026-07-21.zip,OK,c01309517fdbc7b9afb579b05c320bc8dd316da48ad806705db59f0311365502,c01309517fdbc7b9afb579b05c320bc8dd316da48ad806705db59f0311365502
perp_1m,2026-07-22,1440.0,OK,https://data.binance.vision/data/futures/um/daily/klines/BTCUSDT/1m/BTCUSDT-1m-2026-07-22.zip,OK,303a1a2519bc40144147e2531e5d0f23fb775dc319e23b64b08d9bc698aa3c95,303a1a2519bc40144147e2531e5d0f23fb775dc319e23b64b08d9bc698aa3c95
perp_1m,2026-07-23,1440.0,OK,https://data.binance.vision/data/futures/um/daily/klines/BTCUSDT/1m/BTCUSDT-1m-2026-07-23.zip,OK,a58d254c909b7e0f16d70aa8e15d42ab8e58a1889272f014adcf0bf8699a0952,a58d254c909b7e0f16d70aa8e15d42ab8e58a1889272f014adcf0bf8699a0952
perp_1m,2026-07-24,1440.0,OK,https://data.binance.vision/data/futures/um/daily/klines/BTCUSDT/1m/BTCUSDT-1m-2026-07-24.zip,OK,73adf3efc285facb6c3f0bc717d77b2961280fc8cc695ee775c648cc52e12f90,73adf3efc285facb6c3f0bc717d77b2961280fc8cc695ee775c648cc52e12f90
perp_1m,2026-07-25,1440.0,OK,https://data.binance.vision/data/futures/um/daily/klines/BTCUSDT/1m/BTCUSDT-1m-2026-07-25.zip,OK,ac3db6c8a5bbd903ff9a60e339e4e8ff2432eb4c71c5b1d395320a2bbf9bf76f,ac3db6c8a5bbd903ff9a60e339e4e8ff2432eb4c71c5b1d395320a2bbf9bf76f
perp_1m,2026-07-26,1440.0,OK,https://data.binance.vision/data/futures/um/daily/klines/BTCUSDT/1m/BTCUSDT-1m-2026-07-26.zip,OK,cd04bbd53516eaf96cd4ced73ff144145ce3fb4461f438ba0c5bf42a9064f146,cd04bbd53516eaf96cd4ced73ff144145ce3fb4461f438ba0c5bf42a9064f146
perp_1m,2026-07-27,1440.0,OK,https://data.binance.vision/data/futures/um/daily/klines/BTCUSDT/1m/BTCUSDT-1m-2026-07-27.zip,OK,d32fa8d822b16b2db82cf505495357195a8afc4e968024e1aced8401f9c19cc4,d32fa8d822b16b2db82cf505495357195a8afc4e968024e1aced8401f9c19cc4
perp_1m,2026-07-28,1440.0,OK,https://data.binance.vision/data/futures/um/daily/klines/BTCUSDT/1m/BTCUSDT-1m-2026-07-28.zip,OK,85491f3f892638977a93e5abeb32a7e837a4360b34b2a4aedc02f670523be08f,85491f3f892638977a93e5abeb32a7e837a4360b34b2a4aedc02f670523be08f
perp_1m,2026-07-29,1440.0,OK,https://data.binance.vision/data/futures/um/daily/klines/BTCUSDT/1m/BTCUSDT-1m-2026-07-29.zip,OK,16606c429cba1d67cb3af519046238f99d416c6dff21102c62f653cc953cc09d,16606c429cba1d67cb3af519046238f99d416c6dff21102c62f653cc953cc09d
perp_1m,2026-07-30,1440.0,OK,https://data.binance.vision/data/futures/um/daily/klines/BTCUSDT/1m/BTCUSDT-1m-2026-07-30.zip,OK,02df0f2c8dc2c31313d5b78c31e6e37d84ca037521b118b0b9c4c0bac770e227,02df0f2c8dc2c31313d5b78c31e6e37d84ca037521b118b0b9c4c0bac770e227
perp_1m,2026-07-31,1440.0,OK,https://data.binance.vision/data/futures/um/daily/klines/BTCUSDT/1m/BTCUSDT-1m-2026-07-31.zip,OK,a156d6855e7a8061a24616ed25af58dff25b5840ef3a108c11fbf80e32b78ab5,a156d6855e7a8061a24616ed25af58dff25b5840ef3a108c11fbf80e32b78ab5
perp_1m,2026-08-01,1440.0,OK,https://data.binance.vision/data/futures/um/daily/klines/BTCUSDT/1m/BTCUSDT-1m-2026-08-01.zip,OK,988c5973871e83042ae41a34df250e74d67668305289d69a7d8c49e43e17fae2,988c5973871e83042ae41a34df250e74d67668305289d69a7d8c49e43e17fae2
perp_1m,2026-08-02,1440.0,OK,https://data.binance.vision/data/futures/um/daily/klines/BTCUSDT/1m/BTCUSDT-1m-2026-08-02.zip,OK,0b962494671d82f089539e51892a3c860e59626a683a34470b4390f0256b381d,0b962494671d82f089539e51892a3c860e59626a683a34470b4390f0256b381d
perp_1m,2026-08-03,1440.0,OK,https://data.binance.vision/data/futures/um/daily/klines/BTCUSDT/1m/BTCUSDT-1m-2026-08-03.zip,OK,5608f4d05367d28333202ea8abdbc60d541edf7585903bf4d0609399c1d949c1,5608f4d05367d28333202ea8abdbc60d541edf7585903bf4d0609399c1d949c1
perp_1m,2026-08-04,1440.0,OK,https://data.binance.vision/data/futures/um/daily/klines/BTCUSDT/1m/BTCUSDT-1m-2026-08-04.zip,OK,45cbc2cd37fb9b46c41163a04fddfe015a91506afa42e89c6d23c5346e7c6dac,45cbc2cd37fb9b46c41163a04fddfe015a91506afa42e89c6d23c5346e7c6dac
perp_1m,2026-08-05,1440.0,OK,https://data.binance.vision/data/futures/um/daily/klines/BTCUSDT/1m/BTCUSDT-1m-2026-08-05.zip,OK,921532e77cbf8891b224b7a43264afc27e4c4b1cdf02e56f4f2e9024c30a8084,921532e77cbf8891b224b7a43264afc27e4c4b1cdf02e56f4f2e9024c30a8084
perp_1m,2026-08-06,1440.0,OK,https://data.binance.vision/data/futures/um/daily/klines/BTCUSDT/1m/BTCUSDT-1m-2026-08-06.zip,OK,e29700f30439ec2096aea5478b62286882d8c191432dcb2f96382ac702eedd43,e29700f30439ec2096aea5478b62286882d8c191432dcb2f96382ac702eedd43
perp_1m,2026-08-07,1440.0,OK,https://data.binance.vision/data/futures/um/daily/klines/BTCUSDT/1m/BTCUSDT-1m-2026-08-07.zip,OK,f15c7768747674e333e29043e11375468eb7764202255d010ebe87f8cf8e20fb,f15c7768747674e333e29043e11375468eb7764202255d010ebe87f8cf8e20fb
perp_1m,2026-08-08,1440.0,OK,https://data.binance.vision/data/futures/um/daily/klines/BTCUSDT/1m/BTCUSDT-1m-2026-08-08.zip,OK,c4061242b28bba70b37ee85d3ef68b3760ca4c79f261d27e1a639333d2269f32,c4061242b28bba70b37ee85d3ef68b3760ca4c79f261d27e1a639333d2269f32
perp_1m,2026-08-09,1440.0,OK,https://data.binance.vision/data/futures/um/daily/klines/BTCUSDT/1m/BTCUSDT-1m-2026-08-09.zip,OK,22df19a0f7bdd9dd29bd7607f87113ec0e15083fc0f977b1d6fabde2b0fb00a9,22df19a0f7bdd9dd29bd7607f87113ec0e15083fc0f977b1d6fabde2b0fb00a9
perp_1m,2026-08-10,1440.0,OK,https://data.binance.vision/data/futures/um/daily/klines/BTCUSDT/1m/BTCUSDT-1m-2026-08-10.zip,OK,b77359c14fabc73983b563c5cbc3346c4d9ad572119e1689a2e10f7d51e2ef72,b77359c14fabc73983b563c5cbc3346c4d9ad572119e1689a2e10f7d51e2ef72
perp_1m,2026-08-11,1440.0,OK,https://data.binance.vision/data/futures/um/daily/klines/BTCUSDT/1m/BTCUSDT-1m-2026-08-11.zip,OK,80adc4f0366fb75d53878c8bb9cdc7af8e03c54d3f88a9018d4118791b762b46,80adc4f0366fb75d53878c8bb9cdc7af8e03c54d3f88a9018d4118791b762b46
perp_1m,2026-08-12,1440.0,OK,https://data.binance.vision/data/futures/um/daily/klines/BTCUSDT/1m/BTCUSDT-1m-2026-08-12.zip,OK,8b7de0e6450bba96d5197941178c0ee77a7eaf140178226ebd086c477d3e0292,8b7de0e6450bba96d5197941178c0ee77a7eaf140178226ebd086c477d3e0292
perp_1m,2026-08-13,1440.0,OK,https://data.binance.vision/data/futures/um/daily/klines/BTCUSDT/1m/BTCUSDT-1m-2026-08-13.zip,OK,61cbbf18c5f607a8698f18c7698cc2d2c0198ddd14532ba6cf7e91d502f8ea88,61cbbf18c5f607a8698f18c7698cc2d2c0198ddd14532ba6cf7e91d502f8ea88
perp_1m,2026-08-14,1440.0,OK,https://data.binance.vision/data/futures/um/daily/klines/BTCUSDT/1m/BTCUSDT-1m-2026-08-14.zip,OK,d9ebc5eaa6ecbc4999bf509dbcdca03fbe7f7b3711c5b7b9a0c485b15aa864fd,d9ebc5eaa6ecbc4999bf509dbcdca03fbe7f7b3711c5b7b9a0c485b15aa864fd
perp_1m,2026-08-15,1440.0,OK,https://data.binance.vision/data/futures/um/daily/klines/BTCUSDT/1m/BTCUSDT-1m-2026-08-15.zip,OK,37fba21bb2ffdaa2d59f526c8360c2662531affba8740356d0a3e1cd52769186,37fba21bb2ffdaa2d59f526c8360c2662531affba8740356d0a3e1cd52769186
perp_1m,2026-08-16,1440.0,OK,https://data.binance.vision/data/futures/um/daily/klines/BTCUSDT/1m/BTCUSDT-1m-2026-08-16.zip,OK,91b8e17a403f039a6799decf9acf72caf85ee4828e46d434d7bd4972ab675620,91b8e17a403f039a6799decf9acf72caf85ee4828e46d434d7bd4972ab675620
perp_1m,2026-08-17,1440.0,OK,https://data.binance.vision/data/futures/um/daily/klines/BTCUSDT/1m/BTCUSDT-1m-2026-08-17.zip,OK,7d5ed8257e075f6b7fcdbbe443f91e27f2ea60c1e1a18483dd38bd29321fba5c,7d5ed8257e075f6b7fcdbbe443f91e27f2ea60c1e1a18483dd38bd29321fba5c
perp_1m,2026-08-18,1440.0,OK,https://data.binance.vision/data/futures/um/daily/klines/BTCUSDT/1m/BTCUSDT-1m-2026-08-18.zip,OK,43f7404e58ef736010788ebcb1d65d3e0b32c7cbde0899d2c59b3d264011ab9f,43f7404e58ef736010788ebcb1d65d3e0b32c7cbde0899d2c59b3d264011ab9f
perp_1m,2026-08-19,1440.0,OK,https://data.binance.vision/data/futures/um/daily/klines/BTCUSDT/1m/BTCUSDT-1m-2026-08-19.zip,OK,e9cf699342bc869bc2245f474939abc721e4be73250a2e7950465eca03ad426f,e9cf699342bc869bc2245f474939abc721e4be73250a2e7950465eca03ad426f
perp_1m,2026-08-20,1440.0,OK,https://data.binance.vision/data/futures/um/daily/klines/BTCUSDT/1m/BTCUSDT-1m-2026-08-20.zip,OK,f51f9961679ca30b0ec6b6bbbbdf0410dd19222d31dbbcf3e2c0cefd89484f20,f51f9961679ca30b0ec6b6bbbbdf0410dd19222d31dbbcf3e2c0cefd89484f20
perp_1m,2026-08-21,1440.0,OK,https://data.binance.vision/data/futures/um/daily/klines/BTCUSDT/1m/BTCUSDT-1m-2026-08-21.zip,OK,c72c92f9dcd68a576585c49e41d95da10b207480a956e8fd00c793763f710ffd,c72c92f9dcd68a576585c49e41d95da10b207480a956e8fd00c793763f710ffd
perp_1m,2026-08-22,1440.0,OK,https://data.binance.vision/data/futures/um/daily/klines/BTCUSDT/1m/BTCUSDT-1m-2026-08-22.zip,OK,3664fe9fd6fe6d3f26392fcd10043d66fb37acf7c56693548503662a0ab6a3c3,3664fe9fd6fe6d3f26392fcd10043d66fb37acf7c56693548503662a0ab6a3c3
perp_1m,2026-08-23,1440.0,OK,https://data.binance.vision/data/futures/um/daily/klines/BTCUSDT/1m/BTCUSDT-1m-2026-08-23.zip,OK,1cc05d7307e4013470f2c5a5f3339b1a60ae2565b09923179d284f464be72fac,1cc05d7307e4013470f2c5a5f3339b1a60ae2565b09923179d284f464be72fac
perp_1m,2026-08-24,1440.0,OK,https://data.binance.vision/data/futures/um/daily/klines/BTCUSDT/1m/BTCUSDT-1m-2026-08-24.zip,OK,d362d6d46422378b05b6c2a96112bfc8502168bdd43d317718483e19a5a16c87,d362d6d46422378b05b6c2a96112bfc8502168bdd43d317718483e19a5a16c87
perp_1m,2026-08-25,1440.0,OK,https://data.binance.vision/data/futures/um/daily/klines/BTCUSDT/1m/BTCUSDT-1m-2026-08-25.zip,OK,1651da32387a1342bdba15b28504dc4d55caee905a58fec04f52c280b1d69f7f,1651da32387a1342bdba15b28504dc4d55caee905a58fec04f52c280b1d69f7f
perp_1m,2026-08-26,1440.0,OK,https://data.binance.vision/data/futures/um/daily/klines/BTCUSDT/1m/BTCUSDT-1m-2026-08-26.zip,OK,4bbf0b1e71326f243a9388cd6365166694415cdb0b123443a293414f95e69bfd,4bbf0b1e71326f243a9388cd6365166694415cdb0b123443a293414f95e69bfd
perp_1m,2026-08-27,1440.0,OK,https://data.binance.vision/data/futures/um/daily/klines/BTCUSDT/1m/BTCUSDT-1m-2026-08-27.zip,OK,da7378a03b1d16a50cd90c04f4fa441383f0b6b5857a1c8a8462f89d59a780cf,da7378a03b1d16a50cd90c04f4fa441383f0b6b5857a1c8a8462f89d59a780cf
perp_1m,2026-08-28,1440.0,OK,https://data.binance.vision/data/futures/um/daily/klines/BTCUSDT/1m/BTCUSDT-1m-2026-08-28.zip,OK,94bacc6e6f58d7700eaa309cf2bbeea15ec6e742e39c132f69f9d8bc8627f56c,94bacc6e6f58d7700eaa309cf2bbeea15ec6e742e39c132f69f9d8bc8627f56c
perp_1m,2026-08-29,1440.0,OK,https://data.binance.vision/data/futures/um/daily/klines/BTCUSDT/1m/BTCUSDT-1m-2026-08-29.zip,OK,41e554b2a312bfadb74e4865c5cbef8dd401586c7d973c623d0915869eb81ebc,41e554b2a312bfadb74e4865c5cbef8dd401586c7d973c623d0915869eb81ebc
perp_1m,2026-08-30,1440.0,OK,https://data.binance.vision/data/futures/um/daily/klines/BTCUSDT/1m/BTCUSDT-1m-2026-08-30.zip,OK,787a8f874aa060ae8fbc9760abbd1990446ca211a6bb2ac6957b6cc45a8ac45d,787a8f874aa060ae8fbc9760abbd1990446ca211a6bb2ac6957b6cc45a8ac45d
perp_1m,2026-08-31,1440.0,OK,https://data.binance.vision/data/futures/um/daily/klines/BTCUSDT/1m/BTCUSDT-1m-2026-08-31.zip,OK,3ad23c849a0cccaf3282d8f26bc576a2d0fb5d0f707a4d5f7439553e5a173188,3ad23c849a0cccaf3282d8f26bc576a2d0fb5d0f707a4d5f7439553e5a173188
perp_1m,2026-09-01,1440.0,OK,https://data.binance.vision/data/futures/um/daily/klines/BTCUSDT/1m/BTCUSDT-1m-2026-09-01.zip,OK,a856e033ceee252f4e3a262a7262a3f60a8f97138794b5fce4ec15d9c66b480e,a856e033ceee252f4e3a262a7262a3f60a8f97138794b5fce4ec15d9c66b480e
perp_1m,2026-09-02,1440.0,OK,https://data.binance.vision/data/futures/um/daily/klines/BTCUSDT/1m/BTCUSDT-1m-2026-09-02.zip,OK,38fc36d008360cb3d8a3c6fafac9dc754e1619d7832a8587e00409899522bdf9,38fc36d008360cb3d8a3c6fafac9dc754e1619d7832a8587e00409899522bdf9
perp_1m,2026-09-03,1440.0,OK,https://data.binance.vision/data/futures/um/daily/klines/BTCUSDT/1m/BTCUSDT-1m-2026-09-03.zip,OK,f6b1620e5c52f30d2f498e1681775f152296d2ce52dca5c2ae35d402ab9716db,f6b1620e5c52f30d2f498e1681775f152296d2ce52dca5c2ae35d402ab9716db
perp_1m,2026-09-04,1440.0,OK,https://data.binance.vision/data/futures/um/daily/klines/BTCUSDT/1m/BTCUSDT-1m-2026-09-04.zip,OK,5b5bbd3711f1f732e153a4deaa8bc51916850fd7bfa805e9d85c5686403d8e4c,5b5bbd3711f1f732e153a4deaa8bc51916850fd7bfa805e9d85c5686403d8e4c
perp_1m,2026-09-05,1440.0,OK,https://data.binance.vision/data/futures/um/daily/klines/BTCUSDT/1m/BTCUSDT-1m-2026-09-05.zip,OK,af5938c8d23be0f6bdea905ed847b0675c67d1f4b24e8c43832c224cc8b92f99,af5938c8d23be0f6bdea905ed847b0675c67d1f4b24e8c43832c224cc8b92f99
perp_1m,2026-09-06,1440.0,OK,https://data.binance.vision/data/futures/um/daily/klines/BTCUSDT/1m/BTCUSDT-1m-2026-09-06.zip,OK,75eeef140b07d21a16eee1a9708738b60b1a72dda0d37e7515fc4a32dffd93e0,75eeef140b07d21a16eee1a9708738b60b1a72dda0d37e7515fc4a32dffd93e0
perp_1m,2026-09-07,1440.0,OK,https://data.binance.vision/data/futures/um/daily/klines/BTCUSDT/1m/BTCUSDT-1m-2026-09-07.zip,OK,4d83f583ba355f29a962e588e5174185bf40897320d1e3cee928040e7f2e159d,4d83f583ba355f29a962e588e5174185bf40897320d1e3cee928040e7f2e159d
perp_1m,2026-09-08,1440.0,OK,https://data.binance.vision/data/futures/um/daily/klines/BTCUSDT/1m/BTCUSDT-1m-2026-09-08.zip,OK,ad03f5ae286bf20186fb0ef7bf5b836bef2f30eedae8f8915ba6436a448fe778,ad03f5ae286bf20186fb0ef7bf5b836bef2f30eedae8f8915ba6436a448fe778
perp_1m,2026-09-09,1440.0,OK,https://data.binance.vision/data/futures/um/daily/klines/BTCUSDT/1m/BTCUSDT-1m-2026-09-09.zip,OK,cc47f3d39f6974d88e4c348018bfff70b02419274224eb5ae3e5cc80b64f582c,cc47f3d39f6974d88e4c348018bfff70b02419274224eb5ae3e5cc80b64f582c
perp_1m,2026-09-10,1440.0,OK,https://data.binance.vision/data/futures/um/daily/klines/BTCUSDT/1m/BTCUSDT-1m-2026-09-10.zip,OK,ff62872b7c0f5c756b8454481d3a0f080d93eb082e18df058e4fe7589dc0a994,ff62872b7c0f5c756b8454481d3a0f080d93eb082e18df058e4fe7589dc0a994
perp_1m,2026-09-11,1440.0,OK,https://data.binance.vision/data/futures/um/daily/klines/BTCUSDT/1m/BTCUSDT-1m-2026-09-11.zip,OK,08b5af388d100828d5b5fd9c42bcb83bedc64c69e36b671b4361f3fc0d9e48de,08b5af388d100828d5b5fd9c42bcb83bedc64c69e36b671b4361f3fc0d9e48de
perp_1m,2026-09-12,1440.0,OK,https://data.binance.vision/data/futures/um/daily/klines/BTCUSDT/1m/BTCUSDT-1m-2026-09-12.zip,OK,ca475f250f36080108b21ab83a737c468c302d7f1d5a30081e3a1200296dfa12,ca475f250f36080108b21ab83a737c468c302d7f1d5a30081e3a1200296dfa12
perp_1m,2026-09-13,1440.0,OK,https://data.binance.vision/data/futures/um/daily/klines/BTCUSDT/1m/BTCUSDT-1m-2026-09-13.zip,OK,add855eb76c91c57e1ea425ae3c9fbc953af1e87a906bdf4d290577bb9943456,add855eb76c91c57e1ea425ae3c9fbc953af1e87a906bdf4d290577bb9943456
perp_1m,2026-09-14,1440.0,OK,https://data.binance.vision/data/futures/um/daily/klines/BTCUSDT/1m/BTCUSDT-1m-2026-09-14.zip,OK,69314932ca1a6aa0f2a45e5b0d0c271a27401f48042fde67414f6ab5a0cdfdff,69314932ca1a6aa0f2a45e5b0d0c271a27401f48042fde67414f6ab5a0cdfdff
perp_1m,2026-09-15,1440.0,OK,https://data.binance.vision/data/futures/um/daily/klines/BTCUSDT/1m/BTCUSDT-1m-2026-09-15.zip,OK,8893455ad98126ec4e6bfca010f701388a188c68715a0f33f686bde60d24430c,8893455ad98126ec4e6bfca010f701388a188c68715a0f33f686bde60d24430c
perp_1m,2026-09-16,1440.0,OK,https://data.binance.vision/data/futures/um/daily/klines/BTCUSDT/1m/BTCUSDT-1m-2026-09-16.zip,OK,503b30763484771e6d9031ee7c4103fec765da96803d6ed10f74d39aedcb0724,503b30763484771e6d9031ee7c4103fec765da96803d6ed10f74d39aedcb0724
perp_1m,2026-09-17,1440.0,OK,https://data.binance.vision/data/futures/um/daily/klines/BTCUSDT/1m/BTCUSDT-1m-2026-09-17.zip,OK,24aa9f01305f04779bf0e2bd27aff0008bd08a6213addc46a55a86236d9ba549,24aa9f01305f04779bf0e2bd27aff0008bd08a6213addc46a55a86236d9ba549
perp_1m,2026-09-18,1440.0,OK,https://data.binance.vision/data/futures/um/daily/klines/BTCUSDT/1m/BTCUSDT-1m-2026-09-18.zip,OK,60b3135d6d8363acc65f85de8eed32d37c48ec6668176f4ca16113f372f62dce,60b3135d6d8363acc65f85de8eed32d37c48ec6668176f4ca16113f372f62dce
perp_1m,2026-09-19,1440.0,OK,https://data.binance.vision/data/futures/um/daily/klines/BTCUSDT/1m/BTCUSDT-1m-2026-09-19.zip,OK,f0f6a47bf03e405577ae9c3f33d8afb624d60b2587d8ce26527b24c6aae4a30d,f0f6a47bf03e405577ae9c3f33d8afb624d60b2587d8ce26527b24c6aae4a30d
perp_1m,2026-09-20,1440.0,OK,https://data.binance.vision/data/futures/um/daily/klines/BTCUSDT/1m/BTCUSDT-1m-2026-09-20.zip,OK,ab02c3ac68a1cdf577f6f1ba22440169e690bcb1cdaae6fdaea50c43209049ed,ab02c3ac68a1cdf577f6f1ba22440169e690bcb1cdaae6fdaea50c43209049ed
perp_1m,2026-09-21,1440.0,OK,https://data.binance.vision/data/futures/um/daily/klines/BTCUSDT/1m/BTCUSDT-1m-2026-09-21.zip,OK,6308c5107d830bb401046d5b97512051eef41313399d686b02445420aa73989a,6308c5107d830bb401046d5b97512051eef41313399d686b02445420aa73989a
perp_1m,2026-09-22,1440.0,OK,https://data.binance.vision/data/futures/um/daily/klines/BTCUSDT/1m/BTCUSDT-1m-2026-09-22.zip,OK,0bc2409a959fce4dbe069038205d8bb41242a41b86bb1851cc8ad8b1585fb5e2,0bc2409a959fce4dbe069038205d8bb41242a41b86bb1851cc8ad8b1585fb5e2
perp_1m,2026-09-23,1440.0,OK,https://data.binance.vision/data/futures/um/daily/klines/BTCUSDT/1m/BTCUSDT-1m-2026-09-23.zip,OK,311102ba9b6932268b0e4989c675ff6a210e5cfb9cdbb4f38a5c5672e84945da,311102ba9b6932268b0e4989c675ff6a210e5cfb9cdbb4f38a5c5672e84945da
perp_1m,2026-09-24,1440.0,OK,https://data.binance.vision/data/futures/um/daily/klines/BTCUSDT/1m/BTCUSDT-1m-2026-09-24.zip,OK,fddd8b47b90d027c674e526a416c8baa59aef406c30cf7ef4dbeb67d5eda62fc,fddd8b47b90d027c674e526a416c8baa59aef406c30cf7ef4dbeb67d5eda62fc
perp_1m,2026-09-25,1440.0,OK,https://data.binance.vision/data/futures/um/daily/klines/BTCUSDT/1m/BTCUSDT-1m-2026-09-25.zip,OK,ec95bb5f8010252955a4cfad709ea19ea6869f5945450ef13c65d98ef335a43f,ec95bb5f8010252955a4cfad709ea19ea6869f5945450ef13c65d98ef335a43f
perp_1m,2026-09-26,1440.0,OK,https://data.binance.vision/data/futures/um/daily/klines/BTCUSDT/1m/BTCUSDT-1m-2026-09-26.zip,OK,1f90ae61eb1240f964868aa8df50b358fc262f22a26c004e014eb6fd160aad7c,1f90ae61eb1240f964868aa8df50b358fc262f22a26c004e014eb6fd160aad7c
perp_1m,2026-09-27,1440.0,OK,https://data.binance.vision/data/futures/um/daily/klines/BTCUSDT/1m/BTCUSDT-1m-2026-09-27.zip,OK,7626842077f17a6a240794dbf4d00838dbf340f407ed3cbe1b1bf0d909a6a439,7626842077f17a6a240794dbf4d00838dbf340f407ed3cbe1b1bf0d909a6a439
perp_1m,2026-09-28,1440.0,OK,https://data.binance.vision/data/futures/um/daily/klines/BTCUSDT/1m/BTCUSDT-1m-2026-09-28.zip,OK,20b3a4df26f0da09076b6fe3308bb15368cc5a7fb47f3e79b61b3b39b82cd53a,20b3a4df26f0da09076b6fe3308bb15368cc5a7fb47f3e79b61b3b39b82cd53a
perp_1m,2026-09-29,1440.0,OK,https://data.binance.vision/data/futures/um/daily/klines/BTCUSDT/1m/BTCUSDT-1m-2026-09-29.zip,OK,3b585081acfe52f701868e6ce0a6212fa2d496b72d0a3c4470b3c712c7b5fdb7,3b585081acfe52f701868e6ce0a6212fa2d496b72d0a3c4470b3c712c7b5fdb7
perp_1m,2026-09-30,1440.0,OK,https://data.binance.vision/data/futures/um/daily/klines/BTCUSDT/1m/BTCUSDT-1m-2026-09-30.zip,OK,dbb872b7770e80528218f262a2258c2d94d697b0fa1bb4f998f82a5d98e64d04,dbb872b7770e80528218f262a2258c2d94d697b0fa1bb4f998f82a5d98e64d04
perp_1m,2026-10-01,1440.0,OK,https://data.binance.vision/data/futures/um/daily/klines/BTCUSDT/1m/BTCUSDT-1m-2026-10-01.zip,OK,062f32fefdfb1d1cfbb6d58ee04c28dd6c45dbf2b52ed60fa4ad6a27b0b19bc5,062f32fefdfb1d1cfbb6d58ee04c28dd6c45dbf2b52ed60fa4ad6a27b0b19bc5
perp_5m,2025-10-01,288.0,OK,https://data.binance.vision/data/futures/um/daily/klines/BTCUSDT/5m/BTCUSDT-5m-2025-10-01.zip,OK,4ad448ff307a6f11911ac593439eb70c686d1e5424949a026c43503ca849bc65,4ad448ff307a6f11911ac593439eb70c686d1e5424949a026c43503ca849bc65
perp_5m,2025-10-02,288.0,OK,https://data.binance.vision/data/futures/um/daily/klines/BTCUSDT/5m/BTCUSDT-5m-2025-10-02.zip,OK,69dac4522cb95aeacdd739203b0f8c98413e9adaadb9aba2feee7c85cebc76f6,69dac4522cb95aeacdd739203b0f8c98413e9adaadb9aba2feee7c85cebc76f6
perp_5m,2025-10-03,288.0,OK,https://data.binance.vision/data/futures/um/daily/klines/BTCUSDT/5m/BTCUSDT-5m-2025-10-03.zip,OK,36b657e6d361804c3b1fc603bea51a6b09508029895f61d1b6a7427cbb0d5647,36b657e6d361804c3b1fc603bea51a6b09508029895f61d1b6a7427cbb0d5647
perp_5m,2025-10-04,288.0,OK,https://data.binance.vision/data/futures/um/daily/klines/BTCUSDT/5m/BTCUSDT-5m-2025-10-04.zip,OK,632cfcda5a0a1a4c0edcaeba4956305ccd27061614fbabff10db31d97560afa7,632cfcda5a0a1a4c0edcaeba4956305ccd27061614fbabff10db31d97560afa7
perp_5m,2025-10-05,288.0,OK,https://data.binance.vision/data/futures/um/daily/klines/BTCUSDT/5m/BTCUSDT-5m-2025-10-05.zip,OK,e2829aa79d07fa1c79ff0847958753fe35cfd959d9ef6f46d007c18ec7f37af8,e2829aa79d07fa1c79ff0847958753fe35cfd959d9ef6f46d007c18ec7f37af8
perp_5m,2025-10-06,288.0,OK,https://data.binance.vision/data/futures/um/daily/klines/BTCUSDT/5m/BTCUSDT-5m-2025-10-06.zip,OK,a4cfa27f1f0b5998c6d04abf6f75952520d495ed3596c4005d4a9164c5cafbe3,a4cfa27f1f0b5998c6d04abf6f75952520d495ed3596c4005d4a9164c5cafbe3
perp_5m,2025-10-07,288.0,OK,https://data.binance.vision/data/futures/um/daily/klines/BTCUSDT/5m/BTCUSDT-5m-2025-10-07.zip,OK,7abaa95f93173dd656c6e4cc76a30c41d37594e8a088c6f29865c3a140942c4b,7abaa95f93173dd656c6e4cc76a30c41d37594e8a088c6f29865c3a140942c4b
perp_5m,2025-10-08,288.0,OK,https://data.binance.vision/data/futures/um/daily/klines/BTCUSDT/5m/BTCUSDT-5m-2025-10-08.zip,OK,f1ac2c531f0251e89ee38974af712f0ac8f36e72e91227a0829094b63e7ecfb5,f1ac2c531f0251e89ee38974af712f0ac8f36e72e91227a0829094b63e7ecfb5
perp_5m,2025-10-09,288.0,OK,https://data.binance.vision/data/futures/um/daily/klines/BTCUSDT/5m/BTCUSDT-5m-2025-10-09.zip,OK,8047bac1a9a28aefb4dedcb126c2b812c7c12fd4a5438eded7c80acc1a4609f0,8047bac1a9a28aefb4dedcb126c2b812c7c12fd4a5438eded7c80acc1a4609f0
perp_5m,2025-10-10,288.0,OK,https://data.binance.vision/data/futures/um/daily/klines/BTCUSDT/5m/BTCUSDT-5m-2025-10-10.zip,OK,4415453f27ea80935800f32e04c8fb4762af59540781d0c9d72968f7935286d7,4415453f27ea80935800f32e04c8fb4762af59540781d0c9d72968f7935286d7
perp_5m,2025-10-11,288.0,OK,https://data.binance.vision/data/futures/um/daily/klines/BTCUSDT/5m/BTCUSDT-5m-2025-10-11.zip,OK,0f807acd067e480ebde6aff8fce6d528ca0e74c013331648b825292b0fc9445b,0f807acd067e480ebde6aff8fce6d528ca0e74c013331648b825292b0fc9445b
perp_5m,2025-10-12,288.0,OK,https://data.binance.vision/data/futures/um/daily/klines/BTCUSDT/5m/BTCUSDT-5m-2025-10-12.zip,OK,abdae8cdd2104ceadd33130e7bee42d159f8a7d4b89a36439861f2a8a29bfead,abdae8cdd2104ceadd33130e7bee42d159f8a7d4b89a36439861f2a8a29bfead
perp_5m,2025-10-13,288.0,OK,https://data.binance.vision/data/futures/um/daily/klines/BTCUSDT/5m/BTCUSDT-5m-2025-10-13.zip,OK,fa5a1f40f8eea6411eb090a28af1937060ea526cd2a2d6583a1aa921f9b8c155,fa5a1f40f8eea6411eb090a28af1937060ea526cd2a2d6583a1aa921f9b8c155
perp_5m,2025-10-14,288.0,OK,https://data.binance.vision/data/futures/um/daily/klines/BTCUSDT/5m/BTCUSDT-5m-2025-10-14.zip,OK,485d5b6dbb06ed71c8a918fb3d9c7bd1f876a93793632231275077e209595ea3,485d5b6dbb06ed71c8a918fb3d9c7bd1f876a93793632231275077e209595ea3
perp_5m,2025-10-15,288.0,OK,https://data.binance.vision/data/futures/um/daily/klines/BTCUSDT/5m/BTCUSDT-5m-2025-10-15.zip,OK,9024026af80a18a1a32d1f754756cb14375a8081a15e2f912a053f45fa3a4981,9024026af80a18a1a32d1f754756cb14375a8081a15e2f912a053f45fa3a4981
perp_5m,2025-10-16,288.0,OK,https://data.binance.vision/data/futures/um/daily/klines/BTCUSDT/5m/BTCUSDT-5m-2025-10-16.zip,OK,f50153166e4e7fbd53ac6e201a5bfa7484433489ea43067b50ac8e78153f3609,f50153166e4e7fbd53ac6e201a5bfa7484433489ea43067b50ac8e78153f3609
perp_5m,2025-10-17,288.0,OK,https://data.binance.vision/data/futures/um/daily/klines/BTCUSDT/5m/BTCUSDT-5m-2025-10-17.zip,OK,de1b2086f2365749d6f6cdd97e9cb61a167b6d0b928830aae5f88a288efd25dc,de1b2086f2365749d6f6cdd97e9cb61a167b6d0b928830aae5f88a288efd25dc
perp_5m,2025-10-18,288.0,OK,https://data.binance.vision/data/futures/um/daily/klines/BTCUSDT/5m/BTCUSDT-5m-2025-10-18.zip,OK,c78a5f16b87c144b75f630b333f15a93f59829c9dc9d5336c31e219a975e01ff,c78a5f16b87c144b75f630b333f15a93f59829c9dc9d5336c31e219a975e01ff
perp_5m,2025-10-19,288.0,OK,https://data.binance.vision/data/futures/um/daily/klines/BTCUSDT/5m/BTCUSDT-5m-2025-10-19.zip,OK,8533c4285ece65a04f5d8040c6582a515b80c2193d97c40dff35f14d22635e21,8533c4285ece65a04f5d8040c6582a515b80c2193d97c40dff35f14d22635e21
perp_5m,2025-10-20,288.0,OK,https://data.binance.vision/data/futures/um/daily/klines/BTCUSDT/5m/BTCUSDT-5m-2025-10-20.zip,OK,6f289ef283eec5b79d0c6778c57b3ea4a7ebee809d7e8b5f78cb0bd4acf02b75,6f289ef283eec5b79d0c6778c57b3ea4a7ebee809d7e8b5f78cb0bd4acf02b75
perp_5m,2025-10-21,288.0,OK,https://data.binance.vision/data/futures/um/daily/klines/BTCUSDT/5m/BTCUSDT-5m-2025-10-21.zip,OK,39fa0634bb68e59a02776f3cd31b9c2fe15d19172f0a444ade37a9d83f410189,39fa0634bb68e59a02776f3cd31b9c2fe15d19172f0a444ade37a9d83f410189
perp_5m,2025-10-22,288.0,OK,https://data.binance.vision/data/futures/um/daily/klines/BTCUSDT/5m/BTCUSDT-5m-2025-10-22.zip,OK,e1c3805067deb99f4d0fa5109c00103f6e76a43339372436dbe35f8d1fb63ca7,e1c3805067deb99f4d0fa5109c00103f6e76a43339372436dbe35f8d1fb63ca7
perp_5m,2025-10-23,288.0,OK,https://data.binance.vision/data/futures/um/daily/klines/BTCUSDT/5m/BTCUSDT-5m-2025-10-23.zip,OK,cae14d9e72f5e43da74dcefb67df23c29b44711d32737167994b6038623621d6,cae14d9e72f5e43da74dcefb67df23c29b44711d32737167994b6038623621d6
perp_5m,2025-10-24,288.0,OK,https://data.binance.vision/data/futures/um/daily/klines/BTCUSDT/5m/BTCUSDT-5m-2025-10-24.zip,OK,087dba2f99a0a0f124e1dae33311ad0c9c16de01ff26917494082e32231e0d10,087dba2f99a0a0f124e1dae33311ad0c9c16de01ff26917494082e32231e0d10
perp_5m,2025-10-25,288.0,OK,https://data.binance.vision/data/futures/um/daily/klines/BTCUSDT/5m/BTCUSDT-5m-2025-10-25.zip,OK,0330b6adddf7bee2a77b03e5c4fa1f9d77e968eff427b8eefbeb9ea7d8e61a00,0330b6adddf7bee2a77b03e5c4fa1f9d77e968eff427b8eefbeb9ea7d8e61a00
perp_5m,2025-10-26,288.0,OK,https://data.binance.vision/data/futures/um/daily/klines/BTCUSDT/5m/BTCUSDT-5m-2025-10-26.zip,OK,93063ff55462a1578f3fd17625cdf66e6e083b4df4d0ec43623ddaad86cc683b,93063ff55462a1578f3fd17625cdf66e6e083b4df4d0ec43623ddaad86cc683b
perp_5m,2025-10-27,288.0,OK,https://data.binance.vision/data/futures/um/daily/klines/BTCUSDT/5m/BTCUSDT-5m-2025-10-27.zip,OK,374a0e28d2f04de091b6536644a6043f2192256dd9bc9b23a10a6c84210dd4ce,374a0e28d2f04de091b6536644a6043f2192256dd9bc9b23a10a6c84210dd4ce
perp_5m,2025-10-28,288.0,OK,https://data.binance.vision/data/futures/um/daily/klines/BTCUSDT/5m/BTCUSDT-5m-2025-10-28.zip,OK,9a31356abf81592cb0af0a76b82eb51b9f3402a283eae7dfc37a8908e8148a2a,9a31356abf81592cb0af0a76b82eb51b9f3402a283eae7dfc37a8908e8148a2a
perp_5m,2025-10-29,288.0,OK,https://data.binance.vision/data/futures/um/daily/klines/BTCUSDT/5m/BTCUSDT-5m-2025-10-29.zip,OK,d6041806dc87abebd4d5acb03f201911349696d0ca36e2702b72bab2e6136a03,d6041806dc87abebd4d5acb03f201911349696d0ca36e2702b72bab2e6136a03
perp_5m,2025-10-30,288.0,OK,https://data.binance.vision/data/futures/um/daily/klines/BTCUSDT/5m/BTCUSDT-5m-2025-10-30.zip,OK,f1ccc74061a3c758e0aaf2dbbe8ea57be92eb191faf917c6c8c76c52b75bc1b2,f1ccc74061a3c758e0aaf2dbbe8ea57be92eb191faf917c6c8c76c52b75bc1b2
perp_5m,2025-10-31,288.0,OK,https://data.binance.vision/data/futures/um/daily/klines/BTCUSDT/5m/BTCUSDT-5m-2025-10-31.zip,OK,179bf7c7915a71b719b722312d4293fb196c0389e9cbedd4992bc5b0f3e94b5c,179bf7c7915a71b719b722312d4293fb196c0389e9cbedd4992bc5b0f3e94b5c
perp_5m,2025-11-01,288.0,OK,https://data.binance.vision/data/futures/um/daily/klines/BTCUSDT/5m/BTCUSDT-5m-2025-11-01.zip,OK,0e7ec612fb2533f7d98eb67ee2c1a3ebff0a30ade1e9c4beba2fb24d341e72d7,0e7ec612fb2533f7d98eb67ee2c1a3ebff0a30ade1e9c4beba2fb24d341e72d7
perp_5m,2025-11-02,288.0,OK,https://data.binance.vision/data/futures/um/daily/klines/BTCUSDT/5m/BTCUSDT-5m-2025-11-02.zip,OK,7a7842dcd01076408b4a1580db33462722d19fb96314c4bdf4843c9ad7d35da8,7a7842dcd01076408b4a1580db33462722d19fb96314c4bdf4843c9ad7d35da8
perp_5m,2025-11-03,288.0,OK,https://data.binance.vision/data/futures/um/daily/klines/BTCUSDT/5m/BTCUSDT-5m-2025-11-03.zip,OK,cff6fb5ab87878654dfb2ec68a44a0f21fd7d8a357effb849133fb91e5331583,cff6fb5ab87878654dfb2ec68a44a0f21fd7d8a357effb849133fb91e5331583
perp_5m,2025-11-04,288.0,OK,https://data.binance.vision/data/futures/um/daily/klines/BTCUSDT/5m/BTCUSDT-5m-2025-11-04.zip,OK,0eec10fd4cf256d50179018a9cd14c0de2aa6631b0eb9e60feb2dabdfd511656,0eec10fd4cf256d50179018a9cd14c0de2aa6631b0eb9e60feb2dabdfd511656
perp_5m,2025-11-05,288.0,OK,https://data.binance.vision/data/futures/um/daily/klines/BTCUSDT/5m/BTCUSDT-5m-2025-11-05.zip,OK,8d9349e4ba1a7bb707e7f5564c8c9346e8e5888e6326a6ab52fe46ffaf090861,8d9349e4ba1a7bb707e7f5564c8c9346e8e5888e6326a6ab52fe46ffaf090861
perp_5m,2025-11-06,288.0,OK,https://data.binance.vision/data/futures/um/daily/klines/BTCUSDT/5m/BTCUSDT-5m-2025-11-06.zip,OK,506bf9545ad777202171532cc248a05aa25a073571190e29e8471959b4645603,506bf9545ad777202171532cc248a05aa25a073571190e29e8471959b4645603
perp_5m,2025-11-07,288.0,OK,https://data.binance.vision/data/futures/um/daily/klines/BTCUSDT/5m/BTCUSDT-5m-2025-11-07.zip,OK,6790442e23863876d2c15712ddc40abc8baa68056363c8f8f040e8d4bdbc84e0,6790442e23863876d2c15712ddc40abc8baa68056363c8f8f040e8d4bdbc84e0
perp_5m,2025-11-08,288.0,OK,https://data.binance.vision/data/futures/um/daily/klines/BTCUSDT/5m/BTCUSDT-5m-2025-11-08.zip,OK,dba78289a5a6902a032bc7f52b9ed3148d29ef9e7037178f328fc4d454419b24,dba78289a5a6902a032bc7f52b9ed3148d29ef9e7037178f328fc4d454419b24
perp_5m,2025-11-09,288.0,OK,https://data.binance.vision/data/futures/um/daily/klines/BTCUSDT/5m/BTCUSDT-5m-2025-11-09.zip,OK,29f13811429be0959c1143f3de8edcc2ca737c7f82ac222b6416dc6c4c1a4b99,29f13811429be0959c1143f3de8edcc2ca737c7f82ac222b6416dc6c4c1a4b99
perp_5m,2025-11-10,288.0,OK,https://data.binance.vision/data/futures/um/daily/klines/BTCUSDT/5m/BTCUSDT-5m-2025-11-10.zip,OK,1ecdaad48f291575e2ac107e13183b692dc230101068f85a59340424401c0b23,1ecdaad48f291575e2ac107e13183b692dc230101068f85a59340424401c0b23
perp_5m,2025-11-11,288.0,OK,https://data.binance.vision/data/futures/um/daily/klines/BTCUSDT/5m/BTCUSDT-5m-2025-11-11.zip,OK,43759425a928b451dae8b53e67ec164895922e1b1b22037db65315e760c7a666,43759425a928b451dae8b53e67ec164895922e1b1b22037db65315e760c7a666
perp_5m,2025-11-12,288.0,OK,https://data.binance.vision/data/futures/um/daily/klines/BTCUSDT/5m/BTCUSDT-5m-2025-11-12.zip,OK,4f5b4f5c9e3b1a2ccff96653a9f2ab21fd64b8461fcc35d7594163a51905a65f,4f5b4f5c9e3b1a2ccff96653a9f2ab21fd64b8461fcc35d7594163a51905a65f
perp_5m,2025-11-13,288.0,OK,https://data.binance.vision/data/futures/um/daily/klines/BTCUSDT/5m/BTCUSDT-5m-2025-11-13.zip,OK,a2294b701e982cbcd660e1e35bbfdc9e1d35eb7f08e731db8b244c10cbeeeff2,a2294b701e982cbcd660e1e35bbfdc9e1d35eb7f08e731db8b244c10cbeeeff2
perp_5m,2025-11-14,288.0,OK,https://data.binance.vision/data/futures/um/daily/klines/BTCUSDT/5m/BTCUSDT-5m-2025-11-14.zip,OK,19af6380fee3ec1ed10ba82cda18fe24652993e1ae8d7ce2d7bcfcc9c7a883ca,19af6380fee3ec1ed10ba82cda18fe24652993e1ae8d7ce2d7bcfcc9c7a883ca
perp_5m,2025-11-15,288.0,OK,https://data.binance.vision/data/futures/um/daily/klines/BTCUSDT/5m/BTCUSDT-5m-2025-11-15.zip,OK,79e89522df447c5214c93fe780dfd50a0e363e3b2070c7c2168bfd84de6e4059,79e89522df447c5214c93fe780dfd50a0e363e3b2070c7c2168bfd84de6e4059
perp_5m,2025-11-16,288.0,OK,https://data.binance.vision/data/futures/um/daily/klines/BTCUSDT/5m/BTCUSDT-5m-2025-11-16.zip,OK,d207ca037a7b79617151ee5067a927802e432c86b4f68bb860ed4b47b03ec831,d207ca037a7b79617151ee5067a927802e432c86b4f68bb860ed4b47b03ec831
perp_5m,2025-11-17,288.0,OK,https://data.binance.vision/data/futures/um/daily/klines/BTCUSDT/5m/BTCUSDT-5m-2025-11-17.zip,OK,11dd15385077a8ee12245b4d2d444aec13477a70ba85493feec4d98361ed699a,11dd15385077a8ee12245b4d2d444aec13477a70ba85493feec4d98361ed699a
perp_5m,2025-11-18,288.0,OK,https://data.binance.vision/data/futures/um/daily/klines/BTCUSDT/5m/BTCUSDT-5m-2025-11-18.zip,OK,b6230a3c045dc9d7d9417a2b1836be1814e6b4b76656faf5664dbe774786122f,b6230a3c045dc9d7d9417a2b1836be1814e6b4b76656faf5664dbe774786122f
perp_5m,2025-11-19,288.0,OK,https://data.binance.vision/data/futures/um/daily/klines/BTCUSDT/5m/BTCUSDT-5m-2025-11-19.zip,OK,a10937f341b0220fc993fb70e8f22c31f16f413ee8df19ffc279f59e6adb9e96,a10937f341b0220fc993fb70e8f22c31f16f413ee8df19ffc279f59e6adb9e96
perp_5m,2025-11-20,288.0,OK,https://data.binance.vision/data/futures/um/daily/klines/BTCUSDT/5m/BTCUSDT-5m-2025-11-20.zip,OK,360f37d5c376031c3fccb7df0750682a5d8fefb647106cfb7d8eb3e9dd17bda9,360f37d5c376031c3fccb7df0750682a5d8fefb647106cfb7d8eb3e9dd17bda9
perp_5m,2025-11-21,288.0,OK,https://data.binance.vision/data/futures/um/daily/klines/BTCUSDT/5m/BTCUSDT-5m-2025-11-21.zip,OK,47af0b8ec79bdb287e45a08443575d53986ce035623a76674e6ff06e972d4450,47af0b8ec79bdb287e45a08443575d53986ce035623a76674e6ff06e972d4450
perp_5m,2025-11-22,288.0,OK,https://data.binance.vision/data/futures/um/daily/klines/BTCUSDT/5m/BTCUSDT-5m-2025-11-22.zip,OK,8c179a4149d586fb1a87db8b6019802cc49d9bfdaec1c910d1804070e121ffa7,8c179a4149d586fb1a87db8b6019802cc49d9bfdaec1c910d1804070e121ffa7
perp_5m,2025-11-23,288.0,OK,https://data.binance.vision/data/futures/um/daily/klines/BTCUSDT/5m/BTCUSDT-5m-2025-11-23.zip,OK,8cedea090ee40b1bbd0478b422e75efca8a404d5ce90df4c83aa6a741f817503,8cedea090ee40b1bbd0478b422e75efca8a404d5ce90df4c83aa6a741f817503
perp_5m,2025-11-24,288.0,OK,https://data.binance.vision/data/futures/um/daily/klines/BTCUSDT/5m/BTCUSDT-5m-2025-11-24.zip,OK,30d4cd7041e58a597704cc876d0cf5ea8177c16eb5512ba2e8ecb6429ba4f2ff,30d4cd7041e58a597704cc876d0cf5ea8177c16eb5512ba2e8ecb6429ba4f2ff
perp_5m,2025-11-25,288.0,OK,https://data.binance.vision/data/futures/um/daily/klines/BTCUSDT/5m/BTCUSDT-5m-2025-11-25.zip,OK,7c45ca4ed60d991e435159dfa01b9033eb1d9083a55e7be92c312e3900c3521a,7c45ca4ed60d991e435159dfa01b9033eb1d9083a55e7be92c312e3900c3521a
perp_5m,2025-11-26,288.0,OK,https://data.binance.vision/data/futures/um/daily/klines/BTCUSDT/5m/BTCUSDT-5m-2025-11-26.zip,OK,6e86916e59d29696cd7616c2bca48c73d156081a72a39b19bf912f28fad84667,6e86916e59d29696cd7616c2bca48c73d156081a72a39b19bf912f28fad84667
perp_5m,2025-11-27,288.0,OK,https://data.binance.vision/data/futures/um/daily/klines/BTCUSDT/5m/BTCUSDT-5m-2025-11-27.zip,OK,89c751f5c94cdb3a407e8ffbde0ade91a39881ab041f817b3965f4b2a35f809e,89c751f5c94cdb3a407e8ffbde0ade91a39881ab041f817b3965f4b2a35f809e
perp_5m,2025-11-28,288.0,OK,https://data.binance.vision/data/futures/um/daily/klines/BTCUSDT/5m/BTCUSDT-5m-2025-11-28.zip,OK,379e4d7f3758f026e4ab92a7b625d4fedcfeed9704d25278766c4b98fd5b1e87,379e4d7f3758f026e4ab92a7b625d4fedcfeed9704d25278766c4b98fd5b1e87
perp_5m,2025-11-29,288.0,OK,https://data.binance.vision/data/futures/um/daily/klines/BTCUSDT/5m/BTCUSDT-5m-2025-11-29.zip,OK,fc978625543ffafdc346e965d4dba8e5abad4fe31bf29a218c7c5dd6429a5a54,fc978625543ffafdc346e965d4dba8e5abad4fe31bf29a218c7c5dd6429a5a54
perp_5m,2025-11-30,288.0,OK,https://data.binance.vision/data/futures/um/daily/klines/BTCUSDT/5m/BTCUSDT-5m-2025-11-30.zip,OK,3fcec73a19ed86d52390a44138c1e5ffa600c57ade2c216c777fba8235158973,3fcec73a19ed86d52390a44138c1e5ffa600c57ade2c216c777fba8235158973
perp_5m,2025-12-01,288.0,OK,https://data.binance.vision/data/futures/um/daily/klines/BTCUSDT/5m/BTCUSDT-5m-2025-12-01.zip,OK,cc8beb54709816cf2b60a7ba4048b99a4082fb296b00a53e174917dacb550bd4,cc8beb54709816cf2b60a7ba4048b99a4082fb296b00a53e174917dacb550bd4
perp_5m,2025-12-02,288.0,OK,https://data.binance.vision/data/futures/um/daily/klines/BTCUSDT/5m/BTCUSDT-5m-2025-12-02.zip,OK,4a7f450d1a13034636a15e7f821d5bb89b7362bd9d8d47515a1bc44d636b15f0,4a7f450d1a13034636a15e7f821d5bb89b7362bd9d8d47515a1bc44d636b15f0
perp_5m,2025-12-03,288.0,OK,https://data.binance.vision/data/futures/um/daily/klines/BTCUSDT/5m/BTCUSDT-5m-2025-12-03.zip,OK,7c09266755e0b5eec5edd3043192bc16bff8b13b036564581bb12af2fa2a3989,7c09266755e0b5eec5edd3043192bc16bff8b13b036564581bb12af2fa2a3989
perp_5m,2025-12-04,288.0,OK,https://data.binance.vision/data/futures/um/daily/klines/BTCUSDT/5m/BTCUSDT-5m-2025-12-04.zip,OK,7e6cf198df6ac052b88548a3c183583cc8e795fb41e72e4d14588865606c6c9b,7e6cf198df6ac052b88548a3c183583cc8e795fb41e72e4d14588865606c6c9b
perp_5m,2025-12-05,288.0,OK,https://data.binance.vision/data/futures/um/daily/klines/BTCUSDT/5m/BTCUSDT-5m-2025-12-05.zip,OK,578d46e3f21e8cd5f36be67f341edc403e59e19ecfde77235b92cb9f284aad1d,578d46e3f21e8cd5f36be67f341edc403e59e19ecfde77235b92cb9f284aad1d
perp_5m,2025-12-06,288.0,OK,https://data.binance.vision/data/futures/um/daily/klines/BTCUSDT/5m/BTCUSDT-5m-2025-12-06.zip,OK,24aaab25891c1edf35c6dce55b88bc7f7e2bcb4ac023e962819bba3426805059,24aaab25891c1edf35c6dce55b88bc7f7e2bcb4ac023e962819bba3426805059
perp_5m,2025-12-07,288.0,OK,https://data.binance.vision/data/futures/um/daily/klines/BTCUSDT/5m/BTCUSDT-5m-2025-12-07.zip,OK,0e633fd60939f44ba6ecf185734d448fa6e41362577fc7b7305ce969afb6315e,0e633fd60939f44ba6ecf185734d448fa6e41362577fc7b7305ce969afb6315e
perp_5m,2025-12-08,288.0,OK,https://data.binance.vision/data/futures/um/daily/klines/BTCUSDT/5m/BTCUSDT-5m-2025-12-08.zip,OK,597c4332fed3e5d41a34e2c80708497fc5ce2fdc2fc692db0d3c265b9e0a3ee6,597c4332fed3e5d41a34e2c80708497fc5ce2fdc2fc692db0d3c265b9e0a3ee6
perp_5m,2025-12-09,288.0,OK,https://data.binance.vision/data/futures/um/daily/klines/BTCUSDT/5m/BTCUSDT-5m-2025-12-09.zip,OK,ebc892808489d6007b3abc9cf538943e8166e134f0f2a53e71a9a8608dd6d55c,ebc892808489d6007b3abc9cf538943e8166e134f0f2a53e71a9a8608dd6d55c
perp_5m,2025-12-10,288.0,OK,https://data.binance.vision/data/futures/um/daily/klines/BTCUSDT/5m/BTCUSDT-5m-2025-12-10.zip,OK,a331c6355feb1db42aaf1f92547bf815f56e03a323476dabee31c64e20010a54,a331c6355feb1db42aaf1f92547bf815f56e03a323476dabee31c64e20010a54
perp_5m,2025-12-11,288.0,OK,https://data.binance.vision/data/futures/um/daily/klines/BTCUSDT/5m/BTCUSDT-5m-2025-12-11.zip,OK,d930ebd433a87fe11e68ecbec02096d5a0d1831a4188798009e8737877e7cf79,d930ebd433a87fe11e68ecbec02096d5a0d1831a4188798009e8737877e7cf79
perp_5m,2025-12-12,288.0,OK,https://data.binance.vision/data/futures/um/daily/klines/BTCUSDT/5m/BTCUSDT-5m-2025-12-12.zip,OK,eff09a593a5ec3c1bcad56920b332645969a3d7c093f9b7fc90118459d866bb9,eff09a593a5ec3c1bcad56920b332645969a3d7c093f9b7fc90118459d866bb9
perp_5m,2025-12-13,288.0,OK,https://data.binance.vision/data/futures/um/daily/klines/BTCUSDT/5m/BTCUSDT-5m-2025-12-13.zip,OK,c15ce50f909136a80446e561905ae8fe0dc9d54097744a3d1f47d15e1fdb94bf,c15ce50f909136a80446e561905ae8fe0dc9d54097744a3d1f47d15e1fdb94bf
perp_5m,2025-12-14,288.0,OK,https://data.binance.vision/data/futures/um/daily/klines/BTCUSDT/5m/BTCUSDT-5m-2025-12-14.zip,OK,c6fb855530772d064c0a44582f0ccd528717cb696dfb81ab559153f4917a8118,c6fb855530772d064c0a44582f0ccd528717cb696dfb81ab559153f4917a8118
perp_5m,2025-12-15,288.0,OK,https://data.binance.vision/data/futures/um/daily/klines/BTCUSDT/5m/BTCUSDT-5m-2025-12-15.zip,OK,fd9c103a2e432239c51ac7ade1524fe1b7c8addecc4c88788e6e1c690c73dff3,fd9c103a2e432239c51ac7ade1524fe1b7c8addecc4c88788e6e1c690c73dff3
perp_5m,2025-12-16,288.0,OK,https://data.binance.vision/data/futures/um/daily/klines/BTCUSDT/5m/BTCUSDT-5m-2025-12-16.zip,OK,67320223c4406036eb5ea3cb04ed121984efbb6918e5ec94f5e19c52aa7b1387,67320223c4406036eb5ea3cb04ed121984efbb6918e5ec94f5e19c52aa7b1387
perp_5m,2025-12-17,288.0,OK,https://data.binance.vision/data/futures/um/daily/klines/BTCUSDT/5m/BTCUSDT-5m-2025-12-17.zip,OK,f45b189eca13a939a27ae7a6f0acb70840e54433009180a4e7d8e9021d350ce4,f45b189eca13a939a27ae7a6f0acb70840e54433009180a4e7d8e9021d350ce4
perp_5m,2025-12-18,288.0,OK,https://data.binance.vision/data/futures/um/daily/klines/BTCUSDT/5m/BTCUSDT-5m-2025-12-18.zip,OK,cd70ccdc74dd709fe5633e0d1e5bb2d073441a8b744958f3953e5154070a5adb,cd70ccdc74dd709fe5633e0d1e5bb2d073441a8b744958f3953e5154070a5adb
perp_5m,2025-12-19,288.0,OK,https://data.binance.vision/data/futures/um/daily/klines/BTCUSDT/5m/BTCUSDT-5m-2025-12-19.zip,OK,667ef0b28b7ef88abab46b9a7ebdc638bb2b5269438a0df8e4bc9f78d71f35e8,667ef0b28b7ef88abab46b9a7ebdc638bb2b5269438a0df8e4bc9f78d71f35e8
perp_5m,2025-12-20,288.0,OK,https://data.binance.vision/data/futures/um/daily/klines/BTCUSDT/5m/BTCUSDT-5m-2025-12-20.zip,OK,2b3d9f986f23bd94702d38c97942a148a7e2bfeebdd2cd2676d9b2bf7face920,2b3d9f986f23bd94702d38c97942a148a7e2bfeebdd2cd2676d9b2bf7face920
perp_5m,2025-12-21,288.0,OK,https://data.binance.vision/data/futures/um/daily/klines/BTCUSDT/5m/BTCUSDT-5m-2025-12-21.zip,OK,432bbe9a979b593f5e068aa6572f562b0949a77a783fcdc9bda2e9b637229b05,432bbe9a979b593f5e068aa6572f562b0949a77a783fcdc9bda2e9b637229b05
perp_5m,2025-12-22,288.0,OK,https://data.binance.vision/data/futures/um/daily/klines/BTCUSDT/5m/BTCUSDT-5m-2025-12-22.zip,OK,8eb3164e7b78a70984c437410c04dd42563bcefba75df0f086bbd5487a85bc91,8eb3164e7b78a70984c437410c04dd42563bcefba75df0f086bbd5487a85bc91
perp_5m,2025-12-23,288.0,OK,https://data.binance.vision/data/futures/um/daily/klines/BTCUSDT/5m/BTCUSDT-5m-2025-12-23.zip,OK,72fa417ce9d859bc251bb1f772b9bf8fc00722e116f7c05c20da7574dbc603e7,72fa417ce9d859bc251bb1f772b9bf8fc00722e116f7c05c20da7574dbc603e7
perp_5m,2025-12-24,288.0,OK,https://data.binance.vision/data/futures/um/daily/klines/BTCUSDT/5m/BTCUSDT-5m-2025-12-24.zip,OK,1364ad07ea789abe2612de1a23eac9532ab66a22b131f59bd02850ecb744dc44,1364ad07ea789abe2612de1a23eac9532ab66a22b131f59bd02850ecb744dc44
perp_5m,2025-12-25,288.0,OK,https://data.binance.vision/data/futures/um/daily/klines/BTCUSDT/5m/BTCUSDT-5m-2025-12-25.zip,OK,2d4b790a0bc8ca2b9fe80f0c1c26d918804db5ce34d34506ca08d6b3532a22a6,2d4b790a0bc8ca2b9fe80f0c1c26d918804db5ce34d34506ca08d6b3532a22a6
perp_5m,2025-12-26,288.0,OK,https://data.binance.vision/data/futures/um/daily/klines/BTCUSDT/5m/BTCUSDT-5m-2025-12-26.zip,OK,38bbf296b8d414d02895a30f151abc12aeb4dcb217df61666ddec067d7fe49ae,38bbf296b8d414d02895a30f151abc12aeb4dcb217df61666ddec067d7fe49ae
perp_5m,2025-12-27,288.0,OK,https://data.binance.vision/data/futures/um/daily/klines/BTCUSDT/5m/BTCUSDT-5m-2025-12-27.zip,OK,91f52baab25c3f358c7a5fee01ba7d53d0e8a981b701eaa43f93fe68aad62b9f,91f52baab25c3f358c7a5fee01ba7d53d0e8a981b701eaa43f93fe68aad62b9f
perp_5m,2025-12-28,288.0,OK,https://data.binance.vision/data/futures/um/daily/klines/BTCUSDT/5m/BTCUSDT-5m-2025-12-28.zip,OK,f4e204f13590c46f1dc17cdd1ab6ccc32e720cc1a78f756418318975a882f0cc,f4e204f13590c46f1dc17cdd1ab6ccc32e720cc1a78f756418318975a882f0cc
perp_5m,2025-12-29,288.0,OK,https://data.binance.vision/data/futures/um/daily/klines/BTCUSDT/5m/BTCUSDT-5m-2025-12-29.zip,OK,38ad89413b03d85c447d09c79f33fb049e731f0de852bf33503da28226be58e1,38ad89413b03d85c447d09c79f33fb049e731f0de852bf33503da28226be58e1
perp_5m,2025-12-30,288.0,OK,https://data.binance.vision/data/futures/um/daily/klines/BTCUSDT/5m/BTCUSDT-5m-2025-12-30.zip,OK,45a68bcfbe2d1b6046d2788f4635b19488aa5aca23dcef3cb8b2191f3f1054ac,45a68bcfbe2d1b6046d2788f4635b19488aa5aca23dcef3cb8b2191f3f1054ac
perp_5m,2025-12-31,288.0,OK,https://data.binance.vision/data/futures/um/daily/klines/BTCUSDT/5m/BTCUSDT-5m-2025-12-31.zip,OK,00f70d4a773c6887f88df93c4135a715953e7310081cc27eb337f4fe440f861c,00f70d4a773c6887f88df93c4135a715953e7310081cc27eb337f4fe440f861c
perp_5m,2026-01-01,288.0,OK,https://data.binance.vision/data/futures/um/daily/klines/BTCUSDT/5m/BTCUSDT-5m-2026-01-01.zip,OK,667975a97b54ebb871935ae4ed6895e1c86511100a235a7f5423c3ae975f8208,667975a97b54ebb871935ae4ed6895e1c86511100a235a7f5423c3ae975f8208
perp_5m,2026-01-02,288.0,OK,https://data.binance.vision/data/futures/um/daily/klines/BTCUSDT/5m/BTCUSDT-5m-2026-01-02.zip,OK,4cef4bd63b77abdfcc04f6b3273dea439f2b36a2372f256dd36e417e04f6df48,4cef4bd63b77abdfcc04f6b3273dea439f2b36a2372f256dd36e417e04f6df48
perp_5m,2026-01-03,288.0,OK,https://data.binance.vision/data/futures/um/daily/klines/BTCUSDT/5m/BTCUSDT-5m-2026-01-03.zip,OK,a4f852163a4708e1fcd885369d9a63a552b0694b954f83dbb7147c459dd6fd3c,a4f852163a4708e1fcd885369d9a63a552b0694b954f83dbb7147c459dd6fd3c
perp_5m,2026-01-04,288.0,OK,https://data.binance.vision/data/futures/um/daily/klines/BTCUSDT/5m/BTCUSDT-5m-2026-01-04.zip,OK,4ddb4254c0c189e4c67382cc6a12c575502bcb53997bb72b613b034ff1a07029,4ddb4254c0c189e4c67382cc6a12c575502bcb53997bb72b613b034ff1a07029
perp_5m,2026-01-05,288.0,OK,https://data.binance.vision/data/futures/um/daily/klines/BTCUSDT/5m/BTCUSDT-5m-2026-01-05.zip,OK,d19b54313d85d03b06d33eacad24dca5d48bdff4024ecc11ce2d76b8e880bb86,d19b54313d85d03b06d33eacad24dca5d48bdff4024ecc11ce2d76b8e880bb86
perp_5m,2026-01-06,288.0,OK,https://data.binance.vision/data/futures/um/daily/klines/BTCUSDT/5m/BTCUSDT-5m-2026-01-06.zip,OK,6edb48216b4561c59e4417ba8bb82ee400b35f8dd3e915e7d0347606878c7c5a,6edb48216b4561c59e4417ba8bb82ee400b35f8dd3e915e7d0347606878c7c5a
perp_5m,2026-01-07,288.0,OK,https://data.binance.vision/data/futures/um/daily/klines/BTCUSDT/5m/BTCUSDT-5m-2026-01-07.zip,OK,0c3cc8e8c858e260888e41760e55b48c67b0018bfef8ab351c27f6b83e00b89b,0c3cc8e8c858e260888e41760e55b48c67b0018bfef8ab351c27f6b83e00b89b
perp_5m,2026-01-08,288.0,OK,https://data.binance.vision/data/futures/um/daily/klines/BTCUSDT/5m/BTCUSDT-5m-2026-01-08.zip,OK,e9b094d24ecd9bb18777a01205477aadf9a6e9113c41e2dcc8e5302a50b06ede,e9b094d24ecd9bb18777a01205477aadf9a6e9113c41e2dcc8e5302a50b06ede
perp_5m,2026-01-09,288.0,OK,https://data.binance.vision/data/futures/um/daily/klines/BTCUSDT/5m/BTCUSDT-5m-2026-01-09.zip,OK,57e92ab446fff47b8a7ee658f2e7e274d92378f18b9b374c5d19c394758911cd,57e92ab446fff47b8a7ee658f2e7e274d92378f18b9b374c5d19c394758911cd
perp_5m,2026-01-10,288.0,OK,https://data.binance.vision/data/futures/um/daily/klines/BTCUSDT/5m/BTCUSDT-5m-2026-01-10.zip,OK,a18c2e49fd0f279233d37176c26db485ec464b2f33f1e4ee373feffda8a565c8,a18c2e49fd0f279233d37176c26db485ec464b2f33f1e4ee373feffda8a565c8
perp_5m,2026-01-11,288.0,OK,https://data.binance.vision/data/futures/um/daily/klines/BTCUSDT/5m/BTCUSDT-5m-2026-01-11.zip,OK,9154312c856cceeb01a13563724722e83f94374a25491ef6fc8f7b9077d08b98,9154312c856cceeb01a13563724722e83f94374a25491ef6fc8f7b9077d08b98
perp_5m,2026-01-12,288.0,OK,https://data.binance.vision/data/futures/um/daily/klines/BTCUSDT/5m/BTCUSDT-5m-2026-01-12.zip,OK,e42b65b8f411d13f883c3bf4da27c2757208e6afa125f846af9bbdad2f8ab88e,e42b65b8f411d13f883c3bf4da27c2757208e6afa125f846af9bbdad2f8ab88e
perp_5m,2026-01-13,288.0,OK,https://data.binance.vision/data/futures/um/daily/klines/BTCUSDT/5m/BTCUSDT-5m-2026-01-13.zip,OK,b8259cc1e5afb12e16086abd4c4a11ed481ef54d67f6bc968890bfb41f031962,b8259cc1e5afb12e16086abd4c4a11ed481ef54d67f6bc968890bfb41f031962
perp_5m,2026-01-14,288.0,OK,https://data.binance.vision/data/futures/um/daily/klines/BTCUSDT/5m/BTCUSDT-5m-2026-01-14.zip,OK,f56ed0a719a32255ed4a72b1d6e117d8d66a7af3762897526cb2179ef9e4e7ec,f56ed0a719a32255ed4a72b1d6e117d8d66a7af3762897526cb2179ef9e4e7ec
perp_5m,2026-01-15,288.0,OK,https://data.binance.vision/data/futures/um/daily/klines/BTCUSDT/5m/BTCUSDT-5m-2026-01-15.zip,OK,40f029d63c8ea4fc2cb2f6c587aa1f763a08a07fecbffee38877faff1eb2c33a,40f029d63c8ea4fc2cb2f6c587aa1f763a08a07fecbffee38877faff1eb2c33a
perp_5m,2026-01-16,288.0,OK,https://data.binance.vision/data/futures/um/daily/klines/BTCUSDT/5m/BTCUSDT-5m-2026-01-16.zip,OK,a7d7e3473f0eaaf03beb6734afe894376a39fe3107a8b6fac397b59f9c4af7a9,a7d7e3473f0eaaf03beb6734afe894376a39fe3107a8b6fac397b59f9c4af7a9
perp_5m,2026-01-17,288.0,OK,https://data.binance.vision/data/futures/um/daily/klines/BTCUSDT/5m/BTCUSDT-5m-2026-01-17.zip,OK,c014bd45b3e1a29cfa39ab444a5455a62981a17767b424771a1ef1da313f565b,c014bd45b3e1a29cfa39ab444a5455a62981a17767b424771a1ef1da313f565b
perp_5m,2026-01-18,288.0,OK,https://data.binance.vision/data/futures/um/daily/klines/BTCUSDT/5m/BTCUSDT-5m-2026-01-18.zip,OK,2043282e034eac8112aa982a856e2243113380c588667e7dcba7fcc7bf8895b1,2043282e034eac8112aa982a856e2243113380c588667e7dcba7fcc7bf8895b1
perp_5m,2026-01-19,288.0,OK,https://data.binance.vision/data/futures/um/daily/klines/BTCUSDT/5m/BTCUSDT-5m-2026-01-19.zip,OK,ead862508ee028bca42a4bb0902f8d587e399fb3a153477c5a362dfe5f99b8ec,ead862508ee028bca42a4bb0902f8d587e399fb3a153477c5a362dfe5f99b8ec
perp_5m,2026-01-20,288.0,OK,https://data.binance.vision/data/futures/um/daily/klines/BTCUSDT/5m/BTCUSDT-5m-2026-01-20.zip,OK,cad6ee63074d201d359e236dddec6b490687ca184609a0a8290dc464882969d2,cad6ee63074d201d359e236dddec6b490687ca184609a0a8290dc464882969d2
perp_5m,2026-01-21,288.0,OK,https://data.binance.vision/data/futures/um/daily/klines/BTCUSDT/5m/BTCUSDT-5m-2026-01-21.zip,OK,0621aef4889f4d70e9028db50388916b6cfeef9c93de9ccf7dbdc028a6506e43,0621aef4889f4d70e9028db50388916b6cfeef9c93de9ccf7dbdc028a6506e43
perp_5m,2026-01-22,288.0,OK,https://data.binance.vision/data/futures/um/daily/klines/BTCUSDT/5m/BTCUSDT-5m-2026-01-22.zip,OK,89645615ed0d5a7898aa2ca31475e3282faae77548d0c159199b83017e7725d4,89645615ed0d5a7898aa2ca31475e3282faae77548d0c159199b83017e7725d4
perp_5m,2026-01-23,288.0,OK,https://data.binance.vision/data/futures/um/daily/klines/BTCUSDT/5m/BTCUSDT-5m-2026-01-23.zip,OK,7da99442146edd922c9083fee40bc03acae70fec29f21f48b3b851427ec0f620,7da99442146edd922c9083fee40bc03acae70fec29f21f48b3b851427ec0f620
perp_5m,2026-01-24,288.0,OK,https://data.binance.vision/data/futures/um/daily/klines/BTCUSDT/5m/BTCUSDT-5m-2026-01-24.zip,OK,0ad6b45772147e6d92e55c817343a0017449da477eb093eb481c9b5056672b3a,0ad6b45772147e6d92e55c817343a0017449da477eb093eb481c9b5056672b3a
perp_5m,2026-01-25,288.0,OK,https://data.binance.vision/data/futures/um/daily/klines/BTCUSDT/5m/BTCUSDT-5m-2026-01-25.zip,OK,7355dd67cc215349c99b4605838e2cfef497500f2011758c16aa4ced29d1fad5,7355dd67cc215349c99b4605838e2cfef497500f2011758c16aa4ced29d1fad5
perp_5m,2026-01-26,288.0,OK,https://data.binance.vision/data/futures/um/daily/klines/BTCUSDT/5m/BTCUSDT-5m-2026-01-26.zip,OK,6fc9ca8764fd296114d9bf3573cfbd77321cef25ac118bcde7344697f29f4e90,6fc9ca8764fd296114d9bf3573cfbd77321cef25ac118bcde7344697f29f4e90
perp_5m,2026-01-27,288.0,OK,https://data.binance.vision/data/futures/um/daily/klines/BTCUSDT/5m/BTCUSDT-5m-2026-01-27.zip,OK,18b743a2feb79f94c986b24c4983f9e900a43850e8bfec134ad8861c4a1959c7,18b743a2feb79f94c986b24c4983f9e900a43850e8bfec134ad8861c4a1959c7
perp_5m,2026-01-28,288.0,OK,https://data.binance.vision/data/futures/um/daily/klines/BTCUSDT/5m/BTCUSDT-5m-2026-01-28.zip,OK,2c7dcbced466840eb15bb3b5cf41cd064e81a57461ab33c551b70bdef2fae54d,2c7dcbced466840eb15bb3b5cf41cd064e81a57461ab33c551b70bdef2fae54d
perp_5m,2026-01-29,288.0,OK,https://data.binance.vision/data/futures/um/daily/klines/BTCUSDT/5m/BTCUSDT-5m-2026-01-29.zip,OK,88a75c6dee49482e2497cc2005095d29a6d585fc8525aef8bf9cebe08f477b7a,88a75c6dee49482e2497cc2005095d29a6d585fc8525aef8bf9cebe08f477b7a
perp_5m,2026-01-30,288.0,OK,https://data.binance.vision/data/futures/um/daily/klines/BTCUSDT/5m/BTCUSDT-5m-2026-01-30.zip,OK,5b6bc2214e22883df2cacbcfb03fb1d04a5ccfe9c872b8260f916ba15742e4bc,5b6bc2214e22883df2cacbcfb03fb1d04a5ccfe9c872b8260f916ba15742e4bc
perp_5m,2026-01-31,288.0,OK,https://data.binance.vision/data/futures/um/daily/klines/BTCUSDT/5m/BTCUSDT-5m-2026-01-31.zip,OK,e61f2651c0a344009e3bd90fe029cda7e2539b3bd19deace750cc76098b6bac8,e61f2651c0a344009e3bd90fe029cda7e2539b3bd19deace750cc76098b6bac8
perp_5m,2026-02-01,288.0,OK,https://data.binance.vision/data/futures/um/daily/klines/BTCUSDT/5m/BTCUSDT-5m-2026-02-01.zip,OK,64b564f09a89a7affd1cd34294776585cc704c8cd33234c4b44df9698713abe8,64b564f09a89a7affd1cd34294776585cc704c8cd33234c4b44df9698713abe8
perp_5m,2026-02-02,288.0,OK,https://data.binance.vision/data/futures/um/daily/klines/BTCUSDT/5m/BTCUSDT-5m-2026-02-02.zip,OK,f5fc277f7083143570ce51b168f180091e252cdd2abf7e9ed64643ffef4a3e47,f5fc277f7083143570ce51b168f180091e252cdd2abf7e9ed64643ffef4a3e47
perp_5m,2026-02-03,288.0,OK,https://data.binance.vision/data/futures/um/daily/klines/BTCUSDT/5m/BTCUSDT-5m-2026-02-03.zip,OK,b8d9f614468413df0c2395e3addff7ab6fd3e68cfda861f118201353aecfbe4e,b8d9f614468413df0c2395e3addff7ab6fd3e68cfda861f118201353aecfbe4e
perp_5m,2026-02-04,288.0,OK,https://data.binance.vision/data/futures/um/daily/klines/BTCUSDT/5m/BTCUSDT-5m-2026-02-04.zip,OK,9a64ac355b798fbd9dfded2b678c497fc8de654d5d61742012262f58f416acd1,9a64ac355b798fbd9dfded2b678c497fc8de654d5d61742012262f58f416acd1
perp_5m,2026-02-05,288.0,OK,https://data.binance.vision/data/futures/um/daily/klines/BTCUSDT/5m/BTCUSDT-5m-2026-02-05.zip,OK,34c977a139ba2841492ff25166a9a71c85f5406b1cd707493c97e024915faaf9,34c977a139ba2841492ff25166a9a71c85f5406b1cd707493c97e024915faaf9
perp_5m,2026-02-06,288.0,OK,https://data.binance.vision/data/futures/um/daily/klines/BTCUSDT/5m/BTCUSDT-5m-2026-02-06.zip,OK,4ca9b1e70da7d6ff77fbc50c542d6012883360381258412cce2d8b32eb09bf55,4ca9b1e70da7d6ff77fbc50c542d6012883360381258412cce2d8b32eb09bf55
perp_5m,2026-02-07,288.0,OK,https://data.binance.vision/data/futures/um/daily/klines/BTCUSDT/5m/BTCUSDT-5m-2026-02-07.zip,OK,06bb4e227d13d8117c481adaa1f8a82139a89f5bdeb33db23d6c1f7fd19005ad,06bb4e227d13d8117c481adaa1f8a82139a89f5bdeb33db23d6c1f7fd19005ad
perp_5m,2026-02-08,288.0,OK,https://data.binance.vision/data/futures/um/daily/klines/BTCUSDT/5m/BTCUSDT-5m-2026-02-08.zip,OK,108dbdad9be79a262e7c8a7bb859887fc87e523523f328bab4b347e79d7c8854,108dbdad9be79a262e7c8a7bb859887fc87e523523f328bab4b347e79d7c8854
perp_5m,2026-02-09,288.0,OK,https://data.binance.vision/data/futures/um/daily/klines/BTCUSDT/5m/BTCUSDT-5m-2026-02-09.zip,OK,8f972a482a5d45a6161fb2009105fa74771da50bb354f12f805a1852ec8df657,8f972a482a5d45a6161fb2009105fa74771da50bb354f12f805a1852ec8df657
perp_5m,2026-02-10,288.0,OK,https://data.binance.vision/data/futures/um/daily/klines/BTCUSDT/5m/BTCUSDT-5m-2026-02-10.zip,OK,c00c628a4e714a4fc5b9db878c57220d9152faff1d9fc29ddfb80665d6c43a8e,c00c628a4e714a4fc5b9db878c57220d9152faff1d9fc29ddfb80665d6c43a8e
perp_5m,2026-02-11,288.0,OK,https://data.binance.vision/data/futures/um/daily/klines/BTCUSDT/5m/BTCUSDT-5m-2026-02-11.zip,OK,8dfb51b6697bb0e215594355d3a16c0cd49919f8bddce8fddd27646291177ea7,8dfb51b6697bb0e215594355d3a16c0cd49919f8bddce8fddd27646291177ea7
perp_5m,2026-02-12,288.0,OK,https://data.binance.vision/data/futures/um/daily/klines/BTCUSDT/5m/BTCUSDT-5m-2026-02-12.zip,OK,577137e2d6cc20ddc5822234f538e0bc709a1d61ec6eac90b2d6d165073a533a,577137e2d6cc20ddc5822234f538e0bc709a1d61ec6eac90b2d6d165073a533a
perp_5m,2026-02-13,288.0,OK,https://data.binance.vision/data/futures/um/daily/klines/BTCUSDT/5m/BTCUSDT-5m-2026-02-13.zip,OK,dde8155ffb6b773b506dfa3966b1b2635af35eb438aafe015a9beabb737661ad,dde8155ffb6b773b506dfa3966b1b2635af35eb438aafe015a9beabb737661ad
perp_5m,2026-02-14,288.0,OK,https://data.binance.vision/data/futures/um/daily/klines/BTCUSDT/5m/BTCUSDT-5m-2026-02-14.zip,OK,d79ab7fafa375e0bd0755b73242686cdaab5817c076c36608246f7d26e5a60d0,d79ab7fafa375e0bd0755b73242686cdaab5817c076c36608246f7d26e5a60d0
perp_5m,2026-02-15,288.0,OK,https://data.binance.vision/data/futures/um/daily/klines/BTCUSDT/5m/BTCUSDT-5m-2026-02-15.zip,OK,7d32992866574274d351fc90bba9fbf9e563487969d2cb79366843725c471f3a,7d32992866574274d351fc90bba9fbf9e563487969d2cb79366843725c471f3a
perp_5m,2026-02-16,288.0,OK,https://data.binance.vision/data/futures/um/daily/klines/BTCUSDT/5m/BTCUSDT-5m-2026-02-16.zip,OK,cc9c6b0c780b19b698bbae73a3f5581e9842369270ab8f62838cd810183cca16,cc9c6b0c780b19b698bbae73a3f5581e9842369270ab8f62838cd810183cca16
perp_5m,2026-02-17,288.0,OK,https://data.binance.vision/data/futures/um/daily/klines/BTCUSDT/5m/BTCUSDT-5m-2026-02-17.zip,OK,4aaa540d44dd64f5120223e7c943c833c7f9cc4cfe91366ac7948281f599003b,4aaa540d44dd64f5120223e7c943c833c7f9cc4cfe91366ac7948281f599003b
perp_5m,2026-02-18,288.0,OK,https://data.binance.vision/data/futures/um/daily/klines/BTCUSDT/5m/BTCUSDT-5m-2026-02-18.zip,OK,37b17fbb7131fd531a836e2aa7c67356fd373eb0e478290fa80042b9f032b80d,37b17fbb7131fd531a836e2aa7c67356fd373eb0e478290fa80042b9f032b80d
perp_5m,2026-02-19,288.0,OK,https://data.binance.vision/data/futures/um/daily/klines/BTCUSDT/5m/BTCUSDT-5m-2026-02-19.zip,OK,9b9fb3930a1fbd9a6dbef00cfc2430f02a789fdbccade230d6f7ca159b67ccd0,9b9fb3930a1fbd9a6dbef00cfc2430f02a789fdbccade230d6f7ca159b67ccd0
perp_5m,2026-02-20,288.0,OK,https://data.binance.vision/data/futures/um/daily/klines/BTCUSDT/5m/BTCUSDT-5m-2026-02-20.zip,OK,13f5588f9ee6edbdf8efe870f82781ea21b7148b3fbe793e17b905eb7edceb09,13f5588f9ee6edbdf8efe870f82781ea21b7148b3fbe793e17b905eb7edceb09
perp_5m,2026-02-21,288.0,OK,https://data.binance.vision/data/futures/um/daily/klines/BTCUSDT/5m/BTCUSDT-5m-2026-02-21.zip,OK,7d3c1cf1d2fff253a71cd807b25bbe2b55d623385908474b34dfbb2d2e6519e6,7d3c1cf1d2fff253a71cd807b25bbe2b55d623385908474b34dfbb2d2e6519e6
perp_5m,2026-02-22,288.0,OK,https://data.binance.vision/data/futures/um/daily/klines/BTCUSDT/5m/BTCUSDT-5m-2026-02-22.zip,OK,fc09e7fa88799d6db04664133089e35f8a597779e0501966ec3f25b68bb0c433,fc09e7fa88799d6db04664133089e35f8a597779e0501966ec3f25b68bb0c433
perp_5m,2026-02-23,288.0,OK,https://data.binance.vision/data/futures/um/daily/klines/BTCUSDT/5m/BTCUSDT-5m-2026-02-23.zip,OK,64d64ad5bf1e3a8d38a6b1d4678f53217fdc7df052860dccfef1cfaee909ca79,64d64ad5bf1e3a8d38a6b1d4678f53217fdc7df052860dccfef1cfaee909ca79
perp_5m,2026-02-24,288.0,OK,https://data.binance.vision/data/futures/um/daily/klines/BTCUSDT/5m/BTCUSDT-5m-2026-02-24.zip,OK,0ae0c85defaf63b9cf8a9b8542bfc91ac1382f8d05b8b266383abf2a19bebbc7,0ae0c85defaf63b9cf8a9b8542bfc91ac1382f8d05b8b266383abf2a19bebbc7
perp_5m,2026-02-25,288.0,OK,https://data.binance.vision/data/futures/um/daily/klines/BTCUSDT/5m/BTCUSDT-5m-2026-02-25.zip,OK,6107c2e621a75c6909782f3e8d86e2e6992ffa111c5f3eb8cac17f375d8cd06c,6107c2e621a75c6909782f3e8d86e2e6992ffa111c5f3eb8cac17f375d8cd06c
perp_5m,2026-02-26,288.0,OK,https://data.binance.vision/data/futures/um/daily/klines/BTCUSDT/5m/BTCUSDT-5m-2026-02-26.zip,OK,f7d4bc1c7f2526237b0c801a2e8521ed5f9822eceb2f596e2f9bd23e72d94a48,f7d4bc1c7f2526237b0c801a2e8521ed5f9822eceb2f596e2f9bd23e72d94a48
perp_5m,2026-02-27,288.0,OK,https://data.binance.vision/data/futures/um/daily/klines/BTCUSDT/5m/BTCUSDT-5m-2026-02-27.zip,OK,3c2435496956a1f233a7d83c123b5175078be387139cf08c6dce6b29bf4ca5e4,3c2435496956a1f233a7d83c123b5175078be387139cf08c6dce6b29bf4ca5e4
perp_5m,2026-02-28,288.0,OK,https://data.binance.vision/data/futures/um/daily/klines/BTCUSDT/5m/BTCUSDT-5m-2026-02-28.zip,OK,987bda16233c3e5e104b720cc74e15d95e890e7476c40d39543428ccaff4a42a,987bda16233c3e5e104b720cc74e15d95e890e7476c40d39543428ccaff4a42a
perp_5m,2026-03-01,288.0,OK,https://data.binance.vision/data/futures/um/daily/klines/BTCUSDT/5m/BTCUSDT-5m-2026-03-01.zip,OK,881e40ef93a21e0795c3ad504503c98a76e6f2d78e79ca086afa8e86cc105cdf,881e40ef93a21e0795c3ad504503c98a76e6f2d78e79ca086afa8e86cc105cdf
perp_5m,2026-03-02,288.0,OK,https://data.binance.vision/data/futures/um/daily/klines/BTCUSDT/5m/BTCUSDT-5m-2026-03-02.zip,OK,8bd9be8ab6962d81b286805f2c9ef129480de1f29a84d229eafb75f43fd1cf5a,8bd9be8ab6962d81b286805f2c9ef129480de1f29a84d229eafb75f43fd1cf5a
perp_5m,2026-03-03,288.0,OK,https://data.binance.vision/data/futures/um/daily/klines/BTCUSDT/5m/BTCUSDT-5m-2026-03-03.zip,OK,fd2e025bf1ecfbdecc7b6e659572100d744b58967815d8aa203cd99961ad2e82,fd2e025bf1ecfbdecc7b6e659572100d744b58967815d8aa203cd99961ad2e82
perp_5m,2026-03-04,288.0,OK,https://data.binance.vision/data/futures/um/daily/klines/BTCUSDT/5m/BTCUSDT-5m-2026-03-04.zip,OK,970426aa99261987d1926d9399387bf476a62b8688c93402c5e0eaace84b87e7,970426aa99261987d1926d9399387bf476a62b8688c93402c5e0eaace84b87e7
perp_5m,2026-03-05,288.0,OK,https://data.binance.vision/data/futures/um/daily/klines/BTCUSDT/5m/BTCUSDT-5m-2026-03-05.zip,OK,30b5894f5d2483311adb1d5aca3a3963f6707e480c3453638a2cb60cca21e69d,30b5894f5d2483311adb1d5aca3a3963f6707e480c3453638a2cb60cca21e69d
perp_5m,2026-03-06,288.0,OK,https://data.binance.vision/data/futures/um/daily/klines/BTCUSDT/5m/BTCUSDT-5m-2026-03-06.zip,OK,e62964923237598fc3bdeef4d105a5aa43b7e81c9601b9b43e6aa3a2c7850ad5,e62964923237598fc3bdeef4d105a5aa43b7e81c9601b9b43e6aa3a2c7850ad5
perp_5m,2026-03-07,288.0,OK,https://data.binance.vision/data/futures/um/daily/klines/BTCUSDT/5m/BTCUSDT-5m-2026-03-07.zip,OK,5a37003e332d89a994cce0f670186a75894125fcd38101e2565237c853adb189,5a37003e332d89a994cce0f670186a75894125fcd38101e2565237c853adb189
perp_5m,2026-03-08,288.0,OK,https://data.binance.vision/data/futures/um/daily/klines/BTCUSDT/5m/BTCUSDT-5m-2026-03-08.zip,OK,e69c6066ee8ffed5c14aa172239ad6655015bd2b6d3d6fbb5e942d2c58478aef,e69c6066ee8ffed5c14aa172239ad6655015bd2b6d3d6fbb5e942d2c58478aef
perp_5m,2026-03-09,288.0,OK,https://data.binance.vision/data/futures/um/daily/klines/BTCUSDT/5m/BTCUSDT-5m-2026-03-09.zip,OK,0022c2b5dccb820b33f88aacde65e31292d7151579bee859a55f35eb75228d0b,0022c2b5dccb820b33f88aacde65e31292d7151579bee859a55f35eb75228d0b
perp_5m,2026-03-10,288.0,OK,https://data.binance.vision/data/futures/um/daily/klines/BTCUSDT/5m/BTCUSDT-5m-2026-03-10.zip,OK,29df2b7712f0fd973ac2d57fc1a6df341f28b28f4a1155fa7d24c5faaad5eb84,29df2b7712f0fd973ac2d57fc1a6df341f28b28f4a1155fa7d24c5faaad5eb84
perp_5m,2026-03-11,288.0,OK,https://data.binance.vision/data/futures/um/daily/klines/BTCUSDT/5m/BTCUSDT-5m-2026-03-11.zip,OK,c076219193f30ea0e7fb53164457ff39287c178415508b635b8ef85ce2b40f05,c076219193f30ea0e7fb53164457ff39287c178415508b635b8ef85ce2b40f05
perp_5m,2026-03-12,288.0,OK,https://data.binance.vision/data/futures/um/daily/klines/BTCUSDT/5m/BTCUSDT-5m-2026-03-12.zip,OK,1e2a4c7c382bf3c1f53df4e4f39ede7a91adf8eb183630af0043587fce0fec27,1e2a4c7c382bf3c1f53df4e4f39ede7a91adf8eb183630af0043587fce0fec27
perp_5m,2026-03-13,288.0,OK,https://data.binance.vision/data/futures/um/daily/klines/BTCUSDT/5m/BTCUSDT-5m-2026-03-13.zip,OK,ed1331fd6a294c060c18dbd5f26866df4de88006301eaa6d045da629698c2323,ed1331fd6a294c060c18dbd5f26866df4de88006301eaa6d045da629698c2323
perp_5m,2026-03-14,288.0,OK,https://data.binance.vision/data/futures/um/daily/klines/BTCUSDT/5m/BTCUSDT-5m-2026-03-14.zip,OK,d843104d7609375d853aaffcebd139b15957824f5641a34fcf1e912b6dca68dc,d843104d7609375d853aaffcebd139b15957824f5641a34fcf1e912b6dca68dc
perp_5m,2026-03-15,288.0,OK,https://data.binance.vision/data/futures/um/daily/klines/BTCUSDT/5m/BTCUSDT-5m-2026-03-15.zip,OK,9bb1aa5a4cfa587cf83818632611b58a3272517e310d64971a28c287e560570e,9bb1aa5a4cfa587cf83818632611b58a3272517e310d64971a28c287e560570e
perp_5m,2026-03-16,288.0,OK,https://data.binance.vision/data/futures/um/daily/klines/BTCUSDT/5m/BTCUSDT-5m-2026-03-16.zip,OK,749dad12defea5e81161c84bbd0ccb5f2d29650652e749d46f460b93dec3015c,749dad12defea5e81161c84bbd0ccb5f2d29650652e749d46f460b93dec3015c
perp_5m,2026-03-17,288.0,OK,https://data.binance.vision/data/futures/um/daily/klines/BTCUSDT/5m/BTCUSDT-5m-2026-03-17.zip,OK,48e170315614f120f3ba4a40410409c66dbde237ba44e192d523a2b181e4fc22,48e170315614f120f3ba4a40410409c66dbde237ba44e192d523a2b181e4fc22
perp_5m,2026-03-18,288.0,OK,https://data.binance.vision/data/futures/um/daily/klines/BTCUSDT/5m/BTCUSDT-5m-2026-03-18.zip,OK,572cf707de467f735896110a88ab0aee7f8a09e7b4e81b9225cf5fc67ff15168,572cf707de467f735896110a88ab0aee7f8a09e7b4e81b9225cf5fc67ff15168
perp_5m,2026-03-19,288.0,OK,https://data.binance.vision/data/futures/um/daily/klines/BTCUSDT/5m/BTCUSDT-5m-2026-03-19.zip,OK,598920aff85c3bdc4abeaaa62830b23e2ae9a0a062753a470c2b804b7093eb8d,598920aff85c3bdc4abeaaa62830b23e2ae9a0a062753a470c2b804b7093eb8d
perp_5m,2026-03-20,288.0,OK,https://data.binance.vision/data/futures/um/daily/klines/BTCUSDT/5m/BTCUSDT-5m-2026-03-20.zip,OK,bd00c607705ce5749cd81e052db7fa4130a2761b3cc1851d5908701d421b6a6c,bd00c607705ce5749cd81e052db7fa4130a2761b3cc1851d5908701d421b6a6c
perp_5m,2026-03-21,288.0,OK,https://data.binance.vision/data/futures/um/daily/klines/BTCUSDT/5m/BTCUSDT-5m-2026-03-21.zip,OK,d2a14406d50ba132bd0e258b9a4f5a648b86e2ac4b440dc5ce1f73876d90a09f,d2a14406d50ba132bd0e258b9a4f5a648b86e2ac4b440dc5ce1f73876d90a09f
perp_5m,2026-03-22,288.0,OK,https://data.binance.vision/data/futures/um/daily/klines/BTCUSDT/5m/BTCUSDT-5m-2026-03-22.zip,OK,13e1a3fb2332f9e0699f4037d9777ea282dc569a6617143edab8ac03a4a8cfac,13e1a3fb2332f9e0699f4037d9777ea282dc569a6617143edab8ac03a4a8cfac
perp_5m,2026-03-23,288.0,OK,https://data.binance.vision/data/futures/um/daily/klines/BTCUSDT/5m/BTCUSDT-5m-2026-03-23.zip,OK,e11009bcce846705721408f53b8a5a9c2e4f4ab03560dc971daa1ed86ca0bb1c,e11009bcce846705721408f53b8a5a9c2e4f4ab03560dc971daa1ed86ca0bb1c
perp_5m,2026-03-24,288.0,OK,https://data.binance.vision/data/futures/um/daily/klines/BTCUSDT/5m/BTCUSDT-5m-2026-03-24.zip,OK,4ded8da6302e0977ce47fd58f0351596efd59ae46ef95d9b816a6749d5eb7d84,4ded8da6302e0977ce47fd58f0351596efd59ae46ef95d9b816a6749d5eb7d84
perp_5m,2026-03-25,288.0,OK,https://data.binance.vision/data/futures/um/daily/klines/BTCUSDT/5m/BTCUSDT-5m-2026-03-25.zip,OK,5f3c68fe9cd98ef1473253678b53076f26d684ac201df1885b38d044da7e3082,5f3c68fe9cd98ef1473253678b53076f26d684ac201df1885b38d044da7e3082
perp_5m,2026-03-26,288.0,OK,https://data.binance.vision/data/futures/um/daily/klines/BTCUSDT/5m/BTCUSDT-5m-2026-03-26.zip,OK,46053ef499ec8580e50bb3778e522d4a293c99388391cde362df0c1dde3394fc,46053ef499ec8580e50bb3778e522d4a293c99388391cde362df0c1dde3394fc
perp_5m,2026-03-27,288.0,OK,https://data.binance.vision/data/futures/um/daily/klines/BTCUSDT/5m/BTCUSDT-5m-2026-03-27.zip,OK,311c725ce482892a619d8bb4bb4a336042bf4600dff1a4c47f909b40315fd613,311c725ce482892a619d8bb4bb4a336042bf4600dff1a4c47f909b40315fd613
perp_5m,2026-03-28,288.0,OK,https://data.binance.vision/data/futures/um/daily/klines/BTCUSDT/5m/BTCUSDT-5m-2026-03-28.zip,OK,534e25951f7e352def27bf303b9590fe503b3f0050ff875b59f89bdf7baa8eec,534e25951f7e352def27bf303b9590fe503b3f0050ff875b59f89bdf7baa8eec
perp_5m,2026-03-29,288.0,OK,https://data.binance.vision/data/futures/um/daily/klines/BTCUSDT/5m/BTCUSDT-5m-2026-03-29.zip,OK,c405829c1aab85a1525bcea114b35f8c2486dfb3da9c1d99939aa5cb0f12c8e3,c405829c1aab85a1525bcea114b35f8c2486dfb3da9c1d99939aa5cb0f12c8e3
perp_5m,2026-03-30,288.0,OK,https://data.binance.vision/data/futures/um/daily/klines/BTCUSDT/5m/BTCUSDT-5m-2026-03-30.zip,OK,f8754aaa94232c9c3c4cbeb7f7b5ae9840709c7a64eab1f4eb702b832b350106,f8754aaa94232c9c3c4cbeb7f7b5ae9840709c7a64eab1f4eb702b832b350106
perp_5m,2026-03-31,288.0,OK,https://data.binance.vision/data/futures/um/daily/klines/BTCUSDT/5m/BTCUSDT-5m-2026-03-31.zip,OK,48066ad45ecf3ff07549f98774b890c3a298b23d19fcd68b86e56b76380e3816,48066ad45ecf3ff07549f98774b890c3a298b23d19fcd68b86e56b76380e3816
perp_5m,2026-04-01,288.0,OK,https://data.binance.vision/data/futures/um/daily/klines/BTCUSDT/5m/BTCUSDT-5m-2026-04-01.zip,OK,10cf68e736c96158ed8cd5e8187cefe993b9333df79ce427f05219b76722076a,10cf68e736c96158ed8cd5e8187cefe993b9333df79ce427f05219b76722076a
perp_5m,2026-04-02,288.0,OK,https://data.binance.vision/data/futures/um/daily/klines/BTCUSDT/5m/BTCUSDT-5m-2026-04-02.zip,OK,c093e056bdb8412b8f48a4f8193ddd39b331ec31474b6aed314ed366db828b76,c093e056bdb8412b8f48a4f8193ddd39b331ec31474b6aed314ed366db828b76
perp_5m,2026-04-03,288.0,OK,https://data.binance.vision/data/futures/um/daily/klines/BTCUSDT/5m/BTCUSDT-5m-2026-04-03.zip,OK,966dd84d08488f6fe993b126cfcb48ae8ba145a1098675bef2930dabc0fa7f2a,966dd84d08488f6fe993b126cfcb48ae8ba145a1098675bef2930dabc0fa7f2a
perp_5m,2026-04-04,288.0,OK,https://data.binance.vision/data/futures/um/daily/klines/BTCUSDT/5m/BTCUSDT-5m-2026-04-04.zip,OK,b9613826412049b47e25eef118fe631ea01464bc661f7372caaf4bf8a89cfa85,b9613826412049b47e25eef118fe631ea01464bc661f7372caaf4bf8a89cfa85
perp_5m,2026-04-05,288.0,OK,https://data.binance.vision/data/futures/um/daily/klines/BTCUSDT/5m/BTCUSDT-5m-2026-04-05.zip,OK,c18e396e1b583b0acd2ee431cf5b65358306ae950e46cf48f119048d40bdf3b1,c18e396e1b583b0acd2ee431cf5b65358306ae950e46cf48f119048d40bdf3b1
perp_5m,2026-04-06,288.0,OK,https://data.binance.vision/data/futures/um/daily/klines/BTCUSDT/5m/BTCUSDT-5m-2026-04-06.zip,OK,2e486d08025936aa20a81f2406a4b8377c8738d0ef90ae42a8fa9cb53c43886e,2e486d08025936aa20a81f2406a4b8377c8738d0ef90ae42a8fa9cb53c43886e
perp_5m,2026-04-07,288.0,OK,https://data.binance.vision/data/futures/um/daily/klines/BTCUSDT/5m/BTCUSDT-5m-2026-04-07.zip,OK,d21e62dfdb900c25f899adb924b725695308e33d1ac91d49bd6b8da3878aad1a,d21e62dfdb900c25f899adb924b725695308e33d1ac91d49bd6b8da3878aad1a
perp_5m,2026-04-08,288.0,OK,https://data.binance.vision/data/futures/um/daily/klines/BTCUSDT/5m/BTCUSDT-5m-2026-04-08.zip,OK,967a0fb9ab06bdc14f2dcda3870a388ecbd5b2022cbdebf3ca428f5e41279f43,967a0fb9ab06bdc14f2dcda3870a388ecbd5b2022cbdebf3ca428f5e41279f43
perp_5m,2026-04-09,288.0,OK,https://data.binance.vision/data/futures/um/daily/klines/BTCUSDT/5m/BTCUSDT-5m-2026-04-09.zip,OK,14cd66f21f88d4b3b10c98b659fe6e0808f36bbdfc470536d938da20209bd376,14cd66f21f88d4b3b10c98b659fe6e0808f36bbdfc470536d938da20209bd376
perp_5m,2026-04-10,288.0,OK,https://data.binance.vision/data/futures/um/daily/klines/BTCUSDT/5m/BTCUSDT-5m-2026-04-10.zip,OK,9bb629ece49bf74ee3e6fd7ac3d09e632df711fd9194d36391536f0bddf2239c,9bb629ece49bf74ee3e6fd7ac3d09e632df711fd9194d36391536f0bddf2239c
perp_5m,2026-04-11,288.0,OK,https://data.binance.vision/data/futures/um/daily/klines/BTCUSDT/5m/BTCUSDT-5m-2026-04-11.zip,OK,3afd70f991726e9a7bdc71f66c42b7aca30f1af734075bdc61206b80ab6b518f,3afd70f991726e9a7bdc71f66c42b7aca30f1af734075bdc61206b80ab6b518f
perp_5m,2026-04-12,288.0,OK,https://data.binance.vision/data/futures/um/daily/klines/BTCUSDT/5m/BTCUSDT-5m-2026-04-12.zip,OK,75576e10f50ef9b57663a0cb386d2d3a1cf985698f8e27f2610d6282e8e13a25,75576e10f50ef9b57663a0cb386d2d3a1cf985698f8e27f2610d6282e8e13a25
perp_5m,2026-04-13,288.0,OK,https://data.binance.vision/data/futures/um/daily/klines/BTCUSDT/5m/BTCUSDT-5m-2026-04-13.zip,OK,e321c63a9ec4661c9d02be3a096d30ecc78324a8ada29c4b809a4288ae04bddb,e321c63a9ec4661c9d02be3a096d30ecc78324a8ada29c4b809a4288ae04bddb
perp_5m,2026-04-14,288.0,OK,https://data.binance.vision/data/futures/um/daily/klines/BTCUSDT/5m/BTCUSDT-5m-2026-04-14.zip,OK,5cd816e183afe5271399b6328f1b0bca374bb97bab07341a487220bf4a09cb15,5cd816e183afe5271399b6328f1b0bca374bb97bab07341a487220bf4a09cb15
perp_5m,2026-04-15,288.0,OK,https://data.binance.vision/data/futures/um/daily/klines/BTCUSDT/5m/BTCUSDT-5m-2026-04-15.zip,OK,233bb263e2d3d9cd8195117c21948090f528f196575e9b4b81784403d3f3e9c4,233bb263e2d3d9cd8195117c21948090f528f196575e9b4b81784403d3f3e9c4
perp_5m,2026-04-16,288.0,OK,https://data.binance.vision/data/futures/um/daily/klines/BTCUSDT/5m/BTCUSDT-5m-2026-04-16.zip,OK,45972689bc18703fab954629277a650b7246c1ba8763d441ae7ba6dee42ded01,45972689bc18703fab954629277a650b7246c1ba8763d441ae7ba6dee42ded01
perp_5m,2026-04-17,288.0,OK,https://data.binance.vision/data/futures/um/daily/klines/BTCUSDT/5m/BTCUSDT-5m-2026-04-17.zip,OK,79f8d57a8256d1ff22e6959c813348b60481e745543054950ccaa1b747d6e694,79f8d57a8256d1ff22e6959c813348b60481e745543054950ccaa1b747d6e694
perp_5m,2026-04-18,288.0,OK,https://data.binance.vision/data/futures/um/daily/klines/BTCUSDT/5m/BTCUSDT-5m-2026-04-18.zip,OK,3a9ef7f942d12ca4d01a4c9cb4d6311180744f7d6d78e9e70fbba8a277d7a515,3a9ef7f942d12ca4d01a4c9cb4d6311180744f7d6d78e9e70fbba8a277d7a515
perp_5m,2026-04-19,288.0,OK,https://data.binance.vision/data/futures/um/daily/klines/BTCUSDT/5m/BTCUSDT-5m-2026-04-19.zip,OK,8d7a324395255c7a9c89891d33a009ce79dfabd20a024b2ce62eac31ec0918bf,8d7a324395255c7a9c89891d33a009ce79dfabd20a024b2ce62eac31ec0918bf
perp_5m,2026-04-20,288.0,OK,https://data.binance.vision/data/futures/um/daily/klines/BTCUSDT/5m/BTCUSDT-5m-2026-04-20.zip,OK,fbb14d98e1daac2e7831bb4109ec3b0878e34de046ec7b95fe535283540cd0e9,fbb14d98e1daac2e7831bb4109ec3b0878e34de046ec7b95fe535283540cd0e9
perp_5m,2026-04-21,288.0,OK,https://data.binance.vision/data/futures/um/daily/klines/BTCUSDT/5m/BTCUSDT-5m-2026-04-21.zip,OK,284ad70b7a1f229bac7495a91596cc830f3f572a5ebe5e48bcc5f2b4265ad6bf,284ad70b7a1f229bac7495a91596cc830f3f572a5ebe5e48bcc5f2b4265ad6bf
perp_5m,2026-04-22,288.0,OK,https://data.binance.vision/data/futures/um/daily/klines/BTCUSDT/5m/BTCUSDT-5m-2026-04-22.zip,OK,a76df84efae2be98d34c06ccc4f3d43ef64e20f2d39d6caa8d4b29877e3651b0,a76df84efae2be98d34c06ccc4f3d43ef64e20f2d39d6caa8d4b29877e3651b0
perp_5m,2026-04-23,288.0,OK,https://data.binance.vision/data/futures/um/daily/klines/BTCUSDT/5m/BTCUSDT-5m-2026-04-23.zip,OK,1cd6d44e4a97709118e596e0586a1202cfed84ee09903f8272beb3b0b40c8d89,1cd6d44e4a97709118e596e0586a1202cfed84ee09903f8272beb3b0b40c8d89
perp_5m,2026-04-24,288.0,OK,https://data.binance.vision/data/futures/um/daily/klines/BTCUSDT/5m/BTCUSDT-5m-2026-04-24.zip,OK,7fa966084050bd8bb6bc7af19e56d07e885e1ca22c20239c86a3ae29eced7242,7fa966084050bd8bb6bc7af19e56d07e885e1ca22c20239c86a3ae29eced7242
perp_5m,2026-04-25,288.0,OK,https://data.binance.vision/data/futures/um/daily/klines/BTCUSDT/5m/BTCUSDT-5m-2026-04-25.zip,OK,11ffb9eb33298f1dc2cedeb05b1eee3516e75e32e803feb1808768b8f7432444,11ffb9eb33298f1dc2cedeb05b1eee3516e75e32e803feb1808768b8f7432444
perp_5m,2026-04-26,288.0,OK,https://data.binance.vision/data/futures/um/daily/klines/BTCUSDT/5m/BTCUSDT-5m-2026-04-26.zip,OK,729565be74c1ca48678e7678803d5490b630e6879577de106408847015b7373d,729565be74c1ca48678e7678803d5490b630e6879577de106408847015b7373d
perp_5m,2026-04-27,288.0,OK,https://data.binance.vision/data/futures/um/daily/klines/BTCUSDT/5m/BTCUSDT-5m-2026-04-27.zip,OK,fccc5932662aa783cee0239fd6e512f560ee61a081bf9abc3c0d711aa9c25c7d,fccc5932662aa783cee0239fd6e512f560ee61a081bf9abc3c0d711aa9c25c7d
perp_5m,2026-04-28,288.0,OK,https://data.binance.vision/data/futures/um/daily/klines/BTCUSDT/5m/BTCUSDT-5m-2026-04-28.zip,OK,319b627c0668d657f2819d6d50b6433929791d6305d04ee8fdd33ffa184db5e1,319b627c0668d657f2819d6d50b6433929791d6305d04ee8fdd33ffa184db5e1
perp_5m,2026-04-29,288.0,OK,https://data.binance.vision/data/futures/um/daily/klines/BTCUSDT/5m/BTCUSDT-5m-2026-04-29.zip,OK,ac7eb8004808d68a1a5c354159e352bc6018caa03a0653c1427cd716dedc7741,ac7eb8004808d68a1a5c354159e352bc6018caa03a0653c1427cd716dedc7741
perp_5m,2026-04-30,288.0,OK,https://data.binance.vision/data/futures/um/daily/klines/BTCUSDT/5m/BTCUSDT-5m-2026-04-30.zip,OK,af3d625a4d152cd32621a5eb1282a752a7b585fb5ad9a3cdc3f9c3c99e6751e0,af3d625a4d152cd32621a5eb1282a752a7b585fb5ad9a3cdc3f9c3c99e6751e0
perp_5m,2026-05-01,288.0,OK,https://data.binance.vision/data/futures/um/daily/klines/BTCUSDT/5m/BTCUSDT-5m-2026-05-01.zip,OK,f46c68f8706991343b6cd7392dcd5892ae96dc4e097f6b2e8062a8ea616c4a66,f46c68f8706991343b6cd7392dcd5892ae96dc4e097f6b2e8062a8ea616c4a66
perp_5m,2026-05-02,288.0,OK,https://data.binance.vision/data/futures/um/daily/klines/BTCUSDT/5m/BTCUSDT-5m-2026-05-02.zip,OK,d46ee45d2a96266f80076208cc23f6bbc4d20dde8942dccabaa2bc4c5423370c,d46ee45d2a96266f80076208cc23f6bbc4d20dde8942dccabaa2bc4c5423370c
perp_5m,2026-05-03,288.0,OK,https://data.binance.vision/data/futures/um/daily/klines/BTCUSDT/5m/BTCUSDT-5m-2026-05-03.zip,OK,8eb294fd3b5cb81625dbd5db50ef340d909066470d9c8ec8637cb3f78ed182df,8eb294fd3b5cb81625dbd5db50ef340d909066470d9c8ec8637cb3f78ed182df
perp_5m,2026-05-04,288.0,OK,https://data.binance.vision/data/futures/um/daily/klines/BTCUSDT/5m/BTCUSDT-5m-2026-05-04.zip,OK,ef01b8dd2a29b8bed997f694d20730ea2a5e2023023f8f48738dbf8df3c37283,ef01b8dd2a29b8bed997f694d20730ea2a5e2023023f8f48738dbf8df3c37283
perp_5m,2026-05-05,288.0,OK,https://data.binance.vision/data/futures/um/daily/klines/BTCUSDT/5m/BTCUSDT-5m-2026-05-05.zip,OK,14c79f308265ce3b62472f992fc9e1ab60a04d591ec02abfd3a468ddf6860ed4,14c79f308265ce3b62472f992fc9e1ab60a04d591ec02abfd3a468ddf6860ed4
perp_5m,2026-05-06,288.0,OK,https://data.binance.vision/data/futures/um/daily/klines/BTCUSDT/5m/BTCUSDT-5m-2026-05-06.zip,OK,a5b45d1882870aa9de5bce1d9a185fea72908246954776b7dec39340be51efe8,a5b45d1882870aa9de5bce1d9a185fea72908246954776b7dec39340be51efe8
perp_5m,2026-05-07,288.0,OK,https://data.binance.vision/data/futures/um/daily/klines/BTCUSDT/5m/BTCUSDT-5m-2026-05-07.zip,OK,e4325fcfabce9f042b8ea2c55127a79edac99b7d1689c9d9def0128c5108d03d,e4325fcfabce9f042b8ea2c55127a79edac99b7d1689c9d9def0128c5108d03d
perp_5m,2026-05-08,288.0,OK,https://data.binance.vision/data/futures/um/daily/klines/BTCUSDT/5m/BTCUSDT-5m-2026-05-08.zip,OK,9415b550bd507c4300774b4de43f39e8ef38cd0f38cddc65e0ed28861bc6f197,9415b550bd507c4300774b4de43f39e8ef38cd0f38cddc65e0ed28861bc6f197
perp_5m,2026-05-09,288.0,OK,https://data.binance.vision/data/futures/um/daily/klines/BTCUSDT/5m/BTCUSDT-5m-2026-05-09.zip,OK,6feaae2a020938e0787f2cdcbe32a84ce11a986ae0b49ebf3157af413ae19368,6feaae2a020938e0787f2cdcbe32a84ce11a986ae0b49ebf3157af413ae19368
perp_5m,2026-05-10,288.0,OK,https://data.binance.vision/data/futures/um/daily/klines/BTCUSDT/5m/BTCUSDT-5m-2026-05-10.zip,OK,295a46b031090655416ca27693fe6ed98064672b301f3a8e3285d67318499fdd,295a46b031090655416ca27693fe6ed98064672b301f3a8e3285d67318499fdd
perp_5m,2026-05-11,288.0,OK,https://data.binance.vision/data/futures/um/daily/klines/BTCUSDT/5m/BTCUSDT-5m-2026-05-11.zip,OK,87774a3736a9828ac3972105ffae41eee0dede9939d3890cf22287b7aae1da27,87774a3736a9828ac3972105ffae41eee0dede9939d3890cf22287b7aae1da27
perp_5m,2026-05-12,288.0,OK,https://data.binance.vision/data/futures/um/daily/klines/BTCUSDT/5m/BTCUSDT-5m-2026-05-12.zip,OK,0fcd7991b89526d854ce2779d6f32547021ee2e0387b0bbf173566770ae56557,0fcd7991b89526d854ce2779d6f32547021ee2e0387b0bbf173566770ae56557
perp_5m,2026-05-13,288.0,OK,https://data.binance.vision/data/futures/um/daily/klines/BTCUSDT/5m/BTCUSDT-5m-2026-05-13.zip,OK,430943f64d8faa03ff8335957ce19242de454fae3779d046219bd8a91c2b9111,430943f64d8faa03ff8335957ce19242de454fae3779d046219bd8a91c2b9111
perp_5m,2026-05-14,288.0,OK,https://data.binance.vision/data/futures/um/daily/klines/BTCUSDT/5m/BTCUSDT-5m-2026-05-14.zip,OK,b5532e9e704a54c9af3bc26fad58a43c9d7da6a4c35b8c5b49d2f990699ba759,b5532e9e704a54c9af3bc26fad58a43c9d7da6a4c35b8c5b49d2f990699ba759
perp_5m,2026-05-15,288.0,OK,https://data.binance.vision/data/futures/um/daily/klines/BTCUSDT/5m/BTCUSDT-5m-2026-05-15.zip,OK,ccbf1e3b4bb57cfc85400044a624a8417c1967402e104bf1fed6f41fbd2ac887,ccbf1e3b4bb57cfc85400044a624a8417c1967402e104bf1fed6f41fbd2ac887
perp_5m,2026-05-16,288.0,OK,https://data.binance.vision/data/futures/um/daily/klines/BTCUSDT/5m/BTCUSDT-5m-2026-05-16.zip,OK,90fdcaeea115e3a2f1ffd0a8ca6181f46793321e6d1d1b00bbb530575ad9d71f,90fdcaeea115e3a2f1ffd0a8ca6181f46793321e6d1d1b00bbb530575ad9d71f
perp_5m,2026-05-17,288.0,OK,https://data.binance.vision/data/futures/um/daily/klines/BTCUSDT/5m/BTCUSDT-5m-2026-05-17.zip,OK,1c8820cdcd72fcf9b402e2ccdd605fa8c2c72aa8e323aa085d79092c6fa1f4dd,1c8820cdcd72fcf9b402e2ccdd605fa8c2c72aa8e323aa085d79092c6fa1f4dd
perp_5m,2026-05-18,288.0,OK,https://data.binance.vision/data/futures/um/daily/klines/BTCUSDT/5m/BTCUSDT-5m-2026-05-18.zip,OK,a64da4fb2a4c977690598b4f29bad8bdb0275269b8d6b05c7ede4a46f1980131,a64da4fb2a4c977690598b4f29bad8bdb0275269b8d6b05c7ede4a46f1980131
perp_5m,2026-05-19,288.0,OK,https://data.binance.vision/data/futures/um/daily/klines/BTCUSDT/5m/BTCUSDT-5m-2026-05-19.zip,OK,fd52f78b1ddcdbada13be66a511b7adcdf7509303852ea6d626128cd86085078,fd52f78b1ddcdbada13be66a511b7adcdf7509303852ea6d626128cd86085078
perp_5m,2026-05-20,288.0,OK,https://data.binance.vision/data/futures/um/daily/klines/BTCUSDT/5m/BTCUSDT-5m-2026-05-20.zip,OK,6d539035134d6cdbcf6972555e1746486184ab2d487a5fbac11a0e65d00e06df,6d539035134d6cdbcf6972555e1746486184ab2d487a5fbac11a0e65d00e06df
perp_5m,2026-05-21,288.0,OK,https://data.binance.vision/data/futures/um/daily/klines/BTCUSDT/5m/BTCUSDT-5m-2026-05-21.zip,OK,43cc2e5f935d07eb73a2cb4af04866d81664d230f1d0790fdf7e6a3caf112e93,43cc2e5f935d07eb73a2cb4af04866d81664d230f1d0790fdf7e6a3caf112e93
perp_5m,2026-05-22,288.0,OK,https://data.binance.vision/data/futures/um/daily/klines/BTCUSDT/5m/BTCUSDT-5m-2026-05-22.zip,OK,9787bfe061f21dfaad40b225f8fad1c2fc3c467e64c8f4d00faa3ee1ae72cd1b,9787bfe061f21dfaad40b225f8fad1c2fc3c467e64c8f4d00faa3ee1ae72cd1b
perp_5m,2026-05-23,288.0,OK,https://data.binance.vision/data/futures/um/daily/klines/BTCUSDT/5m/BTCUSDT-5m-2026-05-23.zip,OK,f8907552927eba3f2cf1edd3da18795d5f41b3e5e603ee8a8ce3e36826abb113,f8907552927eba3f2cf1edd3da18795d5f41b3e5e603ee8a8ce3e36826abb113
perp_5m,2026-05-24,288.0,OK,https://data.binance.vision/data/futures/um/daily/klines/BTCUSDT/5m/BTCUSDT-5m-2026-05-24.zip,OK,f195d15cbd0e8d3bbf036f1a0f5f078f70bd7e3f8c652ef5707fb4bde2bfaaf3,f195d15cbd0e8d3bbf036f1a0f5f078f70bd7e3f8c652ef5707fb4bde2bfaaf3
perp_5m,2026-05-25,288.0,OK,https://data.binance.vision/data/futures/um/daily/klines/BTCUSDT/5m/BTCUSDT-5m-2026-05-25.zip,OK,2930d8233c90db3850a894e18c2e8d4445c4466ba19e7d303f928f07f5631f0a,2930d8233c90db3850a894e18c2e8d4445c4466ba19e7d303f928f07f5631f0a
perp_5m,2026-05-26,288.0,OK,https://data.binance.vision/data/futures/um/daily/klines/BTCUSDT/5m/BTCUSDT-5m-2026-05-26.zip,OK,cf97c954db278e5ca41e6e79f258fb31e84b4caa7f6c91063f0482ce6f480e51,cf97c954db278e5ca41e6e79f258fb31e84b4caa7f6c91063f0482ce6f480e51
perp_5m,2026-05-27,288.0,OK,https://data.binance.vision/data/futures/um/daily/klines/BTCUSDT/5m/BTCUSDT-5m-2026-05-27.zip,OK,39a1fed238d946655a66038da0622e73329532416a9bed97dc830ac5b7857c25,39a1fed238d946655a66038da0622e73329532416a9bed97dc830ac5b7857c25
perp_5m,2026-05-28,288.0,OK,https://data.binance.vision/data/futures/um/daily/klines/BTCUSDT/5m/BTCUSDT-5m-2026-05-28.zip,OK,57a2c787befc4c92a5e87d6218015894ae6554c84732c8f795c27b6155df0e76,57a2c787befc4c92a5e87d6218015894ae6554c84732c8f795c27b6155df0e76
perp_5m,2026-05-29,288.0,OK,https://data.binance.vision/data/futures/um/daily/klines/BTCUSDT/5m/BTCUSDT-5m-2026-05-29.zip,OK,a5de8abddf0cf2ccacf4e7cba7798172bed591c23c7bf110b0158005574cd020,a5de8abddf0cf2ccacf4e7cba7798172bed591c23c7bf110b0158005574cd020
perp_5m,2026-05-30,288.0,OK,https://data.binance.vision/data/futures/um/daily/klines/BTCUSDT/5m/BTCUSDT-5m-2026-05-30.zip,OK,c2960676b988bb8d2dce899c2efcb0df6ec2ef25915c504a173a470cfe560f6b,c2960676b988bb8d2dce899c2efcb0df6ec2ef25915c504a173a470cfe560f6b
perp_5m,2026-05-31,288.0,OK,https://data.binance.vision/data/futures/um/daily/klines/BTCUSDT/5m/BTCUSDT-5m-2026-05-31.zip,OK,8aa8b52a042ce2af257fdd389e98304bfd6694c6b0aed32fcad8ca6feeff0998,8aa8b52a042ce2af257fdd389e98304bfd6694c6b0aed32fcad8ca6feeff0998
perp_5m,2026-06-01,288.0,OK,https://data.binance.vision/data/futures/um/daily/klines/BTCUSDT/5m/BTCUSDT-5m-2026-06-01.zip,OK,49ede3613f6a58b4d00d4cdb4918ee454926002557409e5b1699f0f2522c86c3,49ede3613f6a58b4d00d4cdb4918ee454926002557409e5b1699f0f2522c86c3
perp_5m,2026-06-02,288.0,OK,https://data.binance.vision/data/futures/um/daily/klines/BTCUSDT/5m/BTCUSDT-5m-2026-06-02.zip,OK,e1455ff1957566fd3f4c1aec05b2b85f086a7cbe680ef74e8281aae0f2a2ca22,e1455ff1957566fd3f4c1aec05b2b85f086a7cbe680ef74e8281aae0f2a2ca22
perp_5m,2026-06-03,288.0,OK,https://data.binance.vision/data/futures/um/daily/klines/BTCUSDT/5m/BTCUSDT-5m-2026-06-03.zip,OK,4e25b80542844688741e2966de5626d2491666c2f42b3e68bdd81f9d271e4b02,4e25b80542844688741e2966de5626d2491666c2f42b3e68bdd81f9d271e4b02
perp_5m,2026-06-04,288.0,OK,https://data.binance.vision/data/futures/um/daily/klines/BTCUSDT/5m/BTCUSDT-5m-2026-06-04.zip,OK,5abba3965ce770d406ee33fb8d8784383a5db825ef4b91d20f149c772f604161,5abba3965ce770d406ee33fb8d8784383a5db825ef4b91d20f149c772f604161
perp_5m,2026-06-05,288.0,OK,https://data.binance.vision/data/futures/um/daily/klines/BTCUSDT/5m/BTCUSDT-5m-2026-06-05.zip,OK,3e5e138180b7a130c89dbd52a6c4a58707e6c68bad5302dad887ab7d6b30500c,3e5e138180b7a130c89dbd52a6c4a58707e6c68bad5302dad887ab7d6b30500c
perp_5m,2026-06-06,288.0,OK,https://data.binance.vision/data/futures/um/daily/klines/BTCUSDT/5m/BTCUSDT-5m-2026-06-06.zip,OK,7d9084cacaa04eac918fefdbcd833df5b581f6b2879645960fa9c1d46c34dbf0,7d9084cacaa04eac918fefdbcd833df5b581f6b2879645960fa9c1d46c34dbf0
perp_5m,2026-06-07,288.0,OK,https://data.binance.vision/data/futures/um/daily/klines/BTCUSDT/5m/BTCUSDT-5m-2026-06-07.zip,OK,ff9789dfa8ce7a2f51668a095ff82ecc1889ce9febb979dcad0d4df24278e9e9,ff9789dfa8ce7a2f51668a095ff82ecc1889ce9febb979dcad0d4df24278e9e9
perp_5m,2026-06-08,288.0,OK,https://data.binance.vision/data/futures/um/daily/klines/BTCUSDT/5m/BTCUSDT-5m-2026-06-08.zip,OK,c57e973786b9b9b89c2e39fece6d92ea24e61f8555e0a0a6dd49d84f939b345d,c57e973786b9b9b89c2e39fece6d92ea24e61f8555e0a0a6dd49d84f939b345d
perp_5m,2026-06-09,288.0,OK,https://data.binance.vision/data/futures/um/daily/klines/BTCUSDT/5m/BTCUSDT-5m-2026-06-09.zip,OK,e578c9e1584eb2f93f793432a1acdcd0a203c5f3b776f0f3c3eb758f6ca722b7,e578c9e1584eb2f93f793432a1acdcd0a203c5f3b776f0f3c3eb758f6ca722b7
perp_5m,2026-06-10,288.0,OK,https://data.binance.vision/data/futures/um/daily/klines/BTCUSDT/5m/BTCUSDT-5m-2026-06-10.zip,OK,24735f84b9be244b8eee5291157c4c3d576c440ad6eafb6bbecd70a06d4ec578,24735f84b9be244b8eee5291157c4c3d576c440ad6eafb6bbecd70a06d4ec578
perp_5m,2026-06-11,288.0,OK,https://data.binance.vision/data/futures/um/daily/klines/BTCUSDT/5m/BTCUSDT-5m-2026-06-11.zip,OK,a87ba736b4d301f779c162ce7099c84c1faf60a74df284fb677ad4446090ff3b,a87ba736b4d301f779c162ce7099c84c1faf60a74df284fb677ad4446090ff3b
perp_5m,2026-06-12,288.0,OK,https://data.binance.vision/data/futures/um/daily/klines/BTCUSDT/5m/BTCUSDT-5m-2026-06-12.zip,OK,120a42ac3982cca1948cd2b162dfe1a0924d2dc5af6e5dc07a11a0302d34f09e,120a42ac3982cca1948cd2b162dfe1a0924d2dc5af6e5dc07a11a0302d34f09e
perp_5m,2026-06-13,288.0,OK,https://data.binance.vision/data/futures/um/daily/klines/BTCUSDT/5m/BTCUSDT-5m-2026-06-13.zip,OK,89afeee57654221c3fe0a69acafa5922fe3377326112ee7e642d4e5c38d1b66a,89afeee57654221c3fe0a69acafa5922fe3377326112ee7e642d4e5c38d1b66a
perp_5m,2026-06-14,288.0,OK,https://data.binance.vision/data/futures/um/daily/klines/BTCUSDT/5m/BTCUSDT-5m-2026-06-14.zip,OK,9552d91e183dc450c6d0bd6d2da393af0e69d8b9837722b067767f3200c1beba,9552d91e183dc450c6d0bd6d2da393af0e69d8b9837722b067767f3200c1beba
perp_5m,2026-06-15,288.0,OK,https://data.binance.vision/data/futures/um/daily/klines/BTCUSDT/5m/BTCUSDT-5m-2026-06-15.zip,OK,217a55a848156296af0bb01cede0b8c10def5a7693fb2e2252e035a4ae8df7a1,217a55a848156296af0bb01cede0b8c10def5a7693fb2e2252e035a4ae8df7a1
perp_5m,2026-06-16,288.0,OK,https://data.binance.vision/data/futures/um/daily/klines/BTCUSDT/5m/BTCUSDT-5m-2026-06-16.zip,OK,a437acc7384c1f348f656cc687c2256cd145320f6d4983068e43f3b8c8e5a5cc,a437acc7384c1f348f656cc687c2256cd145320f6d4983068e43f3b8c8e5a5cc
perp_5m,2026-06-17,288.0,OK,https://data.binance.vision/data/futures/um/daily/klines/BTCUSDT/5m/BTCUSDT-5m-2026-06-17.zip,OK,a537663b2ba778963588309490a2091c3cf21ea905b779180f630586bb6961be,a537663b2ba778963588309490a2091c3cf21ea905b779180f630586bb6961be
perp_5m,2026-06-18,288.0,OK,https://data.binance.vision/data/futures/um/daily/klines/BTCUSDT/5m/BTCUSDT-5m-2026-06-18.zip,OK,d21a01398ffd0efec1b3c48ccac69642fc442aabc19a2ce58020b63095515bc5,d21a01398ffd0efec1b3c48ccac69642fc442aabc19a2ce58020b63095515bc5
perp_5m,2026-06-19,288.0,OK,https://data.binance.vision/data/futures/um/daily/klines/BTCUSDT/5m/BTCUSDT-5m-2026-06-19.zip,OK,a85b50afd8b42fb05ba1f0acee5b5e72f8d5ed8881f759bc470e1d1390bbd72a,a85b50afd8b42fb05ba1f0acee5b5e72f8d5ed8881f759bc470e1d1390bbd72a
perp_5m,2026-06-20,288.0,OK,https://data.binance.vision/data/futures/um/daily/klines/BTCUSDT/5m/BTCUSDT-5m-2026-06-20.zip,OK,0282b080cadaf71722892cf5bac5c378241e0a8c2581891bd7b0fa2e7d7bc932,0282b080cadaf71722892cf5bac5c378241e0a8c2581891bd7b0fa2e7d7bc932
perp_5m,2026-06-21,288.0,OK,https://data.binance.vision/data/futures/um/daily/klines/BTCUSDT/5m/BTCUSDT-5m-2026-06-21.zip,OK,dfbf40bb3e7508c12489f03abcd781b4decd0108da6df7ef9a2954efb0f71be2,dfbf40bb3e7508c12489f03abcd781b4decd0108da6df7ef9a2954efb0f71be2
perp_5m,2026-06-22,288.0,OK,https://data.binance.vision/data/futures/um/daily/klines/BTCUSDT/5m/BTCUSDT-5m-2026-06-22.zip,OK,0f740b5d0b6bda3cc4b7a91f0e480012eeee301b0765a107ac0c64cf86e1eed2,0f740b5d0b6bda3cc4b7a91f0e480012eeee301b0765a107ac0c64cf86e1eed2
perp_5m,2026-06-23,288.0,OK,https://data.binance.vision/data/futures/um/daily/klines/BTCUSDT/5m/BTCUSDT-5m-2026-06-23.zip,OK,641bbad5d2ff48d55cc10899d1005fe2a142c0e875d83f2ce4e178b71c838b2c,641bbad5d2ff48d55cc10899d1005fe2a142c0e875d83f2ce4e178b71c838b2c
perp_5m,2026-06-24,288.0,OK,https://data.binance.vision/data/futures/um/daily/klines/BTCUSDT/5m/BTCUSDT-5m-2026-06-24.zip,OK,9651ac1b307459ed1f570c144af5bec3d8c12c550d2a17027cff25a5c0989fcf,9651ac1b307459ed1f570c144af5bec3d8c12c550d2a17027cff25a5c0989fcf
perp_5m,2026-06-25,288.0,OK,https://data.binance.vision/data/futures/um/daily/klines/BTCUSDT/5m/BTCUSDT-5m-2026-06-25.zip,OK,cb37bcf943fa5a0fe2d142e84064e9b9211ab073fff62c364e3f2ad806e65a69,cb37bcf943fa5a0fe2d142e84064e9b9211ab073fff62c364e3f2ad806e65a69
perp_5m,2026-06-26,288.0,OK,https://data.binance.vision/data/futures/um/daily/klines/BTCUSDT/5m/BTCUSDT-5m-2026-06-26.zip,OK,1fe05a63c64dd9cee2e47388040bfcd7b3d970a84e14e6514bef4033062067b4,1fe05a63c64dd9cee2e47388040bfcd7b3d970a84e14e6514bef4033062067b4
perp_5m,2026-06-27,288.0,OK,https://data.binance.vision/data/futures/um/daily/klines/BTCUSDT/5m/BTCUSDT-5m-2026-06-27.zip,OK,56e531047e4d35f96e654abb08a44b751d941ff48b7d6670d404c94093c8a29a,56e531047e4d35f96e654abb08a44b751d941ff48b7d6670d404c94093c8a29a
perp_5m,2026-06-28,288.0,OK,https://data.binance.vision/data/futures/um/daily/klines/BTCUSDT/5m/BTCUSDT-5m-2026-06-28.zip,OK,59c742abf5f61f796845a3cafa305625d296ce92e6d9b8f543741a1d22076319,59c742abf5f61f796845a3cafa305625d296ce92e6d9b8f543741a1d22076319
perp_5m,2026-06-29,288.0,OK,https://data.binance.vision/data/futures/um/daily/klines/BTCUSDT/5m/BTCUSDT-5m-2026-06-29.zip,OK,73d7e5129b5b2a46e2ecddd79e9ef3fa35446ffd7345516aa9a0dd0ec826ad61,73d7e5129b5b2a46e2ecddd79e9ef3fa35446ffd7345516aa9a0dd0ec826ad61
perp_5m,2026-06-30,288.0,OK,https://data.binance.vision/data/futures/um/daily/klines/BTCUSDT/5m/BTCUSDT-5m-2026-06-30.zip,OK,03a232eb3bc47ca9a84c64d53d27022a63440a37e7beb0228d7c122e3f217f88,03a232eb3bc47ca9a84c64d53d27022a63440a37e7beb0228d7c122e3f217f88
perp_5m,2026-07-01,288.0,OK,https://data.binance.vision/data/futures/um/daily/klines/BTCUSDT/5m/BTCUSDT-5m-2026-07-01.zip,OK,815b1f31bfa740aa96802ad6a81c6cf8c0a6577e1120a45d49dc0c07742a425e,815b1f31bfa740aa96802ad6a81c6cf8c0a6577e1120a45d49dc0c07742a425e
perp_5m,2026-07-02,288.0,OK,https://data.binance.vision/data/futures/um/daily/klines/BTCUSDT/5m/BTCUSDT-5m-2026-07-02.zip,OK,55b05faf77bc297f7415e14c4b37a4a910a433df0a2205914166978f8019a5c2,55b05faf77bc297f7415e14c4b37a4a910a433df0a2205914166978f8019a5c2
perp_5m,2026-07-03,288.0,OK,https://data.binance.vision/data/futures/um/daily/klines/BTCUSDT/5m/BTCUSDT-5m-2026-07-03.zip,OK,6a9a29266701da06eabb2fbbec65eb002653725f449cdc5292b1cef9e350b8c0,6a9a29266701da06eabb2fbbec65eb002653725f449cdc5292b1cef9e350b8c0
perp_5m,2026-07-04,288.0,OK,https://data.binance.vision/data/futures/um/daily/klines/BTCUSDT/5m/BTCUSDT-5m-2026-07-04.zip,OK,8e12779fb8369ecd0d8bc71a91fe14053d5a5896fc7339606f6d277390edc08a,8e12779fb8369ecd0d8bc71a91fe14053d5a5896fc7339606f6d277390edc08a
perp_5m,2026-07-05,288.0,OK,https://data.binance.vision/data/futures/um/daily/klines/BTCUSDT/5m/BTCUSDT-5m-2026-07-05.zip,OK,afbdd59494e01cffa0f9157a6de476d4821f4ff7b5dee523badbdbed9a90b6fb,afbdd59494e01cffa0f9157a6de476d4821f4ff7b5dee523badbdbed9a90b6fb
perp_5m,2026-07-06,288.0,OK,https://data.binance.vision/data/futures/um/daily/klines/BTCUSDT/5m/BTCUSDT-5m-2026-07-06.zip,OK,2a53f16da644dc9f7a73629fc42cddf1a87167fed74d91fd6b9a2deea5966409,2a53f16da644dc9f7a73629fc42cddf1a87167fed74d91fd6b9a2deea5966409
perp_5m,2026-07-07,288.0,OK,https://data.binance.vision/data/futures/um/daily/klines/BTCUSDT/5m/BTCUSDT-5m-2026-07-07.zip,OK,f519bede2fe510a1d144dd8c3e03d2c8d1a1830f286bdfa1c95e5ea46d9ffdea,f519bede2fe510a1d144dd8c3e03d2c8d1a1830f286bdfa1c95e5ea46d9ffdea
perp_5m,2026-07-08,288.0,OK,https://data.binance.vision/data/futures/um/daily/klines/BTCUSDT/5m/BTCUSDT-5m-2026-07-08.zip,OK,79f8412eb75e79b6d04f8a447294ca57ea114e5e9913d033cc53faf275d175cf,79f8412eb75e79b6d04f8a447294ca57ea114e5e9913d033cc53faf275d175cf
perp_5m,2026-07-09,288.0,OK,https://data.binance.vision/data/futures/um/daily/klines/BTCUSDT/5m/BTCUSDT-5m-2026-07-09.zip,OK,85a06ee1e0c99ecd399a9477e8dd83cd98a27f2378f976c520a57f193c38ee4f,85a06ee1e0c99ecd399a9477e8dd83cd98a27f2378f976c520a57f193c38ee4f
perp_5m,2026-07-10,288.0,OK,https://data.binance.vision/data/futures/um/daily/klines/BTCUSDT/5m/BTCUSDT-5m-2026-07-10.zip,OK,ab4b020cb9f828192693ba880d912669de63ebbf61f6057855dbf9108847f8b0,ab4b020cb9f828192693ba880d912669de63ebbf61f6057855dbf9108847f8b0
perp_5m,2026-07-11,288.0,OK,https://data.binance.vision/data/futures/um/daily/klines/BTCUSDT/5m/BTCUSDT-5m-2026-07-11.zip,OK,b817f60117a855d9d9b440ea26152f0318ba1654e3d69e2c481fd2f746343833,b817f60117a855d9d9b440ea26152f0318ba1654e3d69e2c481fd2f746343833
perp_5m,2026-07-12,288.0,OK,https://data.binance.vision/data/futures/um/daily/klines/BTCUSDT/5m/BTCUSDT-5m-2026-07-12.zip,OK,108a7ae6d48a03a9330dc82b5f459fb3f06fad1231b0bdbf2d97fb578a428506,108a7ae6d48a03a9330dc82b5f459fb3f06fad1231b0bdbf2d97fb578a428506
perp_5m,2026-07-13,288.0,OK,https://data.binance.vision/data/futures/um/daily/klines/BTCUSDT/5m/BTCUSDT-5m-2026-07-13.zip,OK,c2572b89962ed81d9101e4c95d1c947b111d9c8f36f02fc39cf0dfcf2fc2b184,c2572b89962ed81d9101e4c95d1c947b111d9c8f36f02fc39cf0dfcf2fc2b184
perp_5m,2026-07-14,288.0,OK,https://data.binance.vision/data/futures/um/daily/klines/BTCUSDT/5m/BTCUSDT-5m-2026-07-14.zip,OK,9904151903ac2b081b33f1cb5e4874949684ab5b3c7e29228718ffed9d0cf048,9904151903ac2b081b33f1cb5e4874949684ab5b3c7e29228718ffed9d0cf048
perp_5m,2026-07-15,288.0,OK,https://data.binance.vision/data/futures/um/daily/klines/BTCUSDT/5m/BTCUSDT-5m-2026-07-15.zip,OK,fae0f2c65324006b2bdf30df50c9fb50dc49f05fd548c6d7d43f9339845143cf,fae0f2c65324006b2bdf30df50c9fb50dc49f05fd548c6d7d43f9339845143cf
perp_5m,2026-07-16,288.0,OK,https://data.binance.vision/data/futures/um/daily/klines/BTCUSDT/5m/BTCUSDT-5m-2026-07-16.zip,OK,5d23e46b4fccf76f94de4698791bc149ebfe1312287c282736d4d5c4828bc945,5d23e46b4fccf76f94de4698791bc149ebfe1312287c282736d4d5c4828bc945
perp_5m,2026-07-17,288.0,OK,https://data.binance.vision/data/futures/um/daily/klines/BTCUSDT/5m/BTCUSDT-5m-2026-07-17.zip,OK,7ed1bfd54e3d848fa0a3866a4612ec4578c418a58f650b8b8f62d5c763c23221,7ed1bfd54e3d848fa0a3866a4612ec4578c418a58f650b8b8f62d5c763c23221
perp_5m,2026-07-18,288.0,OK,https://data.binance.vision/data/futures/um/daily/klines/BTCUSDT/5m/BTCUSDT-5m-2026-07-18.zip,OK,660a20bd1f606fe6838106f82d0249bc1c0db7717418b0273f255d7e501b3c84,660a20bd1f606fe6838106f82d0249bc1c0db7717418b0273f255d7e501b3c84
perp_5m,2026-07-19,288.0,OK,https://data.binance.vision/data/futures/um/daily/klines/BTCUSDT/5m/BTCUSDT-5m-2026-07-19.zip,OK,11dd1b194582b2f52b4ff202cb1f926305f0d43dfc55e9c49280c3216a6c74e5,11dd1b194582b2f52b4ff202cb1f926305f0d43dfc55e9c49280c3216a6c74e5
perp_5m,2026-07-20,288.0,OK,https://data.binance.vision/data/futures/um/daily/klines/BTCUSDT/5m/BTCUSDT-5m-2026-07-20.zip,OK,7a579ed5db7bbd9fbb7444e1c5e2fbfe1bf5517931660a4bdb9e4ad7808a30f2,7a579ed5db7bbd9fbb7444e1c5e2fbfe1bf5517931660a4bdb9e4ad7808a30f2
perp_5m,2026-07-21,288.0,OK,https://data.binance.vision/data/futures/um/daily/klines/BTCUSDT/5m/BTCUSDT-5m-2026-07-21.zip,OK,3dfd894085825a47673611b16aeba50a4ef4daa6d12a480d1bea0631dbc608f3,3dfd894085825a47673611b16aeba50a4ef4daa6d12a480d1bea0631dbc608f3
perp_5m,2026-07-22,288.0,OK,https://data.binance.vision/data/futures/um/daily/klines/BTCUSDT/5m/BTCUSDT-5m-2026-07-22.zip,OK,e8c32475cc2c1bf1393fed8f601fc1690a9ee6255d219a1d8bd38dc920dda92b,e8c32475cc2c1bf1393fed8f601fc1690a9ee6255d219a1d8bd38dc920dda92b
perp_5m,2026-07-23,288.0,OK,https://data.binance.vision/data/futures/um/daily/klines/BTCUSDT/5m/BTCUSDT-5m-2026-07-23.zip,OK,af7504d9352dc0fce62db17cd3079d95d5c05c86a32b8963e8a7aeef53193068,af7504d9352dc0fce62db17cd3079d95d5c05c86a32b8963e8a7aeef53193068
perp_5m,2026-07-24,288.0,OK,https://data.binance.vision/data/futures/um/daily/klines/BTCUSDT/5m/BTCUSDT-5m-2026-07-24.zip,OK,e400f2ebf5d09b77210dd382d938272d40f6c0300cb105230f616bf445deb575,e400f2ebf5d09b77210dd382d938272d40f6c0300cb105230f616bf445deb575
perp_5m,2026-07-25,288.0,OK,https://data.binance.vision/data/futures/um/daily/klines/BTCUSDT/5m/BTCUSDT-5m-2026-07-25.zip,OK,e3a202bce426c5d0cfb606abb2b7ac2794effdad1bd73be8c4f6a380b40f468c,e3a202bce426c5d0cfb606abb2b7ac2794effdad1bd73be8c4f6a380b40f468c
perp_5m,2026-07-26,288.0,OK,https://data.binance.vision/data/futures/um/daily/klines/BTCUSDT/5m/BTCUSDT-5m-2026-07-26.zip,OK,9ed7bb264090e0760154d6b3c74909ba643d4074d8bc0a19e34b970fd2a05a42,9ed7bb264090e0760154d6b3c74909ba643d4074d8bc0a19e34b970fd2a05a42
perp_5m,2026-07-27,288.0,OK,https://data.binance.vision/data/futures/um/daily/klines/BTCUSDT/5m/BTCUSDT-5m-2026-07-27.zip,OK,859012ae122ed5fcb509906b2ffbf6cd4ff7937608bc2b2fb3fceb07c5e9f660,859012ae122ed5fcb509906b2ffbf6cd4ff7937608bc2b2fb3fceb07c5e9f660
perp_5m,2026-07-28,288.0,OK,https://data.binance.vision/data/futures/um/daily/klines/BTCUSDT/5m/BTCUSDT-5m-2026-07-28.zip,OK,35e2d60799d03d281d93d38448c9fade96be6c565f3af9ab44be7adcde361367,35e2d60799d03d281d93d38448c9fade96be6c565f3af9ab44be7adcde361367
perp_5m,2026-07-29,288.0,OK,https://data.binance.vision/data/futures/um/daily/klines/BTCUSDT/5m/BTCUSDT-5m-2026-07-29.zip,OK,b75af9edf24a30429e02d924591d24701d13030a605fba3159ed2b1eb49931a1,b75af9edf24a30429e02d924591d24701d13030a605fba3159ed2b1eb49931a1
perp_5m,2026-07-30,288.0,OK,https://data.binance.vision/data/futures/um/daily/klines/BTCUSDT/5m/BTCUSDT-5m-2026-07-30.zip,OK,969200f54f93bdbe49397e0407cadb9600fbe0633bacc4e78cc8bdfd958fa533,969200f54f93bdbe49397e0407cadb9600fbe0633bacc4e78cc8bdfd958fa533
perp_5m,2026-07-31,288.0,OK,https://data.binance.vision/data/futures/um/daily/klines/BTCUSDT/5m/BTCUSDT-5m-2026-07-31.zip,OK,e8febf79e16be45838780e717176bbcac1f82167d1e88921cfcbc20aef45e8fd,e8febf79e16be45838780e717176bbcac1f82167d1e88921cfcbc20aef45e8fd
perp_5m,2026-08-01,288.0,OK,https://data.binance.vision/data/futures/um/daily/klines/BTCUSDT/5m/BTCUSDT-5m-2026-08-01.zip,OK,d07b32bbaa249ad07540bc73b808c1f45a74a36445e8512ea1f57abe22fdb49c,d07b32bbaa249ad07540bc73b808c1f45a74a36445e8512ea1f57abe22fdb49c
perp_5m,2026-08-02,288.0,OK,https://data.binance.vision/data/futures/um/daily/klines/BTCUSDT/5m/BTCUSDT-5m-2026-08-02.zip,OK,3f850c16896eba7daf9e83b616b6df519e1149efd47b3b42624d06d8076d4b39,3f850c16896eba7daf9e83b616b6df519e1149efd47b3b42624d06d8076d4b39
perp_5m,2026-08-03,288.0,OK,https://data.binance.vision/data/futures/um/daily/klines/BTCUSDT/5m/BTCUSDT-5m-2026-08-03.zip,OK,b5e7fab121b19840a3ccfbb62e064336fa64cc611c3ce58da171c967b495bb8c,b5e7fab121b19840a3ccfbb62e064336fa64cc611c3ce58da171c967b495bb8c
perp_5m,2026-08-04,288.0,OK,https://data.binance.vision/data/futures/um/daily/klines/BTCUSDT/5m/BTCUSDT-5m-2026-08-04.zip,OK,a89e2a13d7604fb55f14859071363daa7b2b754dc9a0503643ddf36d9c9bd323,a89e2a13d7604fb55f14859071363daa7b2b754dc9a0503643ddf36d9c9bd323
perp_5m,2026-08-05,288.0,OK,https://data.binance.vision/data/futures/um/daily/klines/BTCUSDT/5m/BTCUSDT-5m-2026-08-05.zip,OK,bda279fb494c6534255ad23b93a2e30018aac4b2ec8a6658489130588a9eb2f6,bda279fb494c6534255ad23b93a2e30018aac4b2ec8a6658489130588a9eb2f6
perp_5m,2026-08-06,288.0,OK,https://data.binance.vision/data/futures/um/daily/klines/BTCUSDT/5m/BTCUSDT-5m-2026-08-06.zip,OK,64067df14037319d68c4a7d6bfe037b9cb632a49dfd39b0ab3eda387118cf2e2,64067df14037319d68c4a7d6bfe037b9cb632a49dfd39b0ab3eda387118cf2e2
perp_5m,2026-08-07,288.0,OK,https://data.binance.vision/data/futures/um/daily/klines/BTCUSDT/5m/BTCUSDT-5m-2026-08-07.zip,OK,4eecd95d52cf51335d2ab44ad5a3b085269e9340c0f160e7ad5088fbe14898fc,4eecd95d52cf51335d2ab44ad5a3b085269e9340c0f160e7ad5088fbe14898fc
perp_5m,2026-08-08,288.0,OK,https://data.binance.vision/data/futures/um/daily/klines/BTCUSDT/5m/BTCUSDT-5m-2026-08-08.zip,OK,ba7a4e9679ba8aa565cea7cf8159c2b076f7a65766728d4b48f23d1b2514cc28,ba7a4e9679ba8aa565cea7cf8159c2b076f7a65766728d4b48f23d1b2514cc28
perp_5m,2026-08-09,288.0,OK,https://data.binance.vision/data/futures/um/daily/klines/BTCUSDT/5m/BTCUSDT-5m-2026-08-09.zip,OK,400e2f0244bdd67ac64bfde0eecd94a09b313ce01d5afedb2a51f89f35f8ed18,400e2f0244bdd67ac64bfde0eecd94a09b313ce01d5afedb2a51f89f35f8ed18
perp_5m,2026-08-10,288.0,OK,https://data.binance.vision/data/futures/um/daily/klines/BTCUSDT/5m/BTCUSDT-5m-2026-08-10.zip,OK,8184e5264d3bcda36847f79548d116590d03bbf4e85ce0b069f6a3b73ed7c14a,8184e5264d3bcda36847f79548d116590d03bbf4e85ce0b069f6a3b73ed7c14a
perp_5m,2026-08-11,288.0,OK,https://data.binance.vision/data/futures/um/daily/klines/BTCUSDT/5m/BTCUSDT-5m-2026-08-11.zip,OK,65b94ec61951197b77762e688afa9913d19f9e1e08c93add1d0c7f0173dd48f3,65b94ec61951197b77762e688afa9913d19f9e1e08c93add1d0c7f0173dd48f3
perp_5m,2026-08-12,288.0,OK,https://data.binance.vision/data/futures/um/daily/klines/BTCUSDT/5m/BTCUSDT-5m-2026-08-12.zip,OK,8582cebd03e59051a36e780e277a294408f4528fd868a1048df2cb762c4b61ef,8582cebd03e59051a36e780e277a294408f4528fd868a1048df2cb762c4b61ef
perp_5m,2026-08-13,288.0,OK,https://data.binance.vision/data/futures/um/daily/klines/BTCUSDT/5m/BTCUSDT-5m-2026-08-13.zip,OK,54ad0f9b43fc43102dd4d95a1964d9af055eab8f3b62263af7b132c7f6fe649e,54ad0f9b43fc43102dd4d95a1964d9af055eab8f3b62263af7b132c7f6fe649e
perp_5m,2026-08-14,288.0,OK,https://data.binance.vision/data/futures/um/daily/klines/BTCUSDT/5m/BTCUSDT-5m-2026-08-14.zip,OK,2e170fc298efc41c49c63a698b3d092beaf5212da77b81b8b631487a4a618a7c,2e170fc298efc41c49c63a698b3d092beaf5212da77b81b8b631487a4a618a7c
perp_5m,2026-08-15,288.0,OK,https://data.binance.vision/data/futures/um/daily/klines/BTCUSDT/5m/BTCUSDT-5m-2026-08-15.zip,OK,04613f05d81f97c9b1c9c156f3f8a592d4015c330baae062b8c784701877f3bc,04613f05d81f97c9b1c9c156f3f8a592d4015c330baae062b8c784701877f3bc
perp_5m,2026-08-16,288.0,OK,https://data.binance.vision/data/futures/um/daily/klines/BTCUSDT/5m/BTCUSDT-5m-2026-08-16.zip,OK,47b337774c938955e48b32b446e800ec1aa62588b884656c7263caa0ffaa8fe0,47b337774c938955e48b32b446e800ec1aa62588b884656c7263caa0ffaa8fe0
perp_5m,2026-08-17,288.0,OK,https://data.binance.vision/data/futures/um/daily/klines/BTCUSDT/5m/BTCUSDT-5m-2026-08-17.zip,OK,d28d0474fe2fea07cdee272f57b1d7244727b7ca00e625041db6f00511fc2b73,d28d0474fe2fea07cdee272f57b1d7244727b7ca00e625041db6f00511fc2b73
perp_5m,2026-08-18,288.0,OK,https://data.binance.vision/data/futures/um/daily/klines/BTCUSDT/5m/BTCUSDT-5m-2026-08-18.zip,OK,88af317df415c466291381545fdb1f767d9bd3cf510598e999bf2f446fe63790,88af317df415c466291381545fdb1f767d9bd3cf510598e999bf2f446fe63790
perp_5m,2026-08-19,288.0,OK,https://data.binance.vision/data/futures/um/daily/klines/BTCUSDT/5m/BTCUSDT-5m-2026-08-19.zip,OK,2aa923b2f87e806e6be3bb26b3c10f7506ee66fa0457f3aca24feb0103e83c02,2aa923b2f87e806e6be3bb26b3c10f7506ee66fa0457f3aca24feb0103e83c02
perp_5m,2026-08-20,288.0,OK,https://data.binance.vision/data/futures/um/daily/klines/BTCUSDT/5m/BTCUSDT-5m-2026-08-20.zip,OK,f644d4482ac52deaa525457049c2e713c140380905bc3d2404d72cbf60c50511,f644d4482ac52deaa525457049c2e713c140380905bc3d2404d72cbf60c50511
perp_5m,2026-08-21,288.0,OK,https://data.binance.vision/data/futures/um/daily/klines/BTCUSDT/5m/BTCUSDT-5m-2026-08-21.zip,OK,8f6a928b3b40c39c8ca90ab7a137f7b4d01b59bfd1f1a44f4b768509003ec34e,8f6a928b3b40c39c8ca90ab7a137f7b4d01b59bfd1f1a44f4b768509003ec34e
perp_5m,2026-08-22,288.0,OK,https://data.binance.vision/data/futures/um/daily/klines/BTCUSDT/5m/BTCUSDT-5m-2026-08-22.zip,OK,e25d72318d9a6e049800441b202cf98c07c3cf02ad2f53d536e1a770f17f835d,e25d72318d9a6e049800441b202cf98c07c3cf02ad2f53d536e1a770f17f835d
perp_5m,2026-08-23,288.0,OK,https://data.binance.vision/data/futures/um/daily/klines/BTCUSDT/5m/BTCUSDT-5m-2026-08-23.zip,OK,9819bd9ee4e3fab8b8fc5468fee28bc4c4530d25a4236e50bd7490b366a1f2e2,9819bd9ee4e3fab8b8fc5468fee28bc4c4530d25a4236e50bd7490b366a1f2e2
perp_5m,2026-08-24,288.0,OK,https://data.binance.vision/data/futures/um/daily/klines/BTCUSDT/5m/BTCUSDT-5m-2026-08-24.zip,OK,7a23f27509fca8fddc29fd84359e17ffb0d2abd4d407ccf8de55d7ab424767a3,7a23f27509fca8fddc29fd84359e17ffb0d2abd4d407ccf8de55d7ab424767a3
perp_5m,2026-08-25,288.0,OK,https://data.binance.vision/data/futures/um/daily/klines/BTCUSDT/5m/BTCUSDT-5m-2026-08-25.zip,OK,ab86f3a4e4af889050af1c33a60fbcaf4d4f6f357240c2a35c37fbdf71c10113,ab86f3a4e4af889050af1c33a60fbcaf4d4f6f357240c2a35c37fbdf71c10113
perp_5m,2026-08-26,288.0,OK,https://data.binance.vision/data/futures/um/daily/klines/BTCUSDT/5m/BTCUSDT-5m-2026-08-26.zip,OK,08a0bbfdddb52ac0d99e93f25d91e94c8251ba73b5c3465a7068209a5f25b15c,08a0bbfdddb52ac0d99e93f25d91e94c8251ba73b5c3465a7068209a5f25b15c
perp_5m,2026-08-27,288.0,OK,https://data.binance.vision/data/futures/um/daily/klines/BTCUSDT/5m/BTCUSDT-5m-2026-08-27.zip,OK,1ad16ed0ab6b4b7c86f35c58a4153a5a042c714873a819adb10ff4cc3da6fae2,1ad16ed0ab6b4b7c86f35c58a4153a5a042c714873a819adb10ff4cc3da6fae2
perp_5m,2026-08-28,288.0,OK,https://data.binance.vision/data/futures/um/daily/klines/BTCUSDT/5m/BTCUSDT-5m-2026-08-28.zip,OK,2b3af9b3a8a5ec161724d2af10948d7b578ec5db3be1a423f985e3aed49c1911,2b3af9b3a8a5ec161724d2af10948d7b578ec5db3be1a423f985e3aed49c1911
perp_5m,2026-08-29,288.0,OK,https://data.binance.vision/data/futures/um/daily/klines/BTCUSDT/5m/BTCUSDT-5m-2026-08-29.zip,OK,9e50c86802628a470f20ca6dd9e7203a968a7d6b8cfb9944326fac6eae17d476,9e50c86802628a470f20ca6dd9e7203a968a7d6b8cfb9944326fac6eae17d476
perp_5m,2026-08-30,288.0,OK,https://data.binance.vision/data/futures/um/daily/klines/BTCUSDT/5m/BTCUSDT-5m-2026-08-30.zip,OK,e491a57d5f5cb40bd41f73d320b15e4ef69f52ab58097d135753b4d0384ef0ef,e491a57d5f5cb40bd41f73d320b15e4ef69f52ab58097d135753b4d0384ef0ef
perp_5m,2026-08-31,288.0,OK,https://data.binance.vision/data/futures/um/daily/klines/BTCUSDT/5m/BTCUSDT-5m-2026-08-31.zip,OK,7d056a4c6317ec0903ba027f9ae58473baca2a0f32a9e0f941f07ada166086ae,7d056a4c6317ec0903ba027f9ae58473baca2a0f32a9e0f941f07ada166086ae
perp_5m,2026-09-01,288.0,OK,https://data.binance.vision/data/futures/um/daily/klines/BTCUSDT/5m/BTCUSDT-5m-2026-09-01.zip,OK,242d3a4fef81bc16e22f11e90c4b9dcc80ae14111b6735e673f62e5a89750045,242d3a4fef81bc16e22f11e90c4b9dcc80ae14111b6735e673f62e5a89750045
perp_5m,2026-09-02,288.0,OK,https://data.binance.vision/data/futures/um/daily/klines/BTCUSDT/5m/BTCUSDT-5m-2026-09-02.zip,OK,4a0092a8bc19d6a00baba1c7aac6ad5203870bf1ca25d34c94fe1c8ec555c078,4a0092a8bc19d6a00baba1c7aac6ad5203870bf1ca25d34c94fe1c8ec555c078
perp_5m,2026-09-03,288.0,OK,https://data.binance.vision/data/futures/um/daily/klines/BTCUSDT/5m/BTCUSDT-5m-2026-09-03.zip,OK,e23b09115f78574a94590b081bc45175b9e5809f780af631569cb1424a7e3fe1,e23b09115f78574a94590b081bc45175b9e5809f780af631569cb1424a7e3fe1
perp_5m,2026-09-04,288.0,OK,https://data.binance.vision/data/futures/um/daily/klines/BTCUSDT/5m/BTCUSDT-5m-2026-09-04.zip,OK,43d2836aee770dbe669d7096485582bff1bd9ea18940388762630a0dfe334454,43d2836aee770dbe669d7096485582bff1bd9ea18940388762630a0dfe334454
perp_5m,2026-09-05,288.0,OK,https://data.binance.vision/data/futures/um/daily/klines/BTCUSDT/5m/BTCUSDT-5m-2026-09-05.zip,OK,094cbe0432ac783c2b9655b5cb4348387884e4e44706d4fff80afa787864a598,094cbe0432ac783c2b9655b5cb4348387884e4e44706d4fff80afa787864a598
perp_5m,2026-09-06,288.0,OK,https://data.binance.vision/data/futures/um/daily/klines/BTCUSDT/5m/BTCUSDT-5m-2026-09-06.zip,OK,957c11deb7ecbe902303d529c50fc77fa0a743e6f50283beadd2dbe5bdf22c42,957c11deb7ecbe902303d529c50fc77fa0a743e6f50283beadd2dbe5bdf22c42
perp_5m,2026-09-07,288.0,OK,https://data.binance.vision/data/futures/um/daily/klines/BTCUSDT/5m/BTCUSDT-5m-2026-09-07.zip,OK,b1b41c822c483d9ae8ad8c0f9a80e7da48c5600c496d81114d07fbdcda37f36d,b1b41c822c483d9ae8ad8c0f9a80e7da48c5600c496d81114d07fbdcda37f36d
perp_5m,2026-09-08,288.0,OK,https://data.binance.vision/data/futures/um/daily/klines/BTCUSDT/5m/BTCUSDT-5m-2026-09-08.zip,OK,6287a71b9bd62ed22547366b15c7de7712730789fa59aede1a2b2859c0d1e990,6287a71b9bd62ed22547366b15c7de7712730789fa59aede1a2b2859c0d1e990
perp_5m,2026-09-09,288.0,OK,https://data.binance.vision/data/futures/um/daily/klines/BTCUSDT/5m/BTCUSDT-5m-2026-09-09.zip,OK,9487829c4b6fc255e875c474a30885d4da9bcb426ac0c7cbbfe1398f81fca21b,9487829c4b6fc255e875c474a30885d4da9bcb426ac0c7cbbfe1398f81fca21b
perp_5m,2026-09-10,288.0,OK,https://data.binance.vision/data/futures/um/daily/klines/BTCUSDT/5m/BTCUSDT-5m-2026-09-10.zip,OK,de130ce8b91024a3c8c07214e69cf6c26411c24f67bb75a7565888f32515fdb4,de130ce8b91024a3c8c07214e69cf6c26411c24f67bb75a7565888f32515fdb4
perp_5m,2026-09-11,288.0,OK,https://data.binance.vision/data/futures/um/daily/klines/BTCUSDT/5m/BTCUSDT-5m-2026-09-11.zip,OK,d9e054fd43af58c9af48ace7535ed90673d140db75c1cc3cc1240265ac2dd509,d9e054fd43af58c9af48ace7535ed90673d140db75c1cc3cc1240265ac2dd509
perp_5m,2026-09-12,288.0,OK,https://data.binance.vision/data/futures/um/daily/klines/BTCUSDT/5m/BTCUSDT-5m-2026-09-12.zip,OK,aca908c71d9491dd413ec47ba87a7543f9d06e7a1be8dcc72606071359e04ade,aca908c71d9491dd413ec47ba87a7543f9d06e7a1be8dcc72606071359e04ade
perp_5m,2026-09-13,288.0,OK,https://data.binance.vision/data/futures/um/daily/klines/BTCUSDT/5m/BTCUSDT-5m-2026-09-13.zip,OK,1d2367b148157ea87adb38e56a596af41d45d96f9faa9faf615569f98a7e990d,1d2367b148157ea87adb38e56a596af41d45d96f9faa9faf615569f98a7e990d
perp_5m,2026-09-14,288.0,OK,https://data.binance.vision/data/futures/um/daily/klines/BTCUSDT/5m/BTCUSDT-5m-2026-09-14.zip,OK,8b0fee08a61a8d3ffafb2cc6653cc8393a419666ed8ac558574e15f142a0875b,8b0fee08a61a8d3ffafb2cc6653cc8393a419666ed8ac558574e15f142a0875b
perp_5m,2026-09-15,288.0,OK,https://data.binance.vision/data/futures/um/daily/klines/BTCUSDT/5m/BTCUSDT-5m-2026-09-15.zip,OK,3cfe0ca88c38ec154dd9086b6b53a40a2d7e064e5acdd5819e6488bfe372c8b7,3cfe0ca88c38ec154dd9086b6b53a40a2d7e064e5acdd5819e6488bfe372c8b7
perp_5m,2026-09-16,288.0,OK,https://data.binance.vision/data/futures/um/daily/klines/BTCUSDT/5m/BTCUSDT-5m-2026-09-16.zip,OK,1c67b7b7edc70e25461cfc88ec239acbbd4875b6643603d433a32f4187a88e91,1c67b7b7edc70e25461cfc88ec239acbbd4875b6643603d433a32f4187a88e91
perp_5m,2026-09-17,288.0,OK,https://data.binance.vision/data/futures/um/daily/klines/BTCUSDT/5m/BTCUSDT-5m-2026-09-17.zip,OK,8de02da639dbc9a247e67d33f7881abb490ee9f79cd52d9c9c9f74526e7b15a0,8de02da639dbc9a247e67d33f7881abb490ee9f79cd52d9c9c9f74526e7b15a0
perp_5m,2026-09-18,288.0,OK,https://data.binance.vision/data/futures/um/daily/klines/BTCUSDT/5m/BTCUSDT-5m-2026-09-18.zip,OK,ce1766518fa21db8f388f7c8a2aff134d80b95bcdd20427311ba3540d9329597,ce1766518fa21db8f388f7c8a2aff134d80b95bcdd20427311ba3540d9329597
perp_5m,2026-09-19,288.0,OK,https://data.binance.vision/data/futures/um/daily/klines/BTCUSDT/5m/BTCUSDT-5m-2026-09-19.zip,OK,5a70980de40c648b0a7e666f8f7f77f2e32e26cdcc25814b005a552e6991e6de,5a70980de40c648b0a7e666f8f7f77f2e32e26cdcc25814b005a552e6991e6de
perp_5m,2026-09-20,288.0,OK,https://data.binance.vision/data/futures/um/daily/klines/BTCUSDT/5m/BTCUSDT-5m-2026-09-20.zip,OK,a6b777688b23119ff641af9abd60c2e300328cfa0c7adcf6e00252c3bf2dae50,a6b777688b23119ff641af9abd60c2e300328cfa0c7adcf6e00252c3bf2dae50
perp_5m,2026-09-21,288.0,OK,https://data.binance.vision/data/futures/um/daily/klines/BTCUSDT/5m/BTCUSDT-5m-2026-09-21.zip,OK,b4e5c29b8c0b1a8916b8745b9f312aca5d82818c1f9c964f29a5d3bcd3919959,b4e5c29b8c0b1a8916b8745b9f312aca5d82818c1f9c964f29a5d3bcd3919959
perp_5m,2026-09-22,288.0,OK,https://data.binance.vision/data/futures/um/daily/klines/BTCUSDT/5m/BTCUSDT-5m-2026-09-22.zip,OK,bf0333cf08625c244df6164c4b5cb1fb4339e252319da7f23f505e69e87149ab,bf0333cf08625c244df6164c4b5cb1fb4339e252319da7f23f505e69e87149ab
perp_5m,2026-09-23,288.0,OK,https://data.binance.vision/data/futures/um/daily/klines/BTCUSDT/5m/BTCUSDT-5m-2026-09-23.zip,OK,6b618db997a43be524a73a6ffddf2bc872c220b57c6549c509c62a70904a0e7c,6b618db997a43be524a73a6ffddf2bc872c220b57c6549c509c62a70904a0e7c
perp_5m,2026-09-24,288.0,OK,https://data.binance.vision/data/futures/um/daily/klines/BTCUSDT/5m/BTCUSDT-5m-2026-09-24.zip,OK,483ee86f145ba177c113a78687ab483411143eb0727fb8d28eb0b0a4775d15a7,483ee86f145ba177c113a78687ab483411143eb0727fb8d28eb0b0a4775d15a7
perp_5m,2026-09-25,288.0,OK,https://data.binance.vision/data/futures/um/daily/klines/BTCUSDT/5m/BTCUSDT-5m-2026-09-25.zip,OK,b718d632d94f74b800433e426398bfaa6f5ae0d42018c7329e625f503d8ab5d5,b718d632d94f74b800433e426398bfaa6f5ae0d42018c7329e625f503d8ab5d5
perp_5m,2026-09-26,288.0,OK,https://data.binance.vision/data/futures/um/daily/klines/BTCUSDT/5m/BTCUSDT-5m-2026-09-26.zip,OK,e2210364f9a497dbbfa3f442c555fb63c78919d830f546203f9c26e90681275e,e2210364f9a497dbbfa3f442c555fb63c78919d830f546203f9c26e90681275e
perp_5m,2026-09-27,288.0,OK,https://data.binance.vision/data/futures/um/daily/klines/BTCUSDT/5m/BTCUSDT-5m-2026-09-27.zip,OK,73ef7fb161d6424e360dad93071b2419cf4a1d4a662faaf500895fac1127050f,73ef7fb161d6424e360dad93071b2419cf4a1d4a662faaf500895fac1127050f
perp_5m,2026-09-28,288.0,OK,https://data.binance.vision/data/futures/um/daily/klines/BTCUSDT/5m/BTCUSDT-5m-2026-09-28.zip,OK,5c183bd20b341126dc9dd575599146a9db6b25f519311d54646262e3168f8942,5c183bd20b341126dc9dd575599146a9db6b25f519311d54646262e3168f8942
perp_5m,2026-09-29,288.0,OK,https://data.binance.vision/data/futures/um/daily/klines/BTCUSDT/5m/BTCUSDT-5m-2026-09-29.zip,OK,37f79c4f217f41f70d45b80810e9ed47f14a8db25cc448c9f2ff4cc961fa041c,37f79c4f217f41f70d45b80810e9ed47f14a8db25cc448c9f2ff4cc961fa041c
perp_5m,2026-09-30,288.0,OK,https://data.binance.vision/data/futures/um/daily/klines/BTCUSDT/5m/BTCUSDT-5m-2026-09-30.zip,OK,07fe062df71b841bbc022c0ecd8d0496ac53bb5099c82ab9df199ee1374b1afe,07fe062df71b841bbc022c0ecd8d0496ac53bb5099c82ab9df199ee1374b1afe
perp_5m,2026-10-01,288.0,OK,https://data.binance.vision/data/futures/um/daily/klines/BTCUSDT/5m/BTCUSDT-5m-2026-10-01.zip,OK,10cd0734819af381d7cd032c84ba4a9a080a57bba1f97e8e71d45a16f27b067e,10cd0734819af381d7cd032c84ba4a9a080a57bba1f97e8e71d45a16f27b067e
perp_aggtrades,2026-10-01,,,https://data.binance.vision/data/futures/um/daily/aggTrades/BTCUSDT/BTCUSDT-aggTrades-2026-10-01.zip,OK,d2c73612e3c43d6481b39bbb25678bc7a58a841315f66e4c5996bb4a60532bf2,d2c73612e3c43d6481b39bbb25678bc7a58a841315f66e4c5996bb4a60532bf2
perp_trades,2026-10-01,,,https://data.binance.vision/data/futures/um/daily/trades/BTCUSDT/BTCUSDT-trades-2026-10-01.zip,OK,ffb6a079e96a4521d048fe810ba907e00437d04d72420da300c5967e068784b6,ffb6a079e96a4521d048fe810ba907e00437d04d72420da300c5967e068784b6
spot_1m,2025-10-01,1440.0,OK,https://data.binance.vision/data/spot/daily/klines/BTCUSDT/1m/BTCUSDT-1m-2025-10-01.zip,OK,ac1448b3a5980e992562f5d56afe446f56962d7adbee4923af0f26c747868e88,ac1448b3a5980e992562f5d56afe446f56962d7adbee4923af0f26c747868e88
spot_1m,2025-10-02,1440.0,OK,https://data.binance.vision/data/spot/daily/klines/BTCUSDT/1m/BTCUSDT-1m-2025-10-02.zip,OK,74ed5fccc1601a2f90f2a415dca0e772a329acda3f1f60b01a9c73d4695a32c1,74ed5fccc1601a2f90f2a415dca0e772a329acda3f1f60b01a9c73d4695a32c1
spot_1m,2025-10-03,1440.0,OK,https://data.binance.vision/data/spot/daily/klines/BTCUSDT/1m/BTCUSDT-1m-2025-10-03.zip,OK,ce90a14dd177cff48544ad83a5f88037a8bc4cc0528505dcde2eef6491137371,ce90a14dd177cff48544ad83a5f88037a8bc4cc0528505dcde2eef6491137371
spot_1m,2025-10-04,1440.0,OK,https://data.binance.vision/data/spot/daily/klines/BTCUSDT/1m/BTCUSDT-1m-2025-10-04.zip,OK,f435bd9c68205b0fb6fdca3f462e4f25f7eb1fb3397ed48475b7151e29f9b8dd,f435bd9c68205b0fb6fdca3f462e4f25f7eb1fb3397ed48475b7151e29f9b8dd
spot_1m,2025-10-05,1440.0,OK,https://data.binance.vision/data/spot/daily/klines/BTCUSDT/1m/BTCUSDT-1m-2025-10-05.zip,OK,51783ab9131b45d4daa398e3ad3b67761d44e037c7d9f705d98fbe634c23fb76,51783ab9131b45d4daa398e3ad3b67761d44e037c7d9f705d98fbe634c23fb76
spot_1m,2025-10-06,1440.0,OK,https://data.binance.vision/data/spot/daily/klines/BTCUSDT/1m/BTCUSDT-1m-2025-10-06.zip,OK,01a6b70cb4544db8192e99e654b464924f78ca01fd38c0dc3c0a60507d2dbc49,01a6b70cb4544db8192e99e654b464924f78ca01fd38c0dc3c0a60507d2dbc49
spot_1m,2025-10-07,1440.0,OK,https://data.binance.vision/data/spot/daily/klines/BTCUSDT/1m/BTCUSDT-1m-2025-10-07.zip,OK,3f7146def8e20cd65d4447322c6f351cfb8057ffc30643cd4b307be69cd6bfa1,3f7146def8e20cd65d4447322c6f351cfb8057ffc30643cd4b307be69cd6bfa1
spot_1m,2025-10-08,1440.0,OK,https://data.binance.vision/data/spot/daily/klines/BTCUSDT/1m/BTCUSDT-1m-2025-10-08.zip,OK,62cece2581dc67b5dcd42ad5bdc0c9eddf8a4d5a65cd707354b35aaacb471f4e,62cece2581dc67b5dcd42ad5bdc0c9eddf8a4d5a65cd707354b35aaacb471f4e
spot_1m,2025-10-09,1440.0,OK,https://data.binance.vision/data/spot/daily/klines/BTCUSDT/1m/BTCUSDT-1m-2025-10-09.zip,OK,1212a9668a6d2f594f4dd5956d4723b4b219de335c12224a737719b303aedc74,1212a9668a6d2f594f4dd5956d4723b4b219de335c12224a737719b303aedc74
spot_1m,2025-10-10,1440.0,OK,https://data.binance.vision/data/spot/daily/klines/BTCUSDT/1m/BTCUSDT-1m-2025-10-10.zip,OK,109d9fd5b6a0ccf9b0ef98e5bdc074b90814b9a3ae2f2ca958580236961e9f33,109d9fd5b6a0ccf9b0ef98e5bdc074b90814b9a3ae2f2ca958580236961e9f33
spot_1m,2025-10-11,1440.0,OK,https://data.binance.vision/data/spot/daily/klines/BTCUSDT/1m/BTCUSDT-1m-2025-10-11.zip,OK,3003ef8177985afce71be7fe97d79de4f395729a4ec8826db9f24dd8d4586bcc,3003ef8177985afce71be7fe97d79de4f395729a4ec8826db9f24dd8d4586bcc
spot_1m,2025-10-12,1440.0,OK,https://data.binance.vision/data/spot/daily/klines/BTCUSDT/1m/BTCUSDT-1m-2025-10-12.zip,OK,94e9a1bee31179b0f5565452114f897ff1591dce9e8d0298ab6043b229e07ad9,94e9a1bee31179b0f5565452114f897ff1591dce9e8d0298ab6043b229e07ad9
spot_1m,2025-10-13,1440.0,OK,https://data.binance.vision/data/spot/daily/klines/BTCUSDT/1m/BTCUSDT-1m-2025-10-13.zip,OK,531acbe1768178b6ed9c84bcdc888a9392bd940e4bb0122bc4583e7ee260da45,531acbe1768178b6ed9c84bcdc888a9392bd940e4bb0122bc4583e7ee260da45
spot_1m,2025-10-14,1440.0,OK,https://data.binance.vision/data/spot/daily/klines/BTCUSDT/1m/BTCUSDT-1m-2025-10-14.zip,OK,4c619a63b40b32215fe17dafdf947492f64cc5420e7c7123e80e36361ba15597,4c619a63b40b32215fe17dafdf947492f64cc5420e7c7123e80e36361ba15597
spot_1m,2025-10-15,1440.0,OK,https://data.binance.vision/data/spot/daily/klines/BTCUSDT/1m/BTCUSDT-1m-2025-10-15.zip,OK,513eca5b4ddbbe16021065d696f5802b51a7501e8e8b875519adf1847ea8af55,513eca5b4ddbbe16021065d696f5802b51a7501e8e8b875519adf1847ea8af55
spot_1m,2025-10-16,1440.0,OK,https://data.binance.vision/data/spot/daily/klines/BTCUSDT/1m/BTCUSDT-1m-2025-10-16.zip,OK,d3998d8ffe2d846abd3ae2a3ed8ea4e41c714fcb0812aaf7e87951287f5651bf,d3998d8ffe2d846abd3ae2a3ed8ea4e41c714fcb0812aaf7e87951287f5651bf
spot_1m,2025-10-17,1440.0,OK,https://data.binance.vision/data/spot/daily/klines/BTCUSDT/1m/BTCUSDT-1m-2025-10-17.zip,OK,9ac962e32c1347fc5f7e26e3f6b335c0b1cc21bfa1eea781c0e516121d063677,9ac962e32c1347fc5f7e26e3f6b335c0b1cc21bfa1eea781c0e516121d063677
spot_1m,2025-10-18,1440.0,OK,https://data.binance.vision/data/spot/daily/klines/BTCUSDT/1m/BTCUSDT-1m-2025-10-18.zip,OK,fa6e0e3c65c2c3ec015be6dad3a7373b1d96d21f47f00429f243b50264c6b251,fa6e0e3c65c2c3ec015be6dad3a7373b1d96d21f47f00429f243b50264c6b251
spot_1m,2025-10-19,1440.0,OK,https://data.binance.vision/data/spot/daily/klines/BTCUSDT/1m/BTCUSDT-1m-2025-10-19.zip,OK,df1ba2754222ba2ab3912888c1b572a683a5677f139dda150ab7d558435aaf28,df1ba2754222ba2ab3912888c1b572a683a5677f139dda150ab7d558435aaf28
spot_1m,2025-10-20,1440.0,OK,https://data.binance.vision/data/spot/daily/klines/BTCUSDT/1m/BTCUSDT-1m-2025-10-20.zip,OK,63a8a657c5352cd7536977da42c4de419b6065ab887f6889e67eced67232311e,63a8a657c5352cd7536977da42c4de419b6065ab887f6889e67eced67232311e
spot_1m,2025-10-21,1440.0,OK,https://data.binance.vision/data/spot/daily/klines/BTCUSDT/1m/BTCUSDT-1m-2025-10-21.zip,OK,10f3aa68b68d33bb32daa005fd9c401459146bd9db2c974aa0a5784b5c87d271,10f3aa68b68d33bb32daa005fd9c401459146bd9db2c974aa0a5784b5c87d271
spot_1m,2025-10-22,1440.0,OK,https://data.binance.vision/data/spot/daily/klines/BTCUSDT/1m/BTCUSDT-1m-2025-10-22.zip,OK,c7035ba2be5df547ec27a009a6a47032ad707d3ee0e535d160619620e6d5106c,c7035ba2be5df547ec27a009a6a47032ad707d3ee0e535d160619620e6d5106c
spot_1m,2025-10-23,1440.0,OK,https://data.binance.vision/data/spot/daily/klines/BTCUSDT/1m/BTCUSDT-1m-2025-10-23.zip,OK,877428e0b99622354ec5e6ce033bb6b71d7722b0960fa4b433a95603b5535788,877428e0b99622354ec5e6ce033bb6b71d7722b0960fa4b433a95603b5535788
spot_1m,2025-10-24,1440.0,OK,https://data.binance.vision/data/spot/daily/klines/BTCUSDT/1m/BTCUSDT-1m-2025-10-24.zip,OK,6c0f6bbe9585573381a0a5a3cbb8deee3bfc5b1c34b03022caeb4a9008ae1191,6c0f6bbe9585573381a0a5a3cbb8deee3bfc5b1c34b03022caeb4a9008ae1191
spot_1m,2025-10-25,1440.0,OK,https://data.binance.vision/data/spot/daily/klines/BTCUSDT/1m/BTCUSDT-1m-2025-10-25.zip,OK,0629d645d8d04d0f0e09436387aa0e89c95829772128920ad2484d4bcfa9fc31,0629d645d8d04d0f0e09436387aa0e89c95829772128920ad2484d4bcfa9fc31
spot_1m,2025-10-26,1440.0,OK,https://data.binance.vision/data/spot/daily/klines/BTCUSDT/1m/BTCUSDT-1m-2025-10-26.zip,OK,285f456354e474123244baadd119f7c90da762a5fcc1b2058a90c07a58fb4183,285f456354e474123244baadd119f7c90da762a5fcc1b2058a90c07a58fb4183
spot_1m,2025-10-27,1440.0,OK,https://data.binance.vision/data/spot/daily/klines/BTCUSDT/1m/BTCUSDT-1m-2025-10-27.zip,OK,1357242c01927a9b8a640b28648303a03d7dcbff5badd9c6bfa2aa90cf4d33c7,1357242c01927a9b8a640b28648303a03d7dcbff5badd9c6bfa2aa90cf4d33c7
spot_1m,2025-10-28,1440.0,OK,https://data.binance.vision/data/spot/daily/klines/BTCUSDT/1m/BTCUSDT-1m-2025-10-28.zip,OK,91be3ecbbda146d2b602dfd0cfaa0a473d30f3ee2d02bb99b77207d603595d9b,91be3ecbbda146d2b602dfd0cfaa0a473d30f3ee2d02bb99b77207d603595d9b
spot_1m,2025-10-29,1440.0,OK,https://data.binance.vision/data/spot/daily/klines/BTCUSDT/1m/BTCUSDT-1m-2025-10-29.zip,OK,6a00d99f4d87e8166c84aaf820bd8dcabe20ec79895bac527bbf6c5c8cf6a948,6a00d99f4d87e8166c84aaf820bd8dcabe20ec79895bac527bbf6c5c8cf6a948
spot_1m,2025-10-30,1440.0,OK,https://data.binance.vision/data/spot/daily/klines/BTCUSDT/1m/BTCUSDT-1m-2025-10-30.zip,OK,a65740ee6362b5fce1e6040855221c38fc0262d9b006de1a1dee8b6c0a169e22,a65740ee6362b5fce1e6040855221c38fc0262d9b006de1a1dee8b6c0a169e22
spot_1m,2025-10-31,1440.0,OK,https://data.binance.vision/data/spot/daily/klines/BTCUSDT/1m/BTCUSDT-1m-2025-10-31.zip,OK,b43dacb95ac14f6f04051e66db439c0447d3a59fe418d9517945cb682fccf337,b43dacb95ac14f6f04051e66db439c0447d3a59fe418d9517945cb682fccf337
spot_1m,2025-11-01,1440.0,OK,https://data.binance.vision/data/spot/daily/klines/BTCUSDT/1m/BTCUSDT-1m-2025-11-01.zip,OK,bfeaef2c0ed1104b3d5aa416ac6c1a76b919b3a468fe2694ed26c1cf6a9b8824,bfeaef2c0ed1104b3d5aa416ac6c1a76b919b3a468fe2694ed26c1cf6a9b8824
spot_1m,2025-11-02,1440.0,OK,https://data.binance.vision/data/spot/daily/klines/BTCUSDT/1m/BTCUSDT-1m-2025-11-02.zip,OK,1b71bd012008d77f24a8aaeea7bf1b11772acabbcfbfdcd0b785c05d559c7783,1b71bd012008d77f24a8aaeea7bf1b11772acabbcfbfdcd0b785c05d559c7783
spot_1m,2025-11-03,1440.0,OK,https://data.binance.vision/data/spot/daily/klines/BTCUSDT/1m/BTCUSDT-1m-2025-11-03.zip,OK,65b7a161841470ae478c2fd88334e4b88d36dc3243c6cc9c9f5921fbf96358c3,65b7a161841470ae478c2fd88334e4b88d36dc3243c6cc9c9f5921fbf96358c3
spot_1m,2025-11-04,1440.0,OK,https://data.binance.vision/data/spot/daily/klines/BTCUSDT/1m/BTCUSDT-1m-2025-11-04.zip,OK,fe5f129c58036271c98380e0990c9526aeb8653abc7aa214f3b4dc62d33a7fa3,fe5f129c58036271c98380e0990c9526aeb8653abc7aa214f3b4dc62d33a7fa3
spot_1m,2025-11-05,1440.0,OK,https://data.binance.vision/data/spot/daily/klines/BTCUSDT/1m/BTCUSDT-1m-2025-11-05.zip,OK,cc3d8bc09513c7624410603010079aa545ceca0791447df0ef8b02417d29d9ec,cc3d8bc09513c7624410603010079aa545ceca0791447df0ef8b02417d29d9ec
spot_1m,2025-11-06,1440.0,OK,https://data.binance.vision/data/spot/daily/klines/BTCUSDT/1m/BTCUSDT-1m-2025-11-06.zip,OK,61b328e6d6ca9773bd25806e529c4c8df294349f2197da7711c11bbe3cd5aea0,61b328e6d6ca9773bd25806e529c4c8df294349f2197da7711c11bbe3cd5aea0
spot_1m,2025-11-07,1440.0,OK,https://data.binance.vision/data/spot/daily/klines/BTCUSDT/1m/BTCUSDT-1m-2025-11-07.zip,OK,8a07a2addfd4cff560564ee86f44f6cf8cca4703c6f81b6cf480b553918a682a,8a07a2addfd4cff560564ee86f44f6cf8cca4703c6f81b6cf480b553918a682a
spot_1m,2025-11-08,1440.0,OK,https://data.binance.vision/data/spot/daily/klines/BTCUSDT/1m/BTCUSDT-1m-2025-11-08.zip,OK,1452ad39aedd594a1e5f6532662786b736fb9a6c56a57fbd60177cdb286ed521,1452ad39aedd594a1e5f6532662786b736fb9a6c56a57fbd60177cdb286ed521
spot_1m,2025-11-09,1440.0,OK,https://data.binance.vision/data/spot/daily/klines/BTCUSDT/1m/BTCUSDT-1m-2025-11-09.zip,OK,50b3857caf667ef2b5c7ca4b56fd7369f9dd924cd89b9ad3375e8e9820dcc8a0,50b3857caf667ef2b5c7ca4b56fd7369f9dd924cd89b9ad3375e8e9820dcc8a0
spot_1m,2025-11-10,1440.0,OK,https://data.binance.vision/data/spot/daily/klines/BTCUSDT/1m/BTCUSDT-1m-2025-11-10.zip,OK,5ba8bc6b5177cfb047a8f042b9f910da6263e3a888a24367fa5a4999b9a0b644,5ba8bc6b5177cfb047a8f042b9f910da6263e3a888a24367fa5a4999b9a0b644
spot_1m,2025-11-11,1440.0,OK,https://data.binance.vision/data/spot/daily/klines/BTCUSDT/1m/BTCUSDT-1m-2025-11-11.zip,OK,7a1fa49fb5e1f0516f17b84bcf854438f1bf29fc195d4e7e1db8705419831422,7a1fa49fb5e1f0516f17b84bcf854438f1bf29fc195d4e7e1db8705419831422
spot_1m,2025-11-12,1440.0,OK,https://data.binance.vision/data/spot/daily/klines/BTCUSDT/1m/BTCUSDT-1m-2025-11-12.zip,OK,4f53f9f639254cce049377c7c20f6c65f06adaaf7222a951e14b1b9ac24574a2,4f53f9f639254cce049377c7c20f6c65f06adaaf7222a951e14b1b9ac24574a2
spot_1m,2025-11-13,1440.0,OK,https://data.binance.vision/data/spot/daily/klines/BTCUSDT/1m/BTCUSDT-1m-2025-11-13.zip,OK,16aa8dc1ac34a64d067d4320971d90a9c44e1f0ef69dfb924f866205f8a5de93,16aa8dc1ac34a64d067d4320971d90a9c44e1f0ef69dfb924f866205f8a5de93
spot_1m,2025-11-14,1440.0,OK,https://data.binance.vision/data/spot/daily/klines/BTCUSDT/1m/BTCUSDT-1m-2025-11-14.zip,OK,3b10adb85ecc3be776986bedd0ca8074d5e52452cc1a5733f44e0e30711efc7d,3b10adb85ecc3be776986bedd0ca8074d5e52452cc1a5733f44e0e30711efc7d
spot_1m,2025-11-15,1440.0,OK,https://data.binance.vision/data/spot/daily/klines/BTCUSDT/1m/BTCUSDT-1m-2025-11-15.zip,OK,29923247e89e5c67f1bc405a0c61116a04bd3cf4f7c075d9212f134ea02556f2,29923247e89e5c67f1bc405a0c61116a04bd3cf4f7c075d9212f134ea02556f2
spot_1m,2025-11-16,1440.0,OK,https://data.binance.vision/data/spot/daily/klines/BTCUSDT/1m/BTCUSDT-1m-2025-11-16.zip,OK,ff96472fa489a55450a7501fa762cf4fc20aea8b25463c5105d57f5c29fe5c6a,ff96472fa489a55450a7501fa762cf4fc20aea8b25463c5105d57f5c29fe5c6a
spot_1m,2025-11-17,1440.0,OK,https://data.binance.vision/data/spot/daily/klines/BTCUSDT/1m/BTCUSDT-1m-2025-11-17.zip,OK,0a46a02b31fe26eb347955eb415cd403f1c1e8c423985f1154d4499700d41f38,0a46a02b31fe26eb347955eb415cd403f1c1e8c423985f1154d4499700d41f38
spot_1m,2025-11-18,1440.0,OK,https://data.binance.vision/data/spot/daily/klines/BTCUSDT/1m/BTCUSDT-1m-2025-11-18.zip,OK,ac7db14c53039b41bdc21af41ff83078c1da2771513a983eb255803e048ce9c2,ac7db14c53039b41bdc21af41ff83078c1da2771513a983eb255803e048ce9c2
spot_1m,2025-11-19,1440.0,OK,https://data.binance.vision/data/spot/daily/klines/BTCUSDT/1m/BTCUSDT-1m-2025-11-19.zip,OK,0b119eaa9ffeb0ea00acd69d14d85bd7243061e16d74536a98e418fc8a47fa4d,0b119eaa9ffeb0ea00acd69d14d85bd7243061e16d74536a98e418fc8a47fa4d
spot_1m,2025-11-20,1440.0,OK,https://data.binance.vision/data/spot/daily/klines/BTCUSDT/1m/BTCUSDT-1m-2025-11-20.zip,OK,27c63f51e4972fa3b88db8e9ee4e6ed292ad05f4348b8212c246bda843ebbdb7,27c63f51e4972fa3b88db8e9ee4e6ed292ad05f4348b8212c246bda843ebbdb7
spot_1m,2025-11-21,1440.0,OK,https://data.binance.vision/data/spot/daily/klines/BTCUSDT/1m/BTCUSDT-1m-2025-11-21.zip,OK,28be66e01ed07ea76deb05c80587fe4d7bb6941263ba1a195230c48b84498b4c,28be66e01ed07ea76deb05c80587fe4d7bb6941263ba1a195230c48b84498b4c
spot_1m,2025-11-22,1440.0,OK,https://data.binance.vision/data/spot/daily/klines/BTCUSDT/1m/BTCUSDT-1m-2025-11-22.zip,OK,3d066a115cfb14df53e301b1bac72b503648ff6ebf387e1dc16e4af67e35ea9c,3d066a115cfb14df53e301b1bac72b503648ff6ebf387e1dc16e4af67e35ea9c
spot_1m,2025-11-23,1440.0,OK,https://data.binance.vision/data/spot/daily/klines/BTCUSDT/1m/BTCUSDT-1m-2025-11-23.zip,OK,b43703178fe6e04a21787b37a8405968929c1a767970fdeae789cdc4b1771b29,b43703178fe6e04a21787b37a8405968929c1a767970fdeae789cdc4b1771b29
spot_1m,2025-11-24,1440.0,OK,https://data.binance.vision/data/spot/daily/klines/BTCUSDT/1m/BTCUSDT-1m-2025-11-24.zip,OK,0b88719a725d6f495f0e75e96bdd4bd2eb1dc02a36a6e57108405b87cc371a1b,0b88719a725d6f495f0e75e96bdd4bd2eb1dc02a36a6e57108405b87cc371a1b
spot_1m,2025-11-25,1440.0,OK,https://data.binance.vision/data/spot/daily/klines/BTCUSDT/1m/BTCUSDT-1m-2025-11-25.zip,OK,de03da58776bb2b8dc874be19f07b4520a83c041233895c9cef8b0309596bf67,de03da58776bb2b8dc874be19f07b4520a83c041233895c9cef8b0309596bf67
spot_1m,2025-11-26,1440.0,OK,https://data.binance.vision/data/spot/daily/klines/BTCUSDT/1m/BTCUSDT-1m-2025-11-26.zip,OK,ba45319e40a8e1361e082c1f53750d19505457afaf7a1acac57d645463b728f4,ba45319e40a8e1361e082c1f53750d19505457afaf7a1acac57d645463b728f4
spot_1m,2025-11-27,1440.0,OK,https://data.binance.vision/data/spot/daily/klines/BTCUSDT/1m/BTCUSDT-1m-2025-11-27.zip,OK,f172c17e052bb7ca43c3f7da70884112a4788c693707b4b6c921a31eca1a3e44,f172c17e052bb7ca43c3f7da70884112a4788c693707b4b6c921a31eca1a3e44
spot_1m,2025-11-28,1440.0,OK,https://data.binance.vision/data/spot/daily/klines/BTCUSDT/1m/BTCUSDT-1m-2025-11-28.zip,OK,115a6127f7401c9a7fb6165bbae673320b2fb9c8e6da17a17459be4aa7d6945d,115a6127f7401c9a7fb6165bbae673320b2fb9c8e6da17a17459be4aa7d6945d
spot_1m,2025-11-29,1440.0,OK,https://data.binance.vision/data/spot/daily/klines/BTCUSDT/1m/BTCUSDT-1m-2025-11-29.zip,OK,ee8b6f3653196cc5d1f5f09eed0ebd6630c19fc84fb04d129f2fa1ce10b82743,ee8b6f3653196cc5d1f5f09eed0ebd6630c19fc84fb04d129f2fa1ce10b82743
spot_1m,2025-11-30,1440.0,OK,https://data.binance.vision/data/spot/daily/klines/BTCUSDT/1m/BTCUSDT-1m-2025-11-30.zip,OK,f7f360b160938633da4b8d7a3c10fcc27166402419f363ca463677b283a4bc36,f7f360b160938633da4b8d7a3c10fcc27166402419f363ca463677b283a4bc36
spot_1m,2025-12-01,1440.0,OK,https://data.binance.vision/data/spot/daily/klines/BTCUSDT/1m/BTCUSDT-1m-2025-12-01.zip,OK,cda08bfa0f7831c02a5fc78969ee3a6f9557d131966b1e1c18a3e0c3316b3d64,cda08bfa0f7831c02a5fc78969ee3a6f9557d131966b1e1c18a3e0c3316b3d64
spot_1m,2025-12-02,1440.0,OK,https://data.binance.vision/data/spot/daily/klines/BTCUSDT/1m/BTCUSDT-1m-2025-12-02.zip,OK,55990f4bbb63927e2e6530064ab529d2db71195f04caf940aebc4a36bc494d8a,55990f4bbb63927e2e6530064ab529d2db71195f04caf940aebc4a36bc494d8a
spot_1m,2025-12-03,1440.0,OK,https://data.binance.vision/data/spot/daily/klines/BTCUSDT/1m/BTCUSDT-1m-2025-12-03.zip,OK,a595afa315db1dc04b9433bd762755c447d02032fe84faa9c71ad9075e1e7359,a595afa315db1dc04b9433bd762755c447d02032fe84faa9c71ad9075e1e7359
spot_1m,2025-12-04,1440.0,OK,https://data.binance.vision/data/spot/daily/klines/BTCUSDT/1m/BTCUSDT-1m-2025-12-04.zip,OK,6812537ea88a44f0b012003d43c7ff6fa3aff8b4fba622a13ebe358b9ff5901d,6812537ea88a44f0b012003d43c7ff6fa3aff8b4fba622a13ebe358b9ff5901d
spot_1m,2025-12-05,1440.0,OK,https://data.binance.vision/data/spot/daily/klines/BTCUSDT/1m/BTCUSDT-1m-2025-12-05.zip,OK,7c2b58fa030ff46229e4addf34710691b43d6242408da641cbdbd075a90cc4db,7c2b58fa030ff46229e4addf34710691b43d6242408da641cbdbd075a90cc4db
spot_1m,2025-12-06,1440.0,OK,https://data.binance.vision/data/spot/daily/klines/BTCUSDT/1m/BTCUSDT-1m-2025-12-06.zip,OK,6d7f82dd107b76074443f138c3e21528af18279cf872834118f454af26ade2fb,6d7f82dd107b76074443f138c3e21528af18279cf872834118f454af26ade2fb
spot_1m,2025-12-07,1440.0,OK,https://data.binance.vision/data/spot/daily/klines/BTCUSDT/1m/BTCUSDT-1m-2025-12-07.zip,OK,347f817989165682afe3298212e472908f3915c97c28b5f5e76ff2f83b87b38f,347f817989165682afe3298212e472908f3915c97c28b5f5e76ff2f83b87b38f
spot_1m,2025-12-08,1440.0,OK,https://data.binance.vision/data/spot/daily/klines/BTCUSDT/1m/BTCUSDT-1m-2025-12-08.zip,OK,3319f4f4cd1332afaa30b12fe8db5f0b4da1c10a43a9fdff7621bea82b8fc7a0,3319f4f4cd1332afaa30b12fe8db5f0b4da1c10a43a9fdff7621bea82b8fc7a0
spot_1m,2025-12-09,1440.0,OK,https://data.binance.vision/data/spot/daily/klines/BTCUSDT/1m/BTCUSDT-1m-2025-12-09.zip,OK,89d10cc401ee38d141f3f6450b9d0fb82300dfc485ab6d1f450bd24cc140e7a9,89d10cc401ee38d141f3f6450b9d0fb82300dfc485ab6d1f450bd24cc140e7a9
spot_1m,2025-12-10,1440.0,OK,https://data.binance.vision/data/spot/daily/klines/BTCUSDT/1m/BTCUSDT-1m-2025-12-10.zip,OK,c556406c576249f8bd80fef750d6d9e53583d30a8c9f6906387f77ca15763c8c,c556406c576249f8bd80fef750d6d9e53583d30a8c9f6906387f77ca15763c8c
spot_1m,2025-12-11,1440.0,OK,https://data.binance.vision/data/spot/daily/klines/BTCUSDT/1m/BTCUSDT-1m-2025-12-11.zip,OK,0019409804c2a223e88c7b23b6a26723e80dff40d38b7881a1ea0b07fdac39e3,0019409804c2a223e88c7b23b6a26723e80dff40d38b7881a1ea0b07fdac39e3
spot_1m,2025-12-12,1440.0,OK,https://data.binance.vision/data/spot/daily/klines/BTCUSDT/1m/BTCUSDT-1m-2025-12-12.zip,OK,bbcaabef0ed53d57fd02afbcc25110e6d2067be99a156d803f68a7cfe3c09dba,bbcaabef0ed53d57fd02afbcc25110e6d2067be99a156d803f68a7cfe3c09dba
spot_1m,2025-12-13,1440.0,OK,https://data.binance.vision/data/spot/daily/klines/BTCUSDT/1m/BTCUSDT-1m-2025-12-13.zip,OK,b1d0c2f1647bfc7156d9ce04f54ed8bab1e688823742848fb854d701bd81fe50,b1d0c2f1647bfc7156d9ce04f54ed8bab1e688823742848fb854d701bd81fe50
spot_1m,2025-12-14,1440.0,OK,https://data.binance.vision/data/spot/daily/klines/BTCUSDT/1m/BTCUSDT-1m-2025-12-14.zip,OK,2a47e52f3326de49366b5de1b9646376fb0c30c5a89651d58da15641e6a07e51,2a47e52f3326de49366b5de1b9646376fb0c30c5a89651d58da15641e6a07e51
spot_1m,2025-12-15,1440.0,OK,https://data.binance.vision/data/spot/daily/klines/BTCUSDT/1m/BTCUSDT-1m-2025-12-15.zip,OK,097f85753abd7270f44e01c5ed97e2528e5955c38bb1ae75477d975f73022e7f,097f85753abd7270f44e01c5ed97e2528e5955c38bb1ae75477d975f73022e7f
spot_1m,2025-12-16,1440.0,OK,https://data.binance.vision/data/spot/daily/klines/BTCUSDT/1m/BTCUSDT-1m-2025-12-16.zip,OK,9c35e854d6a527e4827a435ae883049b76632d9ae89da3d8a7b29daef30ff9b3,9c35e854d6a527e4827a435ae883049b76632d9ae89da3d8a7b29daef30ff9b3
spot_1m,2025-12-17,1440.0,OK,https://data.binance.vision/data/spot/daily/klines/BTCUSDT/1m/BTCUSDT-1m-2025-12-17.zip,OK,ca2a9c0abcd750d8decf9e90c8c16ea5aa137954459851f3201b13fd7c5e7624,ca2a9c0abcd750d8decf9e90c8c16ea5aa137954459851f3201b13fd7c5e7624
spot_1m,2025-12-18,1440.0,OK,https://data.binance.vision/data/spot/daily/klines/BTCUSDT/1m/BTCUSDT-1m-2025-12-18.zip,OK,7babb40236ec16d638c69a8a456225139c3f2dd76b0c133213a1fcdddf0cf229,7babb40236ec16d638c69a8a456225139c3f2dd76b0c133213a1fcdddf0cf229
spot_1m,2025-12-19,1440.0,OK,https://data.binance.vision/data/spot/daily/klines/BTCUSDT/1m/BTCUSDT-1m-2025-12-19.zip,OK,88d0178412723df2b27c22e84cb3bc82aad46dbde9a7ff5634e14a60dd3ee6ce,88d0178412723df2b27c22e84cb3bc82aad46dbde9a7ff5634e14a60dd3ee6ce
spot_1m,2025-12-20,1440.0,OK,https://data.binance.vision/data/spot/daily/klines/BTCUSDT/1m/BTCUSDT-1m-2025-12-20.zip,OK,9eafbc9f02a613f7f6e74b836fadc56d61f967f067e1fecd3d36b49b8a9e679d,9eafbc9f02a613f7f6e74b836fadc56d61f967f067e1fecd3d36b49b8a9e679d
spot_1m,2025-12-21,1440.0,OK,https://data.binance.vision/data/spot/daily/klines/BTCUSDT/1m/BTCUSDT-1m-2025-12-21.zip,OK,e691f4a817a84d9fb21f59be9d25aca7e14a9f7b836025fab37771449131fb5f,e691f4a817a84d9fb21f59be9d25aca7e14a9f7b836025fab37771449131fb5f
spot_1m,2025-12-22,1440.0,OK,https://data.binance.vision/data/spot/daily/klines/BTCUSDT/1m/BTCUSDT-1m-2025-12-22.zip,OK,7641fba81c822c34a8ea4506638870301cdf823846a597f1849b00568732eea8,7641fba81c822c34a8ea4506638870301cdf823846a597f1849b00568732eea8
spot_1m,2025-12-23,1440.0,OK,https://data.binance.vision/data/spot/daily/klines/BTCUSDT/1m/BTCUSDT-1m-2025-12-23.zip,OK,7723df75f6a7558ce7f9e8a00efb52105126dfb2aabe839be39c3e130ec164c1,7723df75f6a7558ce7f9e8a00efb52105126dfb2aabe839be39c3e130ec164c1
spot_1m,2025-12-24,1440.0,OK,https://data.binance.vision/data/spot/daily/klines/BTCUSDT/1m/BTCUSDT-1m-2025-12-24.zip,OK,a8f7da7d37d375c6988e683b3b41e9c620a5d95b09156bfd4e8d2add49bcef56,a8f7da7d37d375c6988e683b3b41e9c620a5d95b09156bfd4e8d2add49bcef56
spot_1m,2025-12-25,1440.0,OK,https://data.binance.vision/data/spot/daily/klines/BTCUSDT/1m/BTCUSDT-1m-2025-12-25.zip,OK,e22208694903ba8454d80d497f4f2489008e3264a13b4da087eb13f756c4d5dd,e22208694903ba8454d80d497f4f2489008e3264a13b4da087eb13f756c4d5dd
spot_1m,2025-12-26,1440.0,OK,https://data.binance.vision/data/spot/daily/klines/BTCUSDT/1m/BTCUSDT-1m-2025-12-26.zip,OK,a41625b4207d2a4775195e83bac6a4fe3c3222b8f56e4b9a8ed2557cbe7bca56,a41625b4207d2a4775195e83bac6a4fe3c3222b8f56e4b9a8ed2557cbe7bca56
spot_1m,2025-12-27,1440.0,OK,https://data.binance.vision/data/spot/daily/klines/BTCUSDT/1m/BTCUSDT-1m-2025-12-27.zip,OK,b5e0f0e8cf1cf2a9e5e58f767cc27300b8f887d1b6d5fe2a1d98c0b8e38cccae,b5e0f0e8cf1cf2a9e5e58f767cc27300b8f887d1b6d5fe2a1d98c0b8e38cccae
spot_1m,2025-12-28,1440.0,OK,https://data.binance.vision/data/spot/daily/klines/BTCUSDT/1m/BTCUSDT-1m-2025-12-28.zip,OK,0718cdbc0e4200b081db3e242342cf11db7d50b5788cb4658b4eb5a878af47d3,0718cdbc0e4200b081db3e242342cf11db7d50b5788cb4658b4eb5a878af47d3
spot_1m,2025-12-29,1440.0,OK,https://data.binance.vision/data/spot/daily/klines/BTCUSDT/1m/BTCUSDT-1m-2025-12-29.zip,OK,33a1c588b97bd8a29071ee50e7f678260978e7e1a35bbbeafb046d1fcc0d8b36,33a1c588b97bd8a29071ee50e7f678260978e7e1a35bbbeafb046d1fcc0d8b36
spot_1m,2025-12-30,1440.0,OK,https://data.binance.vision/data/spot/daily/klines/BTCUSDT/1m/BTCUSDT-1m-2025-12-30.zip,OK,b0723efe4656dc29fc990c528b132a5e123c4d53aae7bf8b66aca14365a5d51f,b0723efe4656dc29fc990c528b132a5e123c4d53aae7bf8b66aca14365a5d51f
spot_1m,2025-12-31,1440.0,OK,https://data.binance.vision/data/spot/daily/klines/BTCUSDT/1m/BTCUSDT-1m-2025-12-31.zip,OK,1ac4cae90bb62d3ac80971aa27d286ab5bf9d3153e48094c00adc9fd32c50463,1ac4cae90bb62d3ac80971aa27d286ab5bf9d3153e48094c00adc9fd32c50463
spot_1m,2026-01-01,1440.0,OK,https://data.binance.vision/data/spot/daily/klines/BTCUSDT/1m/BTCUSDT-1m-2026-01-01.zip,OK,5065b4a0412fcf952a1384a140217e3ec4f0497edc5528289f198589d0736a17,5065b4a0412fcf952a1384a140217e3ec4f0497edc5528289f198589d0736a17
spot_1m,2026-01-02,1440.0,OK,https://data.binance.vision/data/spot/daily/klines/BTCUSDT/1m/BTCUSDT-1m-2026-01-02.zip,OK,7ad5ae21dafe8c77150676144a9537bf975c660cfd7048114fb5300750f328fa,7ad5ae21dafe8c77150676144a9537bf975c660cfd7048114fb5300750f328fa
spot_1m,2026-01-03,1440.0,OK,https://data.binance.vision/data/spot/daily/klines/BTCUSDT/1m/BTCUSDT-1m-2026-01-03.zip,OK,ed939ed8dec11c5465ea0a8289255b7b1b70c72f55452ee6c6d8540b07662d8b,ed939ed8dec11c5465ea0a8289255b7b1b70c72f55452ee6c6d8540b07662d8b
spot_1m,2026-01-04,1440.0,OK,https://data.binance.vision/data/spot/daily/klines/BTCUSDT/1m/BTCUSDT-1m-2026-01-04.zip,OK,2e7d3ed70432fc17187325ae5b8c5c7066cb5d8c9283c54f1514f109a1b06906,2e7d3ed70432fc17187325ae5b8c5c7066cb5d8c9283c54f1514f109a1b06906
spot_1m,2026-01-05,1440.0,OK,https://data.binance.vision/data/spot/daily/klines/BTCUSDT/1m/BTCUSDT-1m-2026-01-05.zip,OK,a29b45bdb88d5090cfecc61423dab084364a34db96b0788ab77cefc9d4b9567d,a29b45bdb88d5090cfecc61423dab084364a34db96b0788ab77cefc9d4b9567d
spot_1m,2026-01-06,1440.0,OK,https://data.binance.vision/data/spot/daily/klines/BTCUSDT/1m/BTCUSDT-1m-2026-01-06.zip,OK,a3783ece3cf3cb0a72296c79a8120ce70364eba74e331631995f4686b9995bba,a3783ece3cf3cb0a72296c79a8120ce70364eba74e331631995f4686b9995bba
spot_1m,2026-01-07,1440.0,OK,https://data.binance.vision/data/spot/daily/klines/BTCUSDT/1m/BTCUSDT-1m-2026-01-07.zip,OK,d1227e7eb5336b89efacbbed755ae4d43e1849b1a078652e22defec718ddc00b,d1227e7eb5336b89efacbbed755ae4d43e1849b1a078652e22defec718ddc00b
spot_1m,2026-01-08,1440.0,OK,https://data.binance.vision/data/spot/daily/klines/BTCUSDT/1m/BTCUSDT-1m-2026-01-08.zip,OK,3b9dcedc05aaffb04f3f6f239d8c3da3d436f67421bdeb1eceb5282f35349455,3b9dcedc05aaffb04f3f6f239d8c3da3d436f67421bdeb1eceb5282f35349455
spot_1m,2026-01-09,1440.0,OK,https://data.binance.vision/data/spot/daily/klines/BTCUSDT/1m/BTCUSDT-1m-2026-01-09.zip,OK,bc6bc760d58b28a2c8fde375c631cec023b8bef100e007f4e6b96ed341f07ef0,bc6bc760d58b28a2c8fde375c631cec023b8bef100e007f4e6b96ed341f07ef0
spot_1m,2026-01-10,1440.0,OK,https://data.binance.vision/data/spot/daily/klines/BTCUSDT/1m/BTCUSDT-1m-2026-01-10.zip,OK,7e3e8cf0a54d633d8c9be79250305717165551e0748ca437c832c0ef604fdc82,7e3e8cf0a54d633d8c9be79250305717165551e0748ca437c832c0ef604fdc82
spot_1m,2026-01-11,1440.0,OK,https://data.binance.vision/data/spot/daily/klines/BTCUSDT/1m/BTCUSDT-1m-2026-01-11.zip,OK,404ae48bd319be5295dbc85441d884430bff8d21cabc4540527b22fe43907ad8,404ae48bd319be5295dbc85441d884430bff8d21cabc4540527b22fe43907ad8
spot_1m,2026-01-12,1440.0,OK,https://data.binance.vision/data/spot/daily/klines/BTCUSDT/1m/BTCUSDT-1m-2026-01-12.zip,OK,7c4d99426916844dddd6ff362ee835821d4aa353503f5ce1953846071ae5564a,7c4d99426916844dddd6ff362ee835821d4aa353503f5ce1953846071ae5564a
spot_1m,2026-01-13,1440.0,OK,https://data.binance.vision/data/spot/daily/klines/BTCUSDT/1m/BTCUSDT-1m-2026-01-13.zip,OK,962b933601df1ff3ba936cf669e9c331fe9975dc9a9d86897c96817d6cdadf0a,962b933601df1ff3ba936cf669e9c331fe9975dc9a9d86897c96817d6cdadf0a
spot_1m,2026-01-14,1440.0,OK,https://data.binance.vision/data/spot/daily/klines/BTCUSDT/1m/BTCUSDT-1m-2026-01-14.zip,OK,9d3f784cedaab83139a65bbde66e1bb6141500871f103fbe326332fec8cb9a42,9d3f784cedaab83139a65bbde66e1bb6141500871f103fbe326332fec8cb9a42
spot_1m,2026-01-15,1440.0,OK,https://data.binance.vision/data/spot/daily/klines/BTCUSDT/1m/BTCUSDT-1m-2026-01-15.zip,OK,ca4ebc8fa238d9566d7a7cdfd7482472d794afef25e609268055fbbb0171365d,ca4ebc8fa238d9566d7a7cdfd7482472d794afef25e609268055fbbb0171365d
spot_1m,2026-01-16,1440.0,OK,https://data.binance.vision/data/spot/daily/klines/BTCUSDT/1m/BTCUSDT-1m-2026-01-16.zip,OK,4a4f47ecab16d03d5b6ca345c845a4eac8cd1c43bc0881c499da421f506b8348,4a4f47ecab16d03d5b6ca345c845a4eac8cd1c43bc0881c499da421f506b8348
spot_1m,2026-01-17,1440.0,OK,https://data.binance.vision/data/spot/daily/klines/BTCUSDT/1m/BTCUSDT-1m-2026-01-17.zip,OK,dc46bc5c6ecda6c4fdcf8f0dede6fc9ca288a78038da362d6745541edfc1fb41,dc46bc5c6ecda6c4fdcf8f0dede6fc9ca288a78038da362d6745541edfc1fb41
spot_1m,2026-01-18,1440.0,OK,https://data.binance.vision/data/spot/daily/klines/BTCUSDT/1m/BTCUSDT-1m-2026-01-18.zip,OK,3d9c9280d3c72f875d3b520e66b46fc4f4a7c38ce576918fdca4e3089bd68947,3d9c9280d3c72f875d3b520e66b46fc4f4a7c38ce576918fdca4e3089bd68947
spot_1m,2026-01-19,1440.0,OK,https://data.binance.vision/data/spot/daily/klines/BTCUSDT/1m/BTCUSDT-1m-2026-01-19.zip,OK,3f98e6f8d83830497cb5a2f3a37a3bb3c98a38fa9045640e204f1df4f5bdd83d,3f98e6f8d83830497cb5a2f3a37a3bb3c98a38fa9045640e204f1df4f5bdd83d
spot_1m,2026-01-20,1440.0,OK,https://data.binance.vision/data/spot/daily/klines/BTCUSDT/1m/BTCUSDT-1m-2026-01-20.zip,OK,135a42b750b7ff6f3c89c57b05ee8b3aaaf2357337a72110aebe7669dcd1b950,135a42b750b7ff6f3c89c57b05ee8b3aaaf2357337a72110aebe7669dcd1b950
spot_1m,2026-01-21,1440.0,OK,https://data.binance.vision/data/spot/daily/klines/BTCUSDT/1m/BTCUSDT-1m-2026-01-21.zip,OK,1121b570476243fb1639543025f8a6fd51445c7d14d98e1f296ad88068bba9e8,1121b570476243fb1639543025f8a6fd51445c7d14d98e1f296ad88068bba9e8
spot_1m,2026-01-22,1440.0,OK,https://data.binance.vision/data/spot/daily/klines/BTCUSDT/1m/BTCUSDT-1m-2026-01-22.zip,OK,827dc59a9c197bfd7839b9aecca060d0fa35fac7c73e95c0dfd109879dc5a26e,827dc59a9c197bfd7839b9aecca060d0fa35fac7c73e95c0dfd109879dc5a26e
spot_1m,2026-01-23,1440.0,OK,https://data.binance.vision/data/spot/daily/klines/BTCUSDT/1m/BTCUSDT-1m-2026-01-23.zip,OK,374d710961997bcef61426ab35ed5ba4e2bee4768a66c680936a1092a9deff8a,374d710961997bcef61426ab35ed5ba4e2bee4768a66c680936a1092a9deff8a
spot_1m,2026-01-24,1440.0,OK,https://data.binance.vision/data/spot/daily/klines/BTCUSDT/1m/BTCUSDT-1m-2026-01-24.zip,OK,c1122259aedb42e0673c60a98c48a098b4e646bb65fdd8f2db8ecba9749f7f6f,c1122259aedb42e0673c60a98c48a098b4e646bb65fdd8f2db8ecba9749f7f6f
spot_1m,2026-01-25,1440.0,OK,https://data.binance.vision/data/spot/daily/klines/BTCUSDT/1m/BTCUSDT-1m-2026-01-25.zip,OK,939042952da028b80053e4f572ee41f72f189c1db161aa0010bc9c158dd442a6,939042952da028b80053e4f572ee41f72f189c1db161aa0010bc9c158dd442a6
spot_1m,2026-01-26,1440.0,OK,https://data.binance.vision/data/spot/daily/klines/BTCUSDT/1m/BTCUSDT-1m-2026-01-26.zip,OK,110bc78ca3373384c1cf3e2dadfba7f6d9a42f17b4d3dd61a5f651ddf8fb6a5b,110bc78ca3373384c1cf3e2dadfba7f6d9a42f17b4d3dd61a5f651ddf8fb6a5b
spot_1m,2026-01-27,1440.0,OK,https://data.binance.vision/data/spot/daily/klines/BTCUSDT/1m/BTCUSDT-1m-2026-01-27.zip,OK,d3b4d14efdc712abf30039b5742dbf048f327ee50eb6db7f9e0a88996f0a11a1,d3b4d14efdc712abf30039b5742dbf048f327ee50eb6db7f9e0a88996f0a11a1
spot_1m,2026-01-28,1440.0,OK,https://data.binance.vision/data/spot/daily/klines/BTCUSDT/1m/BTCUSDT-1m-2026-01-28.zip,OK,6a3030071b3b7cd791077cfe9065e538d6dfd40c93999f0be4e333acae670ecf,6a3030071b3b7cd791077cfe9065e538d6dfd40c93999f0be4e333acae670ecf
spot_1m,2026-01-29,1440.0,OK,https://data.binance.vision/data/spot/daily/klines/BTCUSDT/1m/BTCUSDT-1m-2026-01-29.zip,OK,160a1e7570ef9f70e5261d59f1d51c6b66f2d8186397ba6b0f769b29c05bd664,160a1e7570ef9f70e5261d59f1d51c6b66f2d8186397ba6b0f769b29c05bd664
spot_1m,2026-01-30,1440.0,OK,https://data.binance.vision/data/spot/daily/klines/BTCUSDT/1m/BTCUSDT-1m-2026-01-30.zip,OK,d260fee598685857180a537052ebf55014a3e5c5e6a23683a2128d9a052636f9,d260fee598685857180a537052ebf55014a3e5c5e6a23683a2128d9a052636f9
spot_1m,2026-01-31,1440.0,OK,https://data.binance.vision/data/spot/daily/klines/BTCUSDT/1m/BTCUSDT-1m-2026-01-31.zip,OK,ff2f820153827cb71dcb750d50057a239d2c62b799edf9d0fce86aaf65800931,ff2f820153827cb71dcb750d50057a239d2c62b799edf9d0fce86aaf65800931
spot_1m,2026-02-01,1440.0,OK,https://data.binance.vision/data/spot/daily/klines/BTCUSDT/1m/BTCUSDT-1m-2026-02-01.zip,OK,be58bceed48ab4b46b4d23f4332cb51095043a21b462984e6e3a219634a0cdfe,be58bceed48ab4b46b4d23f4332cb51095043a21b462984e6e3a219634a0cdfe
spot_1m,2026-02-02,1440.0,OK,https://data.binance.vision/data/spot/daily/klines/BTCUSDT/1m/BTCUSDT-1m-2026-02-02.zip,OK,a22309fe39c38208ae9f6e4132c054fea6b6d204ded4959c57fd8f32017540c5,a22309fe39c38208ae9f6e4132c054fea6b6d204ded4959c57fd8f32017540c5
spot_1m,2026-02-03,1440.0,OK,https://data.binance.vision/data/spot/daily/klines/BTCUSDT/1m/BTCUSDT-1m-2026-02-03.zip,OK,b497661bb53668a2abd5a38be987fc9bb81a1df2faffb4737517c8c17714ea89,b497661bb53668a2abd5a38be987fc9bb81a1df2faffb4737517c8c17714ea89
spot_1m,2026-02-04,1440.0,OK,https://data.binance.vision/data/spot/daily/klines/BTCUSDT/1m/BTCUSDT-1m-2026-02-04.zip,OK,159cd47b491fc5f384f567821ad246260c5d8a062e1395760f0687bce933816b,159cd47b491fc5f384f567821ad246260c5d8a062e1395760f0687bce933816b
spot_1m,2026-02-05,1440.0,OK,https://data.binance.vision/data/spot/daily/klines/BTCUSDT/1m/BTCUSDT-1m-2026-02-05.zip,OK,bd559d392bbadc4538395b92c710573c8296e6c09f3d29dea7bf04c96be7ceae,bd559d392bbadc4538395b92c710573c8296e6c09f3d29dea7bf04c96be7ceae
spot_1m,2026-02-06,1440.0,OK,https://data.binance.vision/data/spot/daily/klines/BTCUSDT/1m/BTCUSDT-1m-2026-02-06.zip,OK,e3be00d956b756be9d2475724fe1a65fc7dc3c5e212455b4cf05ae1d512417eb,e3be00d956b756be9d2475724fe1a65fc7dc3c5e212455b4cf05ae1d512417eb
spot_1m,2026-02-07,1440.0,OK,https://data.binance.vision/data/spot/daily/klines/BTCUSDT/1m/BTCUSDT-1m-2026-02-07.zip,OK,fa0758b67fe9c759536aebbffe10c710e3e508b2c1643ac29649baf32f42b45d,fa0758b67fe9c759536aebbffe10c710e3e508b2c1643ac29649baf32f42b45d
spot_1m,2026-02-08,1440.0,OK,https://data.binance.vision/data/spot/daily/klines/BTCUSDT/1m/BTCUSDT-1m-2026-02-08.zip,OK,8b12df5a75c55b4ffae3cfad0bca2841d79584ba76ae93986b3fa170e02c8783,8b12df5a75c55b4ffae3cfad0bca2841d79584ba76ae93986b3fa170e02c8783
spot_1m,2026-02-09,1440.0,OK,https://data.binance.vision/data/spot/daily/klines/BTCUSDT/1m/BTCUSDT-1m-2026-02-09.zip,OK,5e901a2d43bae9ea1db596cbf120382a9ea0e797339b8f5d4210c8692bd53392,5e901a2d43bae9ea1db596cbf120382a9ea0e797339b8f5d4210c8692bd53392
spot_1m,2026-02-10,1440.0,OK,https://data.binance.vision/data/spot/daily/klines/BTCUSDT/1m/BTCUSDT-1m-2026-02-10.zip,OK,b454790a1f3fe45b39cab9f154b22277fb9be7fd434ad58ffdd605fe127249ed,b454790a1f3fe45b39cab9f154b22277fb9be7fd434ad58ffdd605fe127249ed
spot_1m,2026-02-11,1440.0,OK,https://data.binance.vision/data/spot/daily/klines/BTCUSDT/1m/BTCUSDT-1m-2026-02-11.zip,OK,460de9b0139d54fca4e8fd22a737cff8b835d19b7187779e9de1ee994cb0274e,460de9b0139d54fca4e8fd22a737cff8b835d19b7187779e9de1ee994cb0274e
spot_1m,2026-02-12,1440.0,OK,https://data.binance.vision/data/spot/daily/klines/BTCUSDT/1m/BTCUSDT-1m-2026-02-12.zip,OK,a50b7fa30a6b5746fd2cd0cb834310533ec3a2df54b019c48a1e85747924bd4d,a50b7fa30a6b5746fd2cd0cb834310533ec3a2df54b019c48a1e85747924bd4d
spot_1m,2026-02-13,1440.0,OK,https://data.binance.vision/data/spot/daily/klines/BTCUSDT/1m/BTCUSDT-1m-2026-02-13.zip,OK,9121f9fbe4e4a51116a5d9210e0023bb6e1cdfbc36339c7cf46c0a7405a83020,9121f9fbe4e4a51116a5d9210e0023bb6e1cdfbc36339c7cf46c0a7405a83020
spot_1m,2026-02-14,1440.0,OK,https://data.binance.vision/data/spot/daily/klines/BTCUSDT/1m/BTCUSDT-1m-2026-02-14.zip,OK,5dee251d4f69aca996825418ad2860e4bcb00b1f953688d4fcd4f0e5df4df762,5dee251d4f69aca996825418ad2860e4bcb00b1f953688d4fcd4f0e5df4df762
spot_1m,2026-02-15,1440.0,OK,https://data.binance.vision/data/spot/daily/klines/BTCUSDT/1m/BTCUSDT-1m-2026-02-15.zip,OK,41b56e41589b4664a2700a4be1b71b82774f425b18740f786d6c0de58f082c61,41b56e41589b4664a2700a4be1b71b82774f425b18740f786d6c0de58f082c61
spot_1m,2026-02-16,1440.0,OK,https://data.binance.vision/data/spot/daily/klines/BTCUSDT/1m/BTCUSDT-1m-2026-02-16.zip,OK,c0d7f03a8457e72929443201732ba47ad55e97f14a48f253da43c14e3d00d6e5,c0d7f03a8457e72929443201732ba47ad55e97f14a48f253da43c14e3d00d6e5
spot_1m,2026-02-17,1440.0,OK,https://data.binance.vision/data/spot/daily/klines/BTCUSDT/1m/BTCUSDT-1m-2026-02-17.zip,OK,063830dff9bd31208750bb84d435b77f4af95439970db8241426ba86baf57736,063830dff9bd31208750bb84d435b77f4af95439970db8241426ba86baf57736
spot_1m,2026-02-18,1440.0,OK,https://data.binance.vision/data/spot/daily/klines/BTCUSDT/1m/BTCUSDT-1m-2026-02-18.zip,OK,ddcb8a0ffa8c73608d8af50354a41945a573ba82b389b389b412c0e027f166ab,ddcb8a0ffa8c73608d8af50354a41945a573ba82b389b389b412c0e027f166ab
spot_1m,2026-02-19,1440.0,OK,https://data.binance.vision/data/spot/daily/klines/BTCUSDT/1m/BTCUSDT-1m-2026-02-19.zip,OK,0119d9a02cb5a9a79e3c19605069aab14a6be244fc2b8e5905374e5d9ca6ef61,0119d9a02cb5a9a79e3c19605069aab14a6be244fc2b8e5905374e5d9ca6ef61
spot_1m,2026-02-20,1440.0,OK,https://data.binance.vision/data/spot/daily/klines/BTCUSDT/1m/BTCUSDT-1m-2026-02-20.zip,OK,9b3132ad658885a9c120b364661eb1a2a246c413b7b6082695185a7e4932330a,9b3132ad658885a9c120b364661eb1a2a246c413b7b6082695185a7e4932330a
spot_1m,2026-02-21,1440.0,OK,https://data.binance.vision/data/spot/daily/klines/BTCUSDT/1m/BTCUSDT-1m-2026-02-21.zip,OK,9697c333101a6034eacaa365d14f66f32f05d8d1388631b77bb153b5f9901457,9697c333101a6034eacaa365d14f66f32f05d8d1388631b77bb153b5f9901457
spot_1m,2026-02-22,1440.0,OK,https://data.binance.vision/data/spot/daily/klines/BTCUSDT/1m/BTCUSDT-1m-2026-02-22.zip,OK,8e415d068fce16da16a535573e250290676271b476c0a213e4d3c89d2dd127a5,8e415d068fce16da16a535573e250290676271b476c0a213e4d3c89d2dd127a5
spot_1m,2026-02-23,1440.0,OK,https://data.binance.vision/data/spot/daily/klines/BTCUSDT/1m/BTCUSDT-1m-2026-02-23.zip,OK,7ece179e604a706ab4b4a2b2a29db234dc6b696767d167404096efe7cca30f1c,7ece179e604a706ab4b4a2b2a29db234dc6b696767d167404096efe7cca30f1c
spot_1m,2026-02-24,1440.0,OK,https://data.binance.vision/data/spot/daily/klines/BTCUSDT/1m/BTCUSDT-1m-2026-02-24.zip,OK,1007f737accbd6befe26f748fdffa07f7e010e6b23f69eb4d333e658b99c7dd5,1007f737accbd6befe26f748fdffa07f7e010e6b23f69eb4d333e658b99c7dd5
spot_1m,2026-02-25,1440.0,OK,https://data.binance.vision/data/spot/daily/klines/BTCUSDT/1m/BTCUSDT-1m-2026-02-25.zip,OK,d418323e7a3e0f05f38ab67457845a63b718c2ff2b6ef9fb45777775db43759a,d418323e7a3e0f05f38ab67457845a63b718c2ff2b6ef9fb45777775db43759a
spot_1m,2026-02-26,1440.0,OK,https://data.binance.vision/data/spot/daily/klines/BTCUSDT/1m/BTCUSDT-1m-2026-02-26.zip,OK,3576fabbdedfe70b8862d5f2b65e158d3f8bd2d9828b747249e6dfa279463b04,3576fabbdedfe70b8862d5f2b65e158d3f8bd2d9828b747249e6dfa279463b04
spot_1m,2026-02-27,1440.0,OK,https://data.binance.vision/data/spot/daily/klines/BTCUSDT/1m/BTCUSDT-1m-2026-02-27.zip,OK,cb7d7805bd3c59d6888860a8544d5ff59adfe865e58e72fdd8cbf42e5f32e288,cb7d7805bd3c59d6888860a8544d5ff59adfe865e58e72fdd8cbf42e5f32e288
spot_1m,2026-02-28,1440.0,OK,https://data.binance.vision/data/spot/daily/klines/BTCUSDT/1m/BTCUSDT-1m-2026-02-28.zip,OK,9e96b1fda710abc8d2eddb0154c054801e3787b6b1417ccc52317e98100c9adb,9e96b1fda710abc8d2eddb0154c054801e3787b6b1417ccc52317e98100c9adb
spot_1m,2026-03-01,1440.0,OK,https://data.binance.vision/data/spot/daily/klines/BTCUSDT/1m/BTCUSDT-1m-2026-03-01.zip,OK,111090444d473f89649a90922ecd9dd3295371eed3c59bdeadb3b685cc55b4fd,111090444d473f89649a90922ecd9dd3295371eed3c59bdeadb3b685cc55b4fd
spot_1m,2026-03-02,1440.0,OK,https://data.binance.vision/data/spot/daily/klines/BTCUSDT/1m/BTCUSDT-1m-2026-03-02.zip,OK,dbe829deace5022d5cd84e7d4dd53c32afcc93502c657ab7f57c89e9ce43e565,dbe829deace5022d5cd84e7d4dd53c32afcc93502c657ab7f57c89e9ce43e565
spot_1m,2026-03-03,1440.0,OK,https://data.binance.vision/data/spot/daily/klines/BTCUSDT/1m/BTCUSDT-1m-2026-03-03.zip,OK,3678a76785b042ac609f806c870f21877baf8121320bd799d6363842f788e447,3678a76785b042ac609f806c870f21877baf8121320bd799d6363842f788e447
spot_1m,2026-03-04,1440.0,OK,https://data.binance.vision/data/spot/daily/klines/BTCUSDT/1m/BTCUSDT-1m-2026-03-04.zip,OK,175317a06a650710298f27adbf1fd1fcc871df799f81c9c4f5e41f2a131e2844,175317a06a650710298f27adbf1fd1fcc871df799f81c9c4f5e41f2a131e2844
spot_1m,2026-03-05,1440.0,OK,https://data.binance.vision/data/spot/daily/klines/BTCUSDT/1m/BTCUSDT-1m-2026-03-05.zip,OK,a2170e21835b363bdf6a81dbc97dd79f221098db82b37a4c39ff5696d3a30784,a2170e21835b363bdf6a81dbc97dd79f221098db82b37a4c39ff5696d3a30784
spot_1m,2026-03-06,1440.0,OK,https://data.binance.vision/data/spot/daily/klines/BTCUSDT/1m/BTCUSDT-1m-2026-03-06.zip,OK,242948649017cddf7dc37c06f95791390bf8b6a38871dda7485458a016c08d80,242948649017cddf7dc37c06f95791390bf8b6a38871dda7485458a016c08d80
spot_1m,2026-03-07,1440.0,OK,https://data.binance.vision/data/spot/daily/klines/BTCUSDT/1m/BTCUSDT-1m-2026-03-07.zip,OK,c78747644c7997d3e0dc800acfcae15046afd471087bd1e1b6bc66eae8f52fe5,c78747644c7997d3e0dc800acfcae15046afd471087bd1e1b6bc66eae8f52fe5
spot_1m,2026-03-08,1440.0,OK,https://data.binance.vision/data/spot/daily/klines/BTCUSDT/1m/BTCUSDT-1m-2026-03-08.zip,OK,372bda1261e3b1eff6bdc0a3f95761ed99767987739025b0c6848894dd7c8fb8,372bda1261e3b1eff6bdc0a3f95761ed99767987739025b0c6848894dd7c8fb8
spot_1m,2026-03-09,1440.0,OK,https://data.binance.vision/data/spot/daily/klines/BTCUSDT/1m/BTCUSDT-1m-2026-03-09.zip,OK,21779f9da5f020bfdd0100c6e13ec247db01076b4c3c116079939c7a442a502b,21779f9da5f020bfdd0100c6e13ec247db01076b4c3c116079939c7a442a502b
spot_1m,2026-03-10,1440.0,OK,https://data.binance.vision/data/spot/daily/klines/BTCUSDT/1m/BTCUSDT-1m-2026-03-10.zip,OK,09b9d7273fd2bfef084cd187f3da851ed2a0d1424704a93f7fc2e6ca2277fe7d,09b9d7273fd2bfef084cd187f3da851ed2a0d1424704a93f7fc2e6ca2277fe7d
spot_1m,2026-03-11,1440.0,OK,https://data.binance.vision/data/spot/daily/klines/BTCUSDT/1m/BTCUSDT-1m-2026-03-11.zip,OK,8894930aec6ff431e24d732698894c2cdfa29f6002cc5e53b12682f4c1a30f90,8894930aec6ff431e24d732698894c2cdfa29f6002cc5e53b12682f4c1a30f90
spot_1m,2026-03-12,1440.0,OK,https://data.binance.vision/data/spot/daily/klines/BTCUSDT/1m/BTCUSDT-1m-2026-03-12.zip,OK,ea5e7fd9235b4150ed24a0b1cf89778dca22afffef89b6542f01e24295f8247b,ea5e7fd9235b4150ed24a0b1cf89778dca22afffef89b6542f01e24295f8247b
spot_1m,2026-03-13,1440.0,OK,https://data.binance.vision/data/spot/daily/klines/BTCUSDT/1m/BTCUSDT-1m-2026-03-13.zip,OK,644a18a275a9765c5e6a7d4d027f1782c759d513c3373ab2d05d9181223aaf6c,644a18a275a9765c5e6a7d4d027f1782c759d513c3373ab2d05d9181223aaf6c
spot_1m,2026-03-14,1440.0,OK,https://data.binance.vision/data/spot/daily/klines/BTCUSDT/1m/BTCUSDT-1m-2026-03-14.zip,OK,87cf0e3bc800b64ba6b2efa9d350e9720e9ff381dfe3c4d85223434e51a67ba5,87cf0e3bc800b64ba6b2efa9d350e9720e9ff381dfe3c4d85223434e51a67ba5
spot_1m,2026-03-15,1440.0,OK,https://data.binance.vision/data/spot/daily/klines/BTCUSDT/1m/BTCUSDT-1m-2026-03-15.zip,OK,ce2a04f02de8b8a76f97fab0de059f8a10828089cc540e21724beb9ccbbb537f,ce2a04f02de8b8a76f97fab0de059f8a10828089cc540e21724beb9ccbbb537f
spot_1m,2026-03-16,1440.0,OK,https://data.binance.vision/data/spot/daily/klines/BTCUSDT/1m/BTCUSDT-1m-2026-03-16.zip,OK,f9bda2c1d062352d3f96b22f566c15b994f6aaaecf40c1dfeee7c526a9b0d7ae,f9bda2c1d062352d3f96b22f566c15b994f6aaaecf40c1dfeee7c526a9b0d7ae
spot_1m,2026-03-17,1440.0,OK,https://data.binance.vision/data/spot/daily/klines/BTCUSDT/1m/BTCUSDT-1m-2026-03-17.zip,OK,8dc59830b54b1928f53b1d0b5468e3eaf29ae0037b5025cefc26af872ab4e6b9,8dc59830b54b1928f53b1d0b5468e3eaf29ae0037b5025cefc26af872ab4e6b9
spot_1m,2026-03-18,1440.0,OK,https://data.binance.vision/data/spot/daily/klines/BTCUSDT/1m/BTCUSDT-1m-2026-03-18.zip,OK,42724b3274458e0d6a827b1cd6284e963dc158f420c78e30614b73979d513df9,42724b3274458e0d6a827b1cd6284e963dc158f420c78e30614b73979d513df9
spot_1m,2026-03-19,1440.0,OK,https://data.binance.vision/data/spot/daily/klines/BTCUSDT/1m/BTCUSDT-1m-2026-03-19.zip,OK,93463cb810ebe1614007017a1b502989d9a1fa9500623b90e4656a1e5050efa4,93463cb810ebe1614007017a1b502989d9a1fa9500623b90e4656a1e5050efa4
spot_1m,2026-03-20,1440.0,OK,https://data.binance.vision/data/spot/daily/klines/BTCUSDT/1m/BTCUSDT-1m-2026-03-20.zip,OK,8938a4a62e263fc15751c8b3c9e65b635f9a8c57d6f0e8ffbc43a6ab95170524,8938a4a62e263fc15751c8b3c9e65b635f9a8c57d6f0e8ffbc43a6ab95170524
spot_1m,2026-03-21,1440.0,OK,https://data.binance.vision/data/spot/daily/klines/BTCUSDT/1m/BTCUSDT-1m-2026-03-21.zip,OK,04548e3a1b35d33362cbae0f9f246a5e07201f898cfc5a22ca4751295fe7a4fb,04548e3a1b35d33362cbae0f9f246a5e07201f898cfc5a22ca4751295fe7a4fb
spot_1m,2026-03-22,1440.0,OK,https://data.binance.vision/data/spot/daily/klines/BTCUSDT/1m/BTCUSDT-1m-2026-03-22.zip,OK,0550142a68033c70046d003e14bf9885b732743975951fa80d86ce52a9e41890,0550142a68033c70046d003e14bf9885b732743975951fa80d86ce52a9e41890
spot_1m,2026-03-23,1440.0,OK,https://data.binance.vision/data/spot/daily/klines/BTCUSDT/1m/BTCUSDT-1m-2026-03-23.zip,OK,ada59d23e8f6ef52d30a5561ba9114507b9084cb7933fb8ebe0999fcea5d439d,ada59d23e8f6ef52d30a5561ba9114507b9084cb7933fb8ebe0999fcea5d439d
spot_1m,2026-03-24,1440.0,OK,https://data.binance.vision/data/spot/daily/klines/BTCUSDT/1m/BTCUSDT-1m-2026-03-24.zip,OK,fab56fb91b42c952e2d6db0281ab649cdd4018817611eefe6b34d91c2bf55735,fab56fb91b42c952e2d6db0281ab649cdd4018817611eefe6b34d91c2bf55735
spot_1m,2026-03-25,1440.0,OK,https://data.binance.vision/data/spot/daily/klines/BTCUSDT/1m/BTCUSDT-1m-2026-03-25.zip,OK,31f01720bfd55864f15192d94f2db102002f733945374ffcda07f265c6e795cf,31f01720bfd55864f15192d94f2db102002f733945374ffcda07f265c6e795cf
spot_1m,2026-03-26,1440.0,OK,https://data.binance.vision/data/spot/daily/klines/BTCUSDT/1m/BTCUSDT-1m-2026-03-26.zip,OK,309475556f997d6ccd3632a91e675e5aa9d127185a01b8f020f93310dac8732a,309475556f997d6ccd3632a91e675e5aa9d127185a01b8f020f93310dac8732a
spot_1m,2026-03-27,1440.0,OK,https://data.binance.vision/data/spot/daily/klines/BTCUSDT/1m/BTCUSDT-1m-2026-03-27.zip,OK,4a10281f860816794e1b3ba03bfa207cc23e3251562b10ccb05bf9ebc6558464,4a10281f860816794e1b3ba03bfa207cc23e3251562b10ccb05bf9ebc6558464
spot_1m,2026-03-28,1440.0,OK,https://data.binance.vision/data/spot/daily/klines/BTCUSDT/1m/BTCUSDT-1m-2026-03-28.zip,OK,48ac3cc473c8cc93deec02bfd2428a7ace32313ff97b4bda48c51afcc534b513,48ac3cc473c8cc93deec02bfd2428a7ace32313ff97b4bda48c51afcc534b513
spot_1m,2026-03-29,1440.0,OK,https://data.binance.vision/data/spot/daily/klines/BTCUSDT/1m/BTCUSDT-1m-2026-03-29.zip,OK,9163128c17e7d203aea5a327920930563462490784e826100b58c1dc63d0a68b,9163128c17e7d203aea5a327920930563462490784e826100b58c1dc63d0a68b
spot_1m,2026-03-30,1440.0,OK,https://data.binance.vision/data/spot/daily/klines/BTCUSDT/1m/BTCUSDT-1m-2026-03-30.zip,OK,eab695585af78463997cebbb51728455bc93291583184ce31f4401297dd6f0e2,eab695585af78463997cebbb51728455bc93291583184ce31f4401297dd6f0e2
spot_1m,2026-03-31,1440.0,OK,https://data.binance.vision/data/spot/daily/klines/BTCUSDT/1m/BTCUSDT-1m-2026-03-31.zip,OK,f5ecf24f5a934e3a8001d30f5309aa949f33350760f5ff1327a350d367e4d646,f5ecf24f5a934e3a8001d30f5309aa949f33350760f5ff1327a350d367e4d646
spot_1m,2026-04-01,1440.0,OK,https://data.binance.vision/data/spot/daily/klines/BTCUSDT/1m/BTCUSDT-1m-2026-04-01.zip,OK,e1413ca24a9feab945ec9af0f584f6fce275e907b568c33100e487f9afd87627,e1413ca24a9feab945ec9af0f584f6fce275e907b568c33100e487f9afd87627
spot_1m,2026-04-02,1440.0,OK,https://data.binance.vision/data/spot/daily/klines/BTCUSDT/1m/BTCUSDT-1m-2026-04-02.zip,OK,5a01199c81a3b0ba68870b507597092ee1ce456e21ad41aef934a85ccb6c6662,5a01199c81a3b0ba68870b507597092ee1ce456e21ad41aef934a85ccb6c6662
spot_1m,2026-04-03,1440.0,OK,https://data.binance.vision/data/spot/daily/klines/BTCUSDT/1m/BTCUSDT-1m-2026-04-03.zip,OK,39fafb1280ddc00da05d2ac49335afc25cf10a62470adfbcff59c6983fabe351,39fafb1280ddc00da05d2ac49335afc25cf10a62470adfbcff59c6983fabe351
spot_1m,2026-04-04,1440.0,OK,https://data.binance.vision/data/spot/daily/klines/BTCUSDT/1m/BTCUSDT-1m-2026-04-04.zip,OK,192532ebdf762ce9779255f532056e6467c7697b55b40fc5708c6b486b7ec153,192532ebdf762ce9779255f532056e6467c7697b55b40fc5708c6b486b7ec153
spot_1m,2026-04-05,1440.0,OK,https://data.binance.vision/data/spot/daily/klines/BTCUSDT/1m/BTCUSDT-1m-2026-04-05.zip,OK,8b751d34b9c3910ee937b75caeaa34df0bc23a11266681a3b39aca39ed6bbf0a,8b751d34b9c3910ee937b75caeaa34df0bc23a11266681a3b39aca39ed6bbf0a
spot_1m,2026-04-06,1440.0,OK,https://data.binance.vision/data/spot/daily/klines/BTCUSDT/1m/BTCUSDT-1m-2026-04-06.zip,OK,0a26bef40509078ca5eb9826f8712ca61b176440fbc5859f3ee78583e238f26a,0a26bef40509078ca5eb9826f8712ca61b176440fbc5859f3ee78583e238f26a
spot_1m,2026-04-07,1440.0,OK,https://data.binance.vision/data/spot/daily/klines/BTCUSDT/1m/BTCUSDT-1m-2026-04-07.zip,OK,69617cb5e69862bc272c56cf400134a75ea9907f2bf509a96251763c6c00f17f,69617cb5e69862bc272c56cf400134a75ea9907f2bf509a96251763c6c00f17f
spot_1m,2026-04-08,1440.0,OK,https://data.binance.vision/data/spot/daily/klines/BTCUSDT/1m/BTCUSDT-1m-2026-04-08.zip,OK,637a95de7b5b69a886db1c4361e94c36c47e32115231c42d96271e3428bd5229,637a95de7b5b69a886db1c4361e94c36c47e32115231c42d96271e3428bd5229
spot_1m,2026-04-09,1440.0,OK,https://data.binance.vision/data/spot/daily/klines/BTCUSDT/1m/BTCUSDT-1m-2026-04-09.zip,OK,2397de4cab5f9303988c8804ff95b4f7f3f09df3f1416b4c6eab38d2715fa468,2397de4cab5f9303988c8804ff95b4f7f3f09df3f1416b4c6eab38d2715fa468
spot_1m,2026-04-10,1440.0,OK,https://data.binance.vision/data/spot/daily/klines/BTCUSDT/1m/BTCUSDT-1m-2026-04-10.zip,OK,aa40063da21ab6247db9d5a5f4b57b2b0002a78e2c28f6f6ea6e28b45465eaea,aa40063da21ab6247db9d5a5f4b57b2b0002a78e2c28f6f6ea6e28b45465eaea
spot_1m,2026-04-11,1440.0,OK,https://data.binance.vision/data/spot/daily/klines/BTCUSDT/1m/BTCUSDT-1m-2026-04-11.zip,OK,9c6daaa9e45a5056c4b86978bf88f74a8dd2a8ae7e42bb9a7e022d0cd70647ea,9c6daaa9e45a5056c4b86978bf88f74a8dd2a8ae7e42bb9a7e022d0cd70647ea
spot_1m,2026-04-12,1440.0,OK,https://data.binance.vision/data/spot/daily/klines/BTCUSDT/1m/BTCUSDT-1m-2026-04-12.zip,OK,4ca8a1a1e13536711c07ed5915c65f301172c40f286a12245298918721cd8e99,4ca8a1a1e13536711c07ed5915c65f301172c40f286a12245298918721cd8e99
spot_1m,2026-04-13,1440.0,OK,https://data.binance.vision/data/spot/daily/klines/BTCUSDT/1m/BTCUSDT-1m-2026-04-13.zip,OK,630b1e34166f0ba360e991585f97ab4e1feb6e34b65c0940ca85e2d4048a3323,630b1e34166f0ba360e991585f97ab4e1feb6e34b65c0940ca85e2d4048a3323
spot_1m,2026-04-14,1440.0,OK,https://data.binance.vision/data/spot/daily/klines/BTCUSDT/1m/BTCUSDT-1m-2026-04-14.zip,OK,f172050f597513d174b8948cf49841b6f716590406250011900be0bc8d04a6ff,f172050f597513d174b8948cf49841b6f716590406250011900be0bc8d04a6ff
spot_1m,2026-04-15,1440.0,OK,https://data.binance.vision/data/spot/daily/klines/BTCUSDT/1m/BTCUSDT-1m-2026-04-15.zip,OK,9a3e3610bcb46ed7236124af510e95cf3fe563fd08116e6358fa54cbacfb6da9,9a3e3610bcb46ed7236124af510e95cf3fe563fd08116e6358fa54cbacfb6da9
spot_1m,2026-04-16,1440.0,OK,https://data.binance.vision/data/spot/daily/klines/BTCUSDT/1m/BTCUSDT-1m-2026-04-16.zip,OK,ebe610d0e4abdc5c4d9d1f799a19a9b88a7f537021cf412cd572c772c6f91bea,ebe610d0e4abdc5c4d9d1f799a19a9b88a7f537021cf412cd572c772c6f91bea
spot_1m,2026-04-17,1440.0,OK,https://data.binance.vision/data/spot/daily/klines/BTCUSDT/1m/BTCUSDT-1m-2026-04-17.zip,OK,e631f98bf6fe02234a8a2153cebd24bf007a1f1ab813706bcb9c359a4fbcce3a,e631f98bf6fe02234a8a2153cebd24bf007a1f1ab813706bcb9c359a4fbcce3a
spot_1m,2026-04-18,1440.0,OK,https://data.binance.vision/data/spot/daily/klines/BTCUSDT/1m/BTCUSDT-1m-2026-04-18.zip,OK,3a414957bfc5d9335f9612baff136d09eb4aa0db6fb336509af57a6dcee1844c,3a414957bfc5d9335f9612baff136d09eb4aa0db6fb336509af57a6dcee1844c
spot_1m,2026-04-19,1440.0,OK,https://data.binance.vision/data/spot/daily/klines/BTCUSDT/1m/BTCUSDT-1m-2026-04-19.zip,OK,c2e5d4e40ca595cb9076b2fb442aaacb04a11de81b92fbe2f5791f81fc590b5d,c2e5d4e40ca595cb9076b2fb442aaacb04a11de81b92fbe2f5791f81fc590b5d
spot_1m,2026-04-20,1440.0,OK,https://data.binance.vision/data/spot/daily/klines/BTCUSDT/1m/BTCUSDT-1m-2026-04-20.zip,OK,fe29104f2b09b3250e2dd5b8a9ad97945172de54c124df2e7c1f1eac7274106e,fe29104f2b09b3250e2dd5b8a9ad97945172de54c124df2e7c1f1eac7274106e
spot_1m,2026-04-21,1440.0,OK,https://data.binance.vision/data/spot/daily/klines/BTCUSDT/1m/BTCUSDT-1m-2026-04-21.zip,OK,b6f4aef9f7758ef8dc09afad25db8e9362bc0bdefebea1458adb687f481d0a90,b6f4aef9f7758ef8dc09afad25db8e9362bc0bdefebea1458adb687f481d0a90
spot_1m,2026-04-22,1440.0,OK,https://data.binance.vision/data/spot/daily/klines/BTCUSDT/1m/BTCUSDT-1m-2026-04-22.zip,OK,438ecab30ef48b3e79f5f0b16ade0fbf15404f0d67095d8775f579f193bf1c93,438ecab30ef48b3e79f5f0b16ade0fbf15404f0d67095d8775f579f193bf1c93
spot_1m,2026-04-23,1440.0,OK,https://data.binance.vision/data/spot/daily/klines/BTCUSDT/1m/BTCUSDT-1m-2026-04-23.zip,OK,10e4a634b6e30611fecfffffed540db790a3b8168cfd30f411f9a04c7e900378,10e4a634b6e30611fecfffffed540db790a3b8168cfd30f411f9a04c7e900378
spot_1m,2026-04-24,1440.0,OK,https://data.binance.vision/data/spot/daily/klines/BTCUSDT/1m/BTCUSDT-1m-2026-04-24.zip,OK,c0016e20a7b35278f95a2353e8a8e4f15019ca02042ff76355269d5c5563d01a,c0016e20a7b35278f95a2353e8a8e4f15019ca02042ff76355269d5c5563d01a
spot_1m,2026-04-25,1440.0,OK,https://data.binance.vision/data/spot/daily/klines/BTCUSDT/1m/BTCUSDT-1m-2026-04-25.zip,OK,836ff7f525185825bd09214c9396d1a174e3311a8ac466af45a07db14c49f49e,836ff7f525185825bd09214c9396d1a174e3311a8ac466af45a07db14c49f49e
spot_1m,2026-04-26,1440.0,OK,https://data.binance.vision/data/spot/daily/klines/BTCUSDT/1m/BTCUSDT-1m-2026-04-26.zip,OK,142180ac7380231dd5b26e9ce35f6f973c412fd1eb44cea57841dfd07de09c7e,142180ac7380231dd5b26e9ce35f6f973c412fd1eb44cea57841dfd07de09c7e
spot_1m,2026-04-27,1440.0,OK,https://data.binance.vision/data/spot/daily/klines/BTCUSDT/1m/BTCUSDT-1m-2026-04-27.zip,OK,9c9196823fb7a3f282a7d155d265654adb1b5700999b7f133171b6966ab8e46e,9c9196823fb7a3f282a7d155d265654adb1b5700999b7f133171b6966ab8e46e
spot_1m,2026-04-28,1440.0,OK,https://data.binance.vision/data/spot/daily/klines/BTCUSDT/1m/BTCUSDT-1m-2026-04-28.zip,OK,49d7b762732b7fdf83cb9ee86feba68fe4968e072e622bf71a3c53c9005cba67,49d7b762732b7fdf83cb9ee86feba68fe4968e072e622bf71a3c53c9005cba67
spot_1m,2026-04-29,1440.0,OK,https://data.binance.vision/data/spot/daily/klines/BTCUSDT/1m/BTCUSDT-1m-2026-04-29.zip,OK,9cc44d4c0c041b20f5434c0bc5b136367dce979d9df6474895fea4f435b7b04b,9cc44d4c0c041b20f5434c0bc5b136367dce979d9df6474895fea4f435b7b04b
spot_1m,2026-04-30,1440.0,OK,https://data.binance.vision/data/spot/daily/klines/BTCUSDT/1m/BTCUSDT-1m-2026-04-30.zip,OK,caa6bf297b9d4d92ed9789553be3cf74bfcc89b7c9e888af9f45c0eba19406bb,caa6bf297b9d4d92ed9789553be3cf74bfcc89b7c9e888af9f45c0eba19406bb
spot_1m,2026-05-01,1440.0,OK,https://data.binance.vision/data/spot/daily/klines/BTCUSDT/1m/BTCUSDT-1m-2026-05-01.zip,OK,792fd35942e8610cc3514df9dc36358ff5acaf068d8dc00c6e5446f018b8e504,792fd35942e8610cc3514df9dc36358ff5acaf068d8dc00c6e5446f018b8e504
spot_1m,2026-05-02,1440.0,OK,https://data.binance.vision/data/spot/daily/klines/BTCUSDT/1m/BTCUSDT-1m-2026-05-02.zip,OK,dd55597f1dfe79296b5cde4ba649610d2885f0f511fc59f056f03d832ba4a06e,dd55597f1dfe79296b5cde4ba649610d2885f0f511fc59f056f03d832ba4a06e
spot_1m,2026-05-03,1440.0,OK,https://data.binance.vision/data/spot/daily/klines/BTCUSDT/1m/BTCUSDT-1m-2026-05-03.zip,OK,51d5b6eba65469e8bc2ef3e943ec75ec9861e9f0a4dc7b8c5f890ed65156fc9c,51d5b6eba65469e8bc2ef3e943ec75ec9861e9f0a4dc7b8c5f890ed65156fc9c
spot_1m,2026-05-04,1440.0,OK,https://data.binance.vision/data/spot/daily/klines/BTCUSDT/1m/BTCUSDT-1m-2026-05-04.zip,OK,5cec43d81ad8d637cd300fbe473eeb3f9cf23b60d0d341cae84a4cf663a6099f,5cec43d81ad8d637cd300fbe473eeb3f9cf23b60d0d341cae84a4cf663a6099f
spot_1m,2026-05-05,1440.0,OK,https://data.binance.vision/data/spot/daily/klines/BTCUSDT/1m/BTCUSDT-1m-2026-05-05.zip,OK,b48cbb7de97a20fc73a9c4993aca0e7963d6a8aeba72fd2fe0628b146100abdb,b48cbb7de97a20fc73a9c4993aca0e7963d6a8aeba72fd2fe0628b146100abdb
spot_1m,2026-05-06,1440.0,OK,https://data.binance.vision/data/spot/daily/klines/BTCUSDT/1m/BTCUSDT-1m-2026-05-06.zip,OK,449a667056c6f4de17b0bc36558999475aed068061b7e000819e772531738012,449a667056c6f4de17b0bc36558999475aed068061b7e000819e772531738012
spot_1m,2026-05-07,1440.0,OK,https://data.binance.vision/data/spot/daily/klines/BTCUSDT/1m/BTCUSDT-1m-2026-05-07.zip,OK,19adf1cdfd22aec2e108238cbab2aefa1c3ded4940b22e971f424c4d3ff2c6ef,19adf1cdfd22aec2e108238cbab2aefa1c3ded4940b22e971f424c4d3ff2c6ef
spot_1m,2026-05-08,1440.0,OK,https://data.binance.vision/data/spot/daily/klines/BTCUSDT/1m/BTCUSDT-1m-2026-05-08.zip,OK,61053585c2d72c076bf711f67981bb7b55e35dde36bb6f73ccbe3d049572012c,61053585c2d72c076bf711f67981bb7b55e35dde36bb6f73ccbe3d049572012c
spot_1m,2026-05-09,1440.0,OK,https://data.binance.vision/data/spot/daily/klines/BTCUSDT/1m/BTCUSDT-1m-2026-05-09.zip,OK,2985e711b775a7aa6a064d0d5597e72af5506673fdb9790a42414c13179f565e,2985e711b775a7aa6a064d0d5597e72af5506673fdb9790a42414c13179f565e
spot_1m,2026-05-10,1440.0,OK,https://data.binance.vision/data/spot/daily/klines/BTCUSDT/1m/BTCUSDT-1m-2026-05-10.zip,OK,d40acf64e83af54913d4bed374bf49b0c8dc0e5095c33dccf870095effaeda6c,d40acf64e83af54913d4bed374bf49b0c8dc0e5095c33dccf870095effaeda6c
spot_1m,2026-05-11,1440.0,OK,https://data.binance.vision/data/spot/daily/klines/BTCUSDT/1m/BTCUSDT-1m-2026-05-11.zip,OK,3b64a3dd58bc2f751ba7f58d3c570bc0e2bf35c74d3687962228c7091242dee0,3b64a3dd58bc2f751ba7f58d3c570bc0e2bf35c74d3687962228c7091242dee0
spot_1m,2026-05-12,1440.0,OK,https://data.binance.vision/data/spot/daily/klines/BTCUSDT/1m/BTCUSDT-1m-2026-05-12.zip,OK,3ce484e257ef98db414eb05d61e6d0837cb96ac383a9e58e00a966a2ce3537f4,3ce484e257ef98db414eb05d61e6d0837cb96ac383a9e58e00a966a2ce3537f4
spot_1m,2026-05-13,1440.0,OK,https://data.binance.vision/data/spot/daily/klines/BTCUSDT/1m/BTCUSDT-1m-2026-05-13.zip,OK,d93010a62d56daf515eada3453296ac71f793f00bd4c8f42f4d51ab4a338b8e2,d93010a62d56daf515eada3453296ac71f793f00bd4c8f42f4d51ab4a338b8e2
spot_1m,2026-05-14,1440.0,OK,https://data.binance.vision/data/spot/daily/klines/BTCUSDT/1m/BTCUSDT-1m-2026-05-14.zip,OK,8ae498109ee255aa822dcad0142a782dffb0578583d9f6823843862719b32c1e,8ae498109ee255aa822dcad0142a782dffb0578583d9f6823843862719b32c1e
spot_1m,2026-05-15,1440.0,OK,https://data.binance.vision/data/spot/daily/klines/BTCUSDT/1m/BTCUSDT-1m-2026-05-15.zip,OK,585e33bab8932543a8d37248c2061d98b2ef098394f7b1381cfa0e463b988274,585e33bab8932543a8d37248c2061d98b2ef098394f7b1381cfa0e463b988274
spot_1m,2026-05-16,1440.0,OK,https://data.binance.vision/data/spot/daily/klines/BTCUSDT/1m/BTCUSDT-1m-2026-05-16.zip,OK,b7774d2d14c824401dc32e7ab56c3a212f7bd41b1c4d76b5d7be7b940e228eda,b7774d2d14c824401dc32e7ab56c3a212f7bd41b1c4d76b5d7be7b940e228eda
spot_1m,2026-05-17,1440.0,OK,https://data.binance.vision/data/spot/daily/klines/BTCUSDT/1m/BTCUSDT-1m-2026-05-17.zip,OK,103b233735ab385c6f3742c099a23fdec7a43356e18c00ee77a5e6df897e6f39,103b233735ab385c6f3742c099a23fdec7a43356e18c00ee77a5e6df897e6f39
spot_1m,2026-05-18,1440.0,OK,https://data.binance.vision/data/spot/daily/klines/BTCUSDT/1m/BTCUSDT-1m-2026-05-18.zip,OK,2c92ba99fcdcda428dfc43a3f8c68a2574e54f660e23aced0e80b60a27206ab0,2c92ba99fcdcda428dfc43a3f8c68a2574e54f660e23aced0e80b60a27206ab0
spot_1m,2026-05-19,1440.0,OK,https://data.binance.vision/data/spot/daily/klines/BTCUSDT/1m/BTCUSDT-1m-2026-05-19.zip,OK,7f231c1921f6a9bb9fa8380baa2fd01df7d8714f313cb123eb58c57600d101f3,7f231c1921f6a9bb9fa8380baa2fd01df7d8714f313cb123eb58c57600d101f3
spot_1m,2026-05-20,1440.0,OK,https://data.binance.vision/data/spot/daily/klines/BTCUSDT/1m/BTCUSDT-1m-2026-05-20.zip,OK,45f29b8dccd2ba6be4a4bf2f12f975a0086b4f3e73d754df83f92b586f8cf622,45f29b8dccd2ba6be4a4bf2f12f975a0086b4f3e73d754df83f92b586f8cf622
spot_1m,2026-05-21,1440.0,OK,https://data.binance.vision/data/spot/daily/klines/BTCUSDT/1m/BTCUSDT-1m-2026-05-21.zip,OK,34d8f5f7be7933c739766a525f65183e85de7bfba65fb67c8063155a61c4403a,34d8f5f7be7933c739766a525f65183e85de7bfba65fb67c8063155a61c4403a
spot_1m,2026-05-22,1440.0,OK,https://data.binance.vision/data/spot/daily/klines/BTCUSDT/1m/BTCUSDT-1m-2026-05-22.zip,OK,2fd03ff17cfd1eef5c10ef85e05acb3321b8c0aa0d07fee4ef50111b091971dc,2fd03ff17cfd1eef5c10ef85e05acb3321b8c0aa0d07fee4ef50111b091971dc
spot_1m,2026-05-23,1440.0,OK,https://data.binance.vision/data/spot/daily/klines/BTCUSDT/1m/BTCUSDT-1m-2026-05-23.zip,OK,a2d70404103c6787bfdca0302a64927e4f7d0b336cffcc94c9aadc8cc0a86a71,a2d70404103c6787bfdca0302a64927e4f7d0b336cffcc94c9aadc8cc0a86a71
spot_1m,2026-05-24,1440.0,OK,https://data.binance.vision/data/spot/daily/klines/BTCUSDT/1m/BTCUSDT-1m-2026-05-24.zip,OK,972c669d966ef5a7af99c055e6892c6fa9a116100d674c9cad5af6828a0f5556,972c669d966ef5a7af99c055e6892c6fa9a116100d674c9cad5af6828a0f5556
spot_1m,2026-05-25,1440.0,OK,https://data.binance.vision/data/spot/daily/klines/BTCUSDT/1m/BTCUSDT-1m-2026-05-25.zip,OK,58a1168e7a2bc07c7e180cbf4721d620fd5a57ef73f4df1a16e7714d4dbc9dd5,58a1168e7a2bc07c7e180cbf4721d620fd5a57ef73f4df1a16e7714d4dbc9dd5
spot_1m,2026-05-26,1440.0,OK,https://data.binance.vision/data/spot/daily/klines/BTCUSDT/1m/BTCUSDT-1m-2026-05-26.zip,OK,4fe417d85b6ceda46e24a275b590df215023f9ed064d18a3c6cd6ecc39c0deca,4fe417d85b6ceda46e24a275b590df215023f9ed064d18a3c6cd6ecc39c0deca
spot_1m,2026-05-27,1440.0,OK,https://data.binance.vision/data/spot/daily/klines/BTCUSDT/1m/BTCUSDT-1m-2026-05-27.zip,OK,3d8f7b358ba23be45653ef38f98bee604221583a4884bac9653b408536c27bb8,3d8f7b358ba23be45653ef38f98bee604221583a4884bac9653b408536c27bb8
spot_1m,2026-05-28,1440.0,OK,https://data.binance.vision/data/spot/daily/klines/BTCUSDT/1m/BTCUSDT-1m-2026-05-28.zip,OK,446ed1ad9b108616aa0cf2ba249abe5198c6a32f68f0f2058f2a531701b00ef5,446ed1ad9b108616aa0cf2ba249abe5198c6a32f68f0f2058f2a531701b00ef5
spot_1m,2026-05-29,1440.0,OK,https://data.binance.vision/data/spot/daily/klines/BTCUSDT/1m/BTCUSDT-1m-2026-05-29.zip,OK,fd28e86e2cb403c5a1145bea35c8c8987fee4e8254216e044de9159a10b0db0b,fd28e86e2cb403c5a1145bea35c8c8987fee4e8254216e044de9159a10b0db0b
spot_1m,2026-05-30,1440.0,OK,https://data.binance.vision/data/spot/daily/klines/BTCUSDT/1m/BTCUSDT-1m-2026-05-30.zip,OK,bbf9ce5dc76f89f6cd5ad892e985b7bed106d5f644f5f168b792b37788ad4b11,bbf9ce5dc76f89f6cd5ad892e985b7bed106d5f644f5f168b792b37788ad4b11
spot_1m,2026-05-31,1440.0,OK,https://data.binance.vision/data/spot/daily/klines/BTCUSDT/1m/BTCUSDT-1m-2026-05-31.zip,OK,5982503f2febd923ffa5bbb0df1938f8d2d8b8821479be8a1129bda35f277068,5982503f2febd923ffa5bbb0df1938f8d2d8b8821479be8a1129bda35f277068
spot_1m,2026-06-01,1440.0,OK,https://data.binance.vision/data/spot/daily/klines/BTCUSDT/1m/BTCUSDT-1m-2026-06-01.zip,OK,eb89e1890b446985aae228f332938e66f714cae0e34ae69bc67f92684214669c,eb89e1890b446985aae228f332938e66f714cae0e34ae69bc67f92684214669c
spot_1m,2026-06-02,1440.0,OK,https://data.binance.vision/data/spot/daily/klines/BTCUSDT/1m/BTCUSDT-1m-2026-06-02.zip,OK,22c1f279504c6191d8cdf576ade7f86495b21b1793fa58381d7231a28f9fdb12,22c1f279504c6191d8cdf576ade7f86495b21b1793fa58381d7231a28f9fdb12
spot_1m,2026-06-03,1440.0,OK,https://data.binance.vision/data/spot/daily/klines/BTCUSDT/1m/BTCUSDT-1m-2026-06-03.zip,OK,156e369ba5ff4dc7d217a6888a252f389e8c0d3624c2b8fb75636489ec219ae5,156e369ba5ff4dc7d217a6888a252f389e8c0d3624c2b8fb75636489ec219ae5
spot_1m,2026-06-04,1440.0,OK,https://data.binance.vision/data/spot/daily/klines/BTCUSDT/1m/BTCUSDT-1m-2026-06-04.zip,OK,88748a5506a4178e196ea5a5d0a74a8808357d20bf07c27e986715c1236c80df,88748a5506a4178e196ea5a5d0a74a8808357d20bf07c27e986715c1236c80df
spot_1m,2026-06-05,1440.0,OK,https://data.binance.vision/data/spot/daily/klines/BTCUSDT/1m/BTCUSDT-1m-2026-06-05.zip,OK,e10ccb777e8c511431a1787fb054dc1e2ccb032475509055a5b7ddba793518b8,e10ccb777e8c511431a1787fb054dc1e2ccb032475509055a5b7ddba793518b8
spot_1m,2026-06-06,1440.0,OK,https://data.binance.vision/data/spot/daily/klines/BTCUSDT/1m/BTCUSDT-1m-2026-06-06.zip,OK,ea99ebbad6cc702a31724d1c535f7566ad48de4348f497717ddf166a92a67781,ea99ebbad6cc702a31724d1c535f7566ad48de4348f497717ddf166a92a67781
spot_1m,2026-06-07,1440.0,OK,https://data.binance.vision/data/spot/daily/klines/BTCUSDT/1m/BTCUSDT-1m-2026-06-07.zip,OK,fd7e039abe6b950addb72e6624ed30efa07f4d10b2f47b1fe79f88d2c32df299,fd7e039abe6b950addb72e6624ed30efa07f4d10b2f47b1fe79f88d2c32df299
spot_1m,2026-06-08,1440.0,OK,https://data.binance.vision/data/spot/daily/klines/BTCUSDT/1m/BTCUSDT-1m-2026-06-08.zip,OK,a834adbf71d0d1e30b00636ff14f8fba6337dc2e5eb21d63d307e8151148fd11,a834adbf71d0d1e30b00636ff14f8fba6337dc2e5eb21d63d307e8151148fd11
spot_1m,2026-06-09,1440.0,OK,https://data.binance.vision/data/spot/daily/klines/BTCUSDT/1m/BTCUSDT-1m-2026-06-09.zip,OK,23cf9f291f2897b90c0fdcf5fe23358dda509707d15e392050d55aadd47a8d89,23cf9f291f2897b90c0fdcf5fe23358dda509707d15e392050d55aadd47a8d89
spot_1m,2026-06-10,1440.0,OK,https://data.binance.vision/data/spot/daily/klines/BTCUSDT/1m/BTCUSDT-1m-2026-06-10.zip,OK,a0526f8171cfbfb21296278a9b989368defaa1f4e7dd02445ffbc89a57f0b0b5,a0526f8171cfbfb21296278a9b989368defaa1f4e7dd02445ffbc89a57f0b0b5
spot_1m,2026-06-11,1440.0,OK,https://data.binance.vision/data/spot/daily/klines/BTCUSDT/1m/BTCUSDT-1m-2026-06-11.zip,OK,1d162bd807115e24b26a7fc75edc00bbec1ef0c736f3347e971acc8a5166b00a,1d162bd807115e24b26a7fc75edc00bbec1ef0c736f3347e971acc8a5166b00a
spot_1m,2026-06-12,1440.0,OK,https://data.binance.vision/data/spot/daily/klines/BTCUSDT/1m/BTCUSDT-1m-2026-06-12.zip,OK,5c8af4cf715a51a48540626d71d06af3e2c5a4d11f310745945d6af04daeb58b,5c8af4cf715a51a48540626d71d06af3e2c5a4d11f310745945d6af04daeb58b
spot_1m,2026-06-13,1440.0,OK,https://data.binance.vision/data/spot/daily/klines/BTCUSDT/1m/BTCUSDT-1m-2026-06-13.zip,OK,672ef0076085a983d62c106d2e259fbe87d067716449b35d2c21684506ff7b11,672ef0076085a983d62c106d2e259fbe87d067716449b35d2c21684506ff7b11
spot_1m,2026-06-14,1440.0,OK,https://data.binance.vision/data/spot/daily/klines/BTCUSDT/1m/BTCUSDT-1m-2026-06-14.zip,OK,474558c4a1c2bdc0b8d31bd17cd4d346b559130710db96d4eaa5f7be85c24b40,474558c4a1c2bdc0b8d31bd17cd4d346b559130710db96d4eaa5f7be85c24b40
spot_1m,2026-06-15,1440.0,OK,https://data.binance.vision/data/spot/daily/klines/BTCUSDT/1m/BTCUSDT-1m-2026-06-15.zip,OK,c65f40d57d0d355a3e87ffcd456496c873663fce58eb00d7727ad13763772527,c65f40d57d0d355a3e87ffcd456496c873663fce58eb00d7727ad13763772527
spot_1m,2026-06-16,1440.0,OK,https://data.binance.vision/data/spot/daily/klines/BTCUSDT/1m/BTCUSDT-1m-2026-06-16.zip,OK,47b024c5eb2d646cf795a63c9ef625116d322ab3c6458126017d3d4bd5601030,47b024c5eb2d646cf795a63c9ef625116d322ab3c6458126017d3d4bd5601030
spot_1m,2026-06-17,1440.0,OK,https://data.binance.vision/data/spot/daily/klines/BTCUSDT/1m/BTCUSDT-1m-2026-06-17.zip,OK,d98d52efb093ceb35c78aae22219f63cf1d7856e83d5852cbfa386cd84ed6d18,d98d52efb093ceb35c78aae22219f63cf1d7856e83d5852cbfa386cd84ed6d18
spot_1m,2026-06-18,1440.0,OK,https://data.binance.vision/data/spot/daily/klines/BTCUSDT/1m/BTCUSDT-1m-2026-06-18.zip,OK,5aeec7e11c4e8ddfb444c9e7bc6c22494b3f9babbed1dc78eac3017fb83604c4,5aeec7e11c4e8ddfb444c9e7bc6c22494b3f9babbed1dc78eac3017fb83604c4
spot_1m,2026-06-19,1440.0,OK,https://data.binance.vision/data/spot/daily/klines/BTCUSDT/1m/BTCUSDT-1m-2026-06-19.zip,OK,7dd12e19f15187130917951580cffcbc07c335f2d7d00cd29682dde2f15cae88,7dd12e19f15187130917951580cffcbc07c335f2d7d00cd29682dde2f15cae88
spot_1m,2026-06-20,1440.0,OK,https://data.binance.vision/data/spot/daily/klines/BTCUSDT/1m/BTCUSDT-1m-2026-06-20.zip,OK,4d6d7188fcbb7b17783bc8e7d469f88d766ae951bd9071c790c666aef13c0402,4d6d7188fcbb7b17783bc8e7d469f88d766ae951bd9071c790c666aef13c0402
spot_1m,2026-06-21,1440.0,OK,https://data.binance.vision/data/spot/daily/klines/BTCUSDT/1m/BTCUSDT-1m-2026-06-21.zip,OK,a13d5870bc5f0c2287a7211eba8c5d443267dd14ebf8d93b5c9507baed1c1199,a13d5870bc5f0c2287a7211eba8c5d443267dd14ebf8d93b5c9507baed1c1199
spot_1m,2026-06-22,1440.0,OK,https://data.binance.vision/data/spot/daily/klines/BTCUSDT/1m/BTCUSDT-1m-2026-06-22.zip,OK,82e77dbe5b6413375b5ab2fb916a85cf0b7e7ff56529739fadf9df226b029763,82e77dbe5b6413375b5ab2fb916a85cf0b7e7ff56529739fadf9df226b029763
spot_1m,2026-06-23,1440.0,OK,https://data.binance.vision/data/spot/daily/klines/BTCUSDT/1m/BTCUSDT-1m-2026-06-23.zip,OK,bef8367f36d5cfea63ab81f82b80b82267e6d9514ea050f44785f9bb145d61d2,bef8367f36d5cfea63ab81f82b80b82267e6d9514ea050f44785f9bb145d61d2
spot_1m,2026-06-24,1440.0,OK,https://data.binance.vision/data/spot/daily/klines/BTCUSDT/1m/BTCUSDT-1m-2026-06-24.zip,OK,c39cdc4cbcd53df0a89ff80b43ee4220c14f976023f964434903442ee26d2677,c39cdc4cbcd53df0a89ff80b43ee4220c14f976023f964434903442ee26d2677
spot_1m,2026-06-25,1440.0,OK,https://data.binance.vision/data/spot/daily/klines/BTCUSDT/1m/BTCUSDT-1m-2026-06-25.zip,OK,8b3b6c0747a489405816e2621bf53d2be6fdec16c44c66013918a787c8f169d3,8b3b6c0747a489405816e2621bf53d2be6fdec16c44c66013918a787c8f169d3
spot_1m,2026-06-26,1440.0,OK,https://data.binance.vision/data/spot/daily/klines/BTCUSDT/1m/BTCUSDT-1m-2026-06-26.zip,OK,4ef4ac27333c9360fb7c9fad00fac1273b94e45e5c3e0c9c40dbba2f6e621ebf,4ef4ac27333c9360fb7c9fad00fac1273b94e45e5c3e0c9c40dbba2f6e621ebf
spot_1m,2026-06-27,1440.0,OK,https://data.binance.vision/data/spot/daily/klines/BTCUSDT/1m/BTCUSDT-1m-2026-06-27.zip,OK,dbf40ff33fac5d1201af6cc5ba165f501d7861e0360fa815c2d66cbc151d2d90,dbf40ff33fac5d1201af6cc5ba165f501d7861e0360fa815c2d66cbc151d2d90
spot_1m,2026-06-28,1440.0,OK,https://data.binance.vision/data/spot/daily/klines/BTCUSDT/1m/BTCUSDT-1m-2026-06-28.zip,OK,1b409c2501e4832a141f93c26254bd5316b1514e7c1486a6085d91e6119e54af,1b409c2501e4832a141f93c26254bd5316b1514e7c1486a6085d91e6119e54af
spot_1m,2026-06-29,1440.0,OK,https://data.binance.vision/data/spot/daily/klines/BTCUSDT/1m/BTCUSDT-1m-2026-06-29.zip,OK,26f99f19caabe0ba0b89ed6642983ccf2694882a503d593c7402ea48f19488f8,26f99f19caabe0ba0b89ed6642983ccf2694882a503d593c7402ea48f19488f8
spot_1m,2026-06-30,1440.0,OK,https://data.binance.vision/data/spot/daily/klines/BTCUSDT/1m/BTCUSDT-1m-2026-06-30.zip,OK,067469b3b972081f7d910a44aa141686f2e976ede15c7ecd26c68301adcc0951,067469b3b972081f7d910a44aa141686f2e976ede15c7ecd26c68301adcc0951
spot_1m,2026-07-01,1440.0,OK,https://data.binance.vision/data/spot/daily/klines/BTCUSDT/1m/BTCUSDT-1m-2026-07-01.zip,OK,0eda691583525b9c986d0bd94645c1b72ba04571e16908529aa548f33c0eb9d7,0eda691583525b9c986d0bd94645c1b72ba04571e16908529aa548f33c0eb9d7
spot_1m,2026-07-02,1440.0,OK,https://data.binance.vision/data/spot/daily/klines/BTCUSDT/1m/BTCUSDT-1m-2026-07-02.zip,OK,9328fc358b1d621ef23b71d5068ad383ee765eb7e68916e516cda44661547f29,9328fc358b1d621ef23b71d5068ad383ee765eb7e68916e516cda44661547f29
spot_1m,2026-07-03,1440.0,OK,https://data.binance.vision/data/spot/daily/klines/BTCUSDT/1m/BTCUSDT-1m-2026-07-03.zip,OK,1abeee206196ce1dd216b0a78b50f4bb27dbb3646dfefb627480a1ca5a6106b4,1abeee206196ce1dd216b0a78b50f4bb27dbb3646dfefb627480a1ca5a6106b4
spot_1m,2026-07-04,1440.0,OK,https://data.binance.vision/data/spot/daily/klines/BTCUSDT/1m/BTCUSDT-1m-2026-07-04.zip,OK,dff1a2868496ee0ccd119f0cb73d1288ad1799754a13d865157587b3d8c363c4,dff1a2868496ee0ccd119f0cb73d1288ad1799754a13d865157587b3d8c363c4
spot_1m,2026-07-05,1440.0,OK,https://data.binance.vision/data/spot/daily/klines/BTCUSDT/1m/BTCUSDT-1m-2026-07-05.zip,OK,a610008ee2330f6a5f481d7432c5f71443c0f96dd5af5ba1fc81d005c2a4f39c,a610008ee2330f6a5f481d7432c5f71443c0f96dd5af5ba1fc81d005c2a4f39c
spot_1m,2026-07-06,1440.0,OK,https://data.binance.vision/data/spot/daily/klines/BTCUSDT/1m/BTCUSDT-1m-2026-07-06.zip,OK,0281570cf7b71b9a7d11d7b4ddbfef4d7fce5fd8a2246680cc03ba3e949b72b7,0281570cf7b71b9a7d11d7b4ddbfef4d7fce5fd8a2246680cc03ba3e949b72b7
spot_1m,2026-07-07,1440.0,OK,https://data.binance.vision/data/spot/daily/klines/BTCUSDT/1m/BTCUSDT-1m-2026-07-07.zip,OK,ff7caaf721ec4ff2f31f85e0b70a222613987b6e48b27caab4f54d408566c737,ff7caaf721ec4ff2f31f85e0b70a222613987b6e48b27caab4f54d408566c737
spot_1m,2026-07-08,1440.0,OK,https://data.binance.vision/data/spot/daily/klines/BTCUSDT/1m/BTCUSDT-1m-2026-07-08.zip,OK,e3757bdd1d9eb43ab6e11d4ea842b83a18be253eca366fff40d7a7183a0715e2,e3757bdd1d9eb43ab6e11d4ea842b83a18be253eca366fff40d7a7183a0715e2
spot_1m,2026-07-09,1440.0,OK,https://data.binance.vision/data/spot/daily/klines/BTCUSDT/1m/BTCUSDT-1m-2026-07-09.zip,OK,9ada2cbad60c947f745dab30681475be73b44ae041d6577c03724abd58798f60,9ada2cbad60c947f745dab30681475be73b44ae041d6577c03724abd58798f60
spot_1m,2026-07-10,1440.0,OK,https://data.binance.vision/data/spot/daily/klines/BTCUSDT/1m/BTCUSDT-1m-2026-07-10.zip,OK,a513f4b275fa2d458594736478139f917aa297b1f297bd89324a17bf64acdda8,a513f4b275fa2d458594736478139f917aa297b1f297bd89324a17bf64acdda8
spot_1m,2026-07-11,1440.0,OK,https://data.binance.vision/data/spot/daily/klines/BTCUSDT/1m/BTCUSDT-1m-2026-07-11.zip,OK,73cc308dd1bc3c7f2db9da6ac96cf15a564018222ccaee902dea48d1726b33fa,73cc308dd1bc3c7f2db9da6ac96cf15a564018222ccaee902dea48d1726b33fa
spot_1m,2026-07-12,1440.0,OK,https://data.binance.vision/data/spot/daily/klines/BTCUSDT/1m/BTCUSDT-1m-2026-07-12.zip,OK,a1a5f7eda180320745822c5a7031cc523066ee56df23e3e7848cab6a29714370,a1a5f7eda180320745822c5a7031cc523066ee56df23e3e7848cab6a29714370
spot_1m,2026-07-13,1440.0,OK,https://data.binance.vision/data/spot/daily/klines/BTCUSDT/1m/BTCUSDT-1m-2026-07-13.zip,OK,d40b69512d241a314225c3587067cb4d00a8d991a3523150b7121081015a9b83,d40b69512d241a314225c3587067cb4d00a8d991a3523150b7121081015a9b83
spot_1m,2026-07-14,1440.0,OK,https://data.binance.vision/data/spot/daily/klines/BTCUSDT/1m/BTCUSDT-1m-2026-07-14.zip,OK,7321357798a055a33697bcd1261844d79d0ce9cd59e921e051d71dcabee1ae3d,7321357798a055a33697bcd1261844d79d0ce9cd59e921e051d71dcabee1ae3d
spot_1m,2026-07-15,1440.0,OK,https://data.binance.vision/data/spot/daily/klines/BTCUSDT/1m/BTCUSDT-1m-2026-07-15.zip,OK,fbf4b4194faae09d8a123be9f263838a797e434daa9214017c27efc3037cc201,fbf4b4194faae09d8a123be9f263838a797e434daa9214017c27efc3037cc201
spot_1m,2026-07-16,1440.0,OK,https://data.binance.vision/data/spot/daily/klines/BTCUSDT/1m/BTCUSDT-1m-2026-07-16.zip,OK,0c72247a29194970b655259ff74426939bf0d358daae07d172093daadc24d987,0c72247a29194970b655259ff74426939bf0d358daae07d172093daadc24d987
spot_1m,2026-07-17,1440.0,OK,https://data.binance.vision/data/spot/daily/klines/BTCUSDT/1m/BTCUSDT-1m-2026-07-17.zip,OK,1bc41976e4bdfb89ca12aa30d85c02f79976feb78d6393b3d94752a4bfd52749,1bc41976e4bdfb89ca12aa30d85c02f79976feb78d6393b3d94752a4bfd52749
spot_1m,2026-07-18,1440.0,OK,https://data.binance.vision/data/spot/daily/klines/BTCUSDT/1m/BTCUSDT-1m-2026-07-18.zip,OK,946b46a9d57bcb4ff98054339ceac3b7c840b16b12de3aa361521dfbc630fe79,946b46a9d57bcb4ff98054339ceac3b7c840b16b12de3aa361521dfbc630fe79
spot_1m,2026-07-19,1440.0,OK,https://data.binance.vision/data/spot/daily/klines/BTCUSDT/1m/BTCUSDT-1m-2026-07-19.zip,OK,479dd9bc6001be8326ebc2871d5022760b4d749c7134e202507599764d098f06,479dd9bc6001be8326ebc2871d5022760b4d749c7134e202507599764d098f06
spot_1m,2026-07-20,1440.0,OK,https://data.binance.vision/data/spot/daily/klines/BTCUSDT/1m/BTCUSDT-1m-2026-07-20.zip,OK,6a6c4e6e0c2264930d5016fbc407b925468fa39e3bd2d1aa2c4de882cfe31c6f,6a6c4e6e0c2264930d5016fbc407b925468fa39e3bd2d1aa2c4de882cfe31c6f
spot_1m,2026-07-21,1440.0,OK,https://data.binance.vision/data/spot/daily/klines/BTCUSDT/1m/BTCUSDT-1m-2026-07-21.zip,OK,98aea3846591aa574ea62167882edc3f4b28da4ce8c8e7d18616ccd905be5046,98aea3846591aa574ea62167882edc3f4b28da4ce8c8e7d18616ccd905be5046
spot_1m,2026-07-22,1440.0,OK,https://data.binance.vision/data/spot/daily/klines/BTCUSDT/1m/BTCUSDT-1m-2026-07-22.zip,OK,9c264ec7d1cd98969230b15cff1118a6661845dd536e1967d62175321ffce639,9c264ec7d1cd98969230b15cff1118a6661845dd536e1967d62175321ffce639
spot_1m,2026-07-23,1440.0,OK,https://data.binance.vision/data/spot/daily/klines/BTCUSDT/1m/BTCUSDT-1m-2026-07-23.zip,OK,a511a3bc62c6a900159ac62738bacb83be76a7a0bbaab17909045b83b3636c01,a511a3bc62c6a900159ac62738bacb83be76a7a0bbaab17909045b83b3636c01
spot_1m,2026-07-24,1440.0,OK,https://data.binance.vision/data/spot/daily/klines/BTCUSDT/1m/BTCUSDT-1m-2026-07-24.zip,OK,f5aaebf65a56ce0d5dfb4df3417b4b08a299fdd666ef58901f6a74a141455195,f5aaebf65a56ce0d5dfb4df3417b4b08a299fdd666ef58901f6a74a141455195
spot_1m,2026-07-25,1440.0,OK,https://data.binance.vision/data/spot/daily/klines/BTCUSDT/1m/BTCUSDT-1m-2026-07-25.zip,OK,6b16d4880e0af0383a5e8666dc04bfa28c82ea5048ce57d43418e2ca29cf3746,6b16d4880e0af0383a5e8666dc04bfa28c82ea5048ce57d43418e2ca29cf3746
spot_1m,2026-07-26,1440.0,OK,https://data.binance.vision/data/spot/daily/klines/BTCUSDT/1m/BTCUSDT-1m-2026-07-26.zip,OK,f5f153aced2f42ae9d737649e4b2985d1f10ff6d1cbc9b982accf243ac13c6d6,f5f153aced2f42ae9d737649e4b2985d1f10ff6d1cbc9b982accf243ac13c6d6
spot_1m,2026-07-27,1440.0,OK,https://data.binance.vision/data/spot/daily/klines/BTCUSDT/1m/BTCUSDT-1m-2026-07-27.zip,OK,4570c7eaf7ab4e626c8175c3b9546a1f83db482e7d02dbc20eca40f2f464b2fa,4570c7eaf7ab4e626c8175c3b9546a1f83db482e7d02dbc20eca40f2f464b2fa
spot_1m,2026-07-28,1440.0,OK,https://data.binance.vision/data/spot/daily/klines/BTCUSDT/1m/BTCUSDT-1m-2026-07-28.zip,OK,77382d1455a8f00ab6bc90f285d31c1b30f467647e1ed67dd906bc36145117d8,77382d1455a8f00ab6bc90f285d31c1b30f467647e1ed67dd906bc36145117d8
spot_1m,2026-07-29,1440.0,OK,https://data.binance.vision/data/spot/daily/klines/BTCUSDT/1m/BTCUSDT-1m-2026-07-29.zip,OK,7460e6e3a491c44dfe37ac0c97494d5f0d6cbe65a557da9c5947b57d4fcbd259,7460e6e3a491c44dfe37ac0c97494d5f0d6cbe65a557da9c5947b57d4fcbd259
spot_1m,2026-07-30,1440.0,OK,https://data.binance.vision/data/spot/daily/klines/BTCUSDT/1m/BTCUSDT-1m-2026-07-30.zip,OK,62b4a01b47d56170463458d5975394b4863593fbbee1b64c6a1cd22a34c9ea5d,62b4a01b47d56170463458d5975394b4863593fbbee1b64c6a1cd22a34c9ea5d
spot_1m,2026-07-31,1440.0,OK,https://data.binance.vision/data/spot/daily/klines/BTCUSDT/1m/BTCUSDT-1m-2026-07-31.zip,OK,f8bb0d352831f4d9e1c264d9771786c80ee7552bd9d249b297e5c0de6739d0ca,f8bb0d352831f4d9e1c264d9771786c80ee7552bd9d249b297e5c0de6739d0ca
spot_1m,2026-08-01,1440.0,OK,https://data.binance.vision/data/spot/daily/klines/BTCUSDT/1m/BTCUSDT-1m-2026-08-01.zip,OK,e004538b722b6caf4dcb4f14bd899be6b2b5ace6a7ae486b2b27e27a1e27bae5,e004538b722b6caf4dcb4f14bd899be6b2b5ace6a7ae486b2b27e27a1e27bae5
spot_1m,2026-08-02,1440.0,OK,https://data.binance.vision/data/spot/daily/klines/BTCUSDT/1m/BTCUSDT-1m-2026-08-02.zip,OK,d9e506b723f67c6a84cfb4d22282f9fccb04503ca4acd7c7f738391a57005a6c,d9e506b723f67c6a84cfb4d22282f9fccb04503ca4acd7c7f738391a57005a6c
spot_1m,2026-08-03,1440.0,OK,https://data.binance.vision/data/spot/daily/klines/BTCUSDT/1m/BTCUSDT-1m-2026-08-03.zip,OK,7f1aafa9f7856f7e4b6a8c74216addd11f9e672ae9db8e4ec36a043a8dd39301,7f1aafa9f7856f7e4b6a8c74216addd11f9e672ae9db8e4ec36a043a8dd39301
spot_1m,2026-08-04,1440.0,OK,https://data.binance.vision/data/spot/daily/klines/BTCUSDT/1m/BTCUSDT-1m-2026-08-04.zip,OK,08b457b4405f4fbc0269e258824d5554d85b9c84aebd14edcc65a465de407f4c,08b457b4405f4fbc0269e258824d5554d85b9c84aebd14edcc65a465de407f4c
spot_1m,2026-08-05,1440.0,OK,https://data.binance.vision/data/spot/daily/klines/BTCUSDT/1m/BTCUSDT-1m-2026-08-05.zip,OK,fb57cf9020092a65671ff0229bb5467fa5f81834453eb0d4358597225bba4fa5,fb57cf9020092a65671ff0229bb5467fa5f81834453eb0d4358597225bba4fa5
spot_1m,2026-08-06,1440.0,OK,https://data.binance.vision/data/spot/daily/klines/BTCUSDT/1m/BTCUSDT-1m-2026-08-06.zip,OK,fd050e31dfdfaa4f2789d4e14770fa81250450d7856e5964e3726b1d6fe3867a,fd050e31dfdfaa4f2789d4e14770fa81250450d7856e5964e3726b1d6fe3867a
spot_1m,2026-08-07,1440.0,OK,https://data.binance.vision/data/spot/daily/klines/BTCUSDT/1m/BTCUSDT-1m-2026-08-07.zip,OK,ce3addebe263d7ac1314c6377ebb95f3453440461f449fdc8cc7b8868040a779,ce3addebe263d7ac1314c6377ebb95f3453440461f449fdc8cc7b8868040a779
spot_1m,2026-08-08,1440.0,OK,https://data.binance.vision/data/spot/daily/klines/BTCUSDT/1m/BTCUSDT-1m-2026-08-08.zip,OK,73db1d6c14f389f69a7dc06262845fbfb87e1be07cf89a5d95bd0b93d54d2fdc,73db1d6c14f389f69a7dc06262845fbfb87e1be07cf89a5d95bd0b93d54d2fdc
spot_1m,2026-08-09,1440.0,OK,https://data.binance.vision/data/spot/daily/klines/BTCUSDT/1m/BTCUSDT-1m-2026-08-09.zip,OK,c7939dc59694b49113bf156b0ccedaf01b6542ab63a84b16414c26ce72bb5e94,c7939dc59694b49113bf156b0ccedaf01b6542ab63a84b16414c26ce72bb5e94
spot_1m,2026-08-10,1440.0,OK,https://data.binance.vision/data/spot/daily/klines/BTCUSDT/1m/BTCUSDT-1m-2026-08-10.zip,OK,1fce9c1a48e014eaaba0c9053b64f1d13f1a904480a82814da22555f7a20545e,1fce9c1a48e014eaaba0c9053b64f1d13f1a904480a82814da22555f7a20545e
spot_1m,2026-08-11,1440.0,OK,https://data.binance.vision/data/spot/daily/klines/BTCUSDT/1m/BTCUSDT-1m-2026-08-11.zip,OK,05e0cb38330f986c1b701698be8357b8293d726d4b7f19bf8f201dfa02fb9a0a,05e0cb38330f986c1b701698be8357b8293d726d4b7f19bf8f201dfa02fb9a0a
spot_1m,2026-08-12,1440.0,OK,https://data.binance.vision/data/spot/daily/klines/BTCUSDT/1m/BTCUSDT-1m-2026-08-12.zip,OK,2a41d03d5a05353e014bbdeee670f95c4eb8cc9cb2c136fcc8c43fc99e5dfff2,2a41d03d5a05353e014bbdeee670f95c4eb8cc9cb2c136fcc8c43fc99e5dfff2
spot_1m,2026-08-13,1440.0,OK,https://data.binance.vision/data/spot/daily/klines/BTCUSDT/1m/BTCUSDT-1m-2026-08-13.zip,OK,a64d37d1031f4c8bd4ba941f7dc789b238e9ef43777c513fc6fbb51cf685ef6f,a64d37d1031f4c8bd4ba941f7dc789b238e9ef43777c513fc6fbb51cf685ef6f
spot_1m,2026-08-14,1440.0,OK,https://data.binance.vision/data/spot/daily/klines/BTCUSDT/1m/BTCUSDT-1m-2026-08-14.zip,OK,29804a65cb6fcf82e082f7ecd302c0ceefb97bdf492c425db8d301ed012a4c57,29804a65cb6fcf82e082f7ecd302c0ceefb97bdf492c425db8d301ed012a4c57
spot_1m,2026-08-15,1440.0,OK,https://data.binance.vision/data/spot/daily/klines/BTCUSDT/1m/BTCUSDT-1m-2026-08-15.zip,OK,cecb517eaf2fb3814ba7b8364c3f6038d04ff96b1e83282c4d99faf94dd4b6f4,cecb517eaf2fb3814ba7b8364c3f6038d04ff96b1e83282c4d99faf94dd4b6f4
spot_1m,2026-08-16,1440.0,OK,https://data.binance.vision/data/spot/daily/klines/BTCUSDT/1m/BTCUSDT-1m-2026-08-16.zip,OK,b535c24eb325c6050ca05aaea00aabc1a5afa484c2e86f8e9a45620b4cf5c236,b535c24eb325c6050ca05aaea00aabc1a5afa484c2e86f8e9a45620b4cf5c236
spot_1m,2026-08-17,1440.0,OK,https://data.binance.vision/data/spot/daily/klines/BTCUSDT/1m/BTCUSDT-1m-2026-08-17.zip,OK,0dca4ff644b04e55d6b02f1aed7d622f9ed0cd7693461d4e61daa94393142e88,0dca4ff644b04e55d6b02f1aed7d622f9ed0cd7693461d4e61daa94393142e88
spot_1m,2026-08-18,1440.0,OK,https://data.binance.vision/data/spot/daily/klines/BTCUSDT/1m/BTCUSDT-1m-2026-08-18.zip,OK,6ec5f99eac9926b140a34c47220dc36a801caeeaed3b2b096ed11f1ec7cfca18,6ec5f99eac9926b140a34c47220dc36a801caeeaed3b2b096ed11f1ec7cfca18
spot_1m,2026-08-19,1440.0,OK,https://data.binance.vision/data/spot/daily/klines/BTCUSDT/1m/BTCUSDT-1m-2026-08-19.zip,OK,5a0078a9d699bc6ff7234b5c9eb624ec1cd62e051bb7150a31abdcaccb47b485,5a0078a9d699bc6ff7234b5c9eb624ec1cd62e051bb7150a31abdcaccb47b485
spot_1m,2026-08-20,1440.0,OK,https://data.binance.vision/data/spot/daily/klines/BTCUSDT/1m/BTCUSDT-1m-2026-08-20.zip,OK,789ceb164155afa3fb9facd06929a21a62978446f4b9541247419259018331c2,789ceb164155afa3fb9facd06929a21a62978446f4b9541247419259018331c2
spot_1m,2026-08-21,1440.0,OK,https://data.binance.vision/data/spot/daily/klines/BTCUSDT/1m/BTCUSDT-1m-2026-08-21.zip,OK,bd15656b6c901c645cab3cbf1080cc12090c07a2624cd4fe72ed6fc4281d84c8,bd15656b6c901c645cab3cbf1080cc12090c07a2624cd4fe72ed6fc4281d84c8
spot_1m,2026-08-22,1440.0,OK,https://data.binance.vision/data/spot/daily/klines/BTCUSDT/1m/BTCUSDT-1m-2026-08-22.zip,OK,6fffd7ee47889257ee7492ecd873d3b31ba49ed19425792a3bb8aab24d18310b,6fffd7ee47889257ee7492ecd873d3b31ba49ed19425792a3bb8aab24d18310b
spot_1m,2026-08-23,1440.0,OK,https://data.binance.vision/data/spot/daily/klines/BTCUSDT/1m/BTCUSDT-1m-2026-08-23.zip,OK,b7f9314a4d10cf72ecca8fed435697f2d3e6bef01117890b8709aa8f90e8209d,b7f9314a4d10cf72ecca8fed435697f2d3e6bef01117890b8709aa8f90e8209d
spot_1m,2026-08-24,1440.0,OK,https://data.binance.vision/data/spot/daily/klines/BTCUSDT/1m/BTCUSDT-1m-2026-08-24.zip,OK,2cb52c29dec35470b10dff0db03e5fe3fd08ba2f1f21cb0dcd2a4e78c03c3e4c,2cb52c29dec35470b10dff0db03e5fe3fd08ba2f1f21cb0dcd2a4e78c03c3e4c
spot_1m,2026-08-25,1440.0,OK,https://data.binance.vision/data/spot/daily/klines/BTCUSDT/1m/BTCUSDT-1m-2026-08-25.zip,OK,8781e23a8454e5f7e5a91db5cc8736534ba60c68eada6df6f3dcd14842cd42b9,8781e23a8454e5f7e5a91db5cc8736534ba60c68eada6df6f3dcd14842cd42b9
spot_1m,2026-08-26,1440.0,OK,https://data.binance.vision/data/spot/daily/klines/BTCUSDT/1m/BTCUSDT-1m-2026-08-26.zip,OK,1b79b5163a68ad9a8a63043a67628b6930f91b420965364ac9117bcba5802c0b,1b79b5163a68ad9a8a63043a67628b6930f91b420965364ac9117bcba5802c0b
spot_1m,2026-08-27,1440.0,OK,https://data.binance.vision/data/spot/daily/klines/BTCUSDT/1m/BTCUSDT-1m-2026-08-27.zip,OK,9639cef33bd0706927a9aa5854827105d7cac920e1e4a38e19a54dfc11f7779a,9639cef33bd0706927a9aa5854827105d7cac920e1e4a38e19a54dfc11f7779a
spot_1m,2026-08-28,1440.0,OK,https://data.binance.vision/data/spot/daily/klines/BTCUSDT/1m/BTCUSDT-1m-2026-08-28.zip,OK,3b921c7b80be0ee391164dcfdc8fff39508202e4502dd59fd18f7755ba0fd9f8,3b921c7b80be0ee391164dcfdc8fff39508202e4502dd59fd18f7755ba0fd9f8
spot_1m,2026-08-29,1440.0,OK,https://data.binance.vision/data/spot/daily/klines/BTCUSDT/1m/BTCUSDT-1m-2026-08-29.zip,OK,e5ba2cba4a6853c22df842391b7c08b1be4880a57ab553d0db6fb1c6e42c06b4,e5ba2cba4a6853c22df842391b7c08b1be4880a57ab553d0db6fb1c6e42c06b4
spot_1m,2026-08-30,1440.0,OK,https://data.binance.vision/data/spot/daily/klines/BTCUSDT/1m/BTCUSDT-1m-2026-08-30.zip,OK,25f96ae1fb398b707fb0d176c8dee72f85d98760fbc80d2cd5b854779ad828d7,25f96ae1fb398b707fb0d176c8dee72f85d98760fbc80d2cd5b854779ad828d7
spot_1m,2026-08-31,1440.0,OK,https://data.binance.vision/data/spot/daily/klines/BTCUSDT/1m/BTCUSDT-1m-2026-08-31.zip,OK,59a2e8c6b747f35d1c96a21f65add5267fdb7cc134b9e0e408dde24052b07a3a,59a2e8c6b747f35d1c96a21f65add5267fdb7cc134b9e0e408dde24052b07a3a
spot_1m,2026-09-01,1440.0,OK,https://data.binance.vision/data/spot/daily/klines/BTCUSDT/1m/BTCUSDT-1m-2026-09-01.zip,OK,a71f1d7887a3df468117bd3d7701a9831f43379b37e19cae74f12bd822919464,a71f1d7887a3df468117bd3d7701a9831f43379b37e19cae74f12bd822919464
spot_1m,2026-09-02,1440.0,OK,https://data.binance.vision/data/spot/daily/klines/BTCUSDT/1m/BTCUSDT-1m-2026-09-02.zip,OK,3b21f40eed73e4ddc50dcba291642aa34ea4f6e3060c24180288694899cf4d4d,3b21f40eed73e4ddc50dcba291642aa34ea4f6e3060c24180288694899cf4d4d
spot_1m,2026-09-03,1440.0,OK,https://data.binance.vision/data/spot/daily/klines/BTCUSDT/1m/BTCUSDT-1m-2026-09-03.zip,OK,4020f5149bf3e33ad65f82636ceb2d8a141de071e8ee885412deb855560ae7af,4020f5149bf3e33ad65f82636ceb2d8a141de071e8ee885412deb855560ae7af
spot_1m,2026-09-04,1440.0,OK,https://data.binance.vision/data/spot/daily/klines/BTCUSDT/1m/BTCUSDT-1m-2026-09-04.zip,OK,81064e4b9e326105763003b522214c8ce884a5203428f7b1e0e2bb6893988839,81064e4b9e326105763003b522214c8ce884a5203428f7b1e0e2bb6893988839
spot_1m,2026-09-05,1440.0,OK,https://data.binance.vision/data/spot/daily/klines/BTCUSDT/1m/BTCUSDT-1m-2026-09-05.zip,OK,9f3603aa9f5a1a0e35891644fe6da763526c1c72f1156840e5e4508eeb271afb,9f3603aa9f5a1a0e35891644fe6da763526c1c72f1156840e5e4508eeb271afb
spot_1m,2026-09-06,1440.0,OK,https://data.binance.vision/data/spot/daily/klines/BTCUSDT/1m/BTCUSDT-1m-2026-09-06.zip,OK,b865b8a7fa8508d551caa10ca129396a490221542b37e5b0d5d37519143e7895,b865b8a7fa8508d551caa10ca129396a490221542b37e5b0d5d37519143e7895
spot_1m,2026-09-07,1440.0,OK,https://data.binance.vision/data/spot/daily/klines/BTCUSDT/1m/BTCUSDT-1m-2026-09-07.zip,OK,ccf135fcadf6a18361e1967a1fc2dab961e62f73e7cd9e01848c1ee758e84a44,ccf135fcadf6a18361e1967a1fc2dab961e62f73e7cd9e01848c1ee758e84a44
spot_1m,2026-09-08,1440.0,OK,https://data.binance.vision/data/spot/daily/klines/BTCUSDT/1m/BTCUSDT-1m-2026-09-08.zip,OK,1c4d9dbbd92530f5c981dbb4aa560db6d4a5784d8ec21c910b1a4f44b40afdc7,1c4d9dbbd92530f5c981dbb4aa560db6d4a5784d8ec21c910b1a4f44b40afdc7
spot_1m,2026-09-09,1440.0,OK,https://data.binance.vision/data/spot/daily/klines/BTCUSDT/1m/BTCUSDT-1m-2026-09-09.zip,OK,79e5f281fec6f04bc29542f2463e934dd647a9534f476d1910811b228079b406,79e5f281fec6f04bc29542f2463e934dd647a9534f476d1910811b228079b406
spot_1m,2026-09-10,1440.0,OK,https://data.binance.vision/data/spot/daily/klines/BTCUSDT/1m/BTCUSDT-1m-2026-09-10.zip,OK,c03d63c5cd204e9627d20a3ce13a63fc708468f37f28f3455cfefed8680051a4,c03d63c5cd204e9627d20a3ce13a63fc708468f37f28f3455cfefed8680051a4
spot_1m,2026-09-11,1440.0,OK,https://data.binance.vision/data/spot/daily/klines/BTCUSDT/1m/BTCUSDT-1m-2026-09-11.zip,OK,7d87648bd83798143c64b6848b4475105a6138687e067cf4dd28cb0ce4788d6d,7d87648bd83798143c64b6848b4475105a6138687e067cf4dd28cb0ce4788d6d
spot_1m,2026-09-12,1440.0,OK,https://data.binance.vision/data/spot/daily/klines/BTCUSDT/1m/BTCUSDT-1m-2026-09-12.zip,OK,a271cb4c1ddb3c68d3fbbf2dd45ee77e4a718be6f1946dde5577b0bbba430eb2,a271cb4c1ddb3c68d3fbbf2dd45ee77e4a718be6f1946dde5577b0bbba430eb2
spot_1m,2026-09-13,1440.0,OK,https://data.binance.vision/data/spot/daily/klines/BTCUSDT/1m/BTCUSDT-1m-2026-09-13.zip,OK,7b396b7d1d8e72fc365b5f8ff5adbd823d5fc6c4f7fa198210d12b29f093e6bc,7b396b7d1d8e72fc365b5f8ff5adbd823d5fc6c4f7fa198210d12b29f093e6bc
spot_1m,2026-09-14,1440.0,OK,https://data.binance.vision/data/spot/daily/klines/BTCUSDT/1m/BTCUSDT-1m-2026-09-14.zip,OK,33dfd3d814b84665527e9ab80636889628bf4ce7a41f7c3d2322394a82f881ef,33dfd3d814b84665527e9ab80636889628bf4ce7a41f7c3d2322394a82f881ef
spot_1m,2026-09-15,1440.0,OK,https://data.binance.vision/data/spot/daily/klines/BTCUSDT/1m/BTCUSDT-1m-2026-09-15.zip,OK,5df805be9b40714e06fe39896e2c7a42f7aeac6d78628fe6990fd0dfa1639680,5df805be9b40714e06fe39896e2c7a42f7aeac6d78628fe6990fd0dfa1639680
spot_1m,2026-09-16,1440.0,OK,https://data.binance.vision/data/spot/daily/klines/BTCUSDT/1m/BTCUSDT-1m-2026-09-16.zip,OK,ae7443820ed7319a4752e2cc87aea3ede088149a25e7e0dbfca76963499bde5a,ae7443820ed7319a4752e2cc87aea3ede088149a25e7e0dbfca76963499bde5a
spot_1m,2026-09-17,1440.0,OK,https://data.binance.vision/data/spot/daily/klines/BTCUSDT/1m/BTCUSDT-1m-2026-09-17.zip,OK,579972ad0528ae508494db389b802cbde40f0bb8166ef8738fe4587cc731cba1,579972ad0528ae508494db389b802cbde40f0bb8166ef8738fe4587cc731cba1
spot_1m,2026-09-18,1440.0,OK,https://data.binance.vision/data/spot/daily/klines/BTCUSDT/1m/BTCUSDT-1m-2026-09-18.zip,OK,93fd596cf851348ab911fcebbb4783a9fc0425f3dd92d727f8f565bac2fdae6a,93fd596cf851348ab911fcebbb4783a9fc0425f3dd92d727f8f565bac2fdae6a
spot_1m,2026-09-19,1440.0,OK,https://data.binance.vision/data/spot/daily/klines/BTCUSDT/1m/BTCUSDT-1m-2026-09-19.zip,OK,6ab9e0204518d041bae2c24a60302bd82cad789f7ad38385307b3f0f418c38f5,6ab9e0204518d041bae2c24a60302bd82cad789f7ad38385307b3f0f418c38f5
spot_1m,2026-09-20,1440.0,OK,https://data.binance.vision/data/spot/daily/klines/BTCUSDT/1m/BTCUSDT-1m-2026-09-20.zip,OK,c7f85985fd7f2c8b438eae51e4752c0c59b942cf12787c152dbde7ebc32b9998,c7f85985fd7f2c8b438eae51e4752c0c59b942cf12787c152dbde7ebc32b9998
spot_1m,2026-09-21,1440.0,OK,https://data.binance.vision/data/spot/daily/klines/BTCUSDT/1m/BTCUSDT-1m-2026-09-21.zip,OK,01f6bae09d795c9c710e3e240f16e101116c825e6aacc26eef354b1eff64ad8d,01f6bae09d795c9c710e3e240f16e101116c825e6aacc26eef354b1eff64ad8d
spot_1m,2026-09-22,1440.0,OK,https://data.binance.vision/data/spot/daily/klines/BTCUSDT/1m/BTCUSDT-1m-2026-09-22.zip,OK,8f105fe45281f8f5f77f8b98f12f72698ce09e5982c4d4ecbf01d08563cab39a,8f105fe45281f8f5f77f8b98f12f72698ce09e5982c4d4ecbf01d08563cab39a
spot_1m,2026-09-23,1440.0,OK,https://data.binance.vision/data/spot/daily/klines/BTCUSDT/1m/BTCUSDT-1m-2026-09-23.zip,OK,ecbbfbe42cb88ae12bd33508bff530b434d656f7ea4119dc9b04dbf1cee94a5b,ecbbfbe42cb88ae12bd33508bff530b434d656f7ea4119dc9b04dbf1cee94a5b
spot_1m,2026-09-24,1440.0,OK,https://data.binance.vision/data/spot/daily/klines/BTCUSDT/1m/BTCUSDT-1m-2026-09-24.zip,OK,9e4b5c6474f716c79f80a62e7d155526dc8887e4d7ab85e27a788ff5741b803b,9e4b5c6474f716c79f80a62e7d155526dc8887e4d7ab85e27a788ff5741b803b
spot_1m,2026-09-25,1440.0,OK,https://data.binance.vision/data/spot/daily/klines/BTCUSDT/1m/BTCUSDT-1m-2026-09-25.zip,OK,356504967cd7d3750e9b661615bebb12155dc546aa154ba4aead95f7377750e9,356504967cd7d3750e9b661615bebb12155dc546aa154ba4aead95f7377750e9
spot_1m,2026-09-26,1440.0,OK,https://data.binance.vision/data/spot/daily/klines/BTCUSDT/1m/BTCUSDT-1m-2026-09-26.zip,OK,27c84608ffe1c7489cb5a022817e479ab373f26785260d4a67a17f520c731ff2,27c84608ffe1c7489cb5a022817e479ab373f26785260d4a67a17f520c731ff2
spot_1m,2026-09-27,1440.0,OK,https://data.binance.vision/data/spot/daily/klines/BTCUSDT/1m/BTCUSDT-1m-2026-09-27.zip,OK,5e207d868e61f1cbee963d3197ee270e1dc186a4df67d2fff05989184e6c6daa,5e207d868e61f1cbee963d3197ee270e1dc186a4df67d2fff05989184e6c6daa
spot_1m,2026-09-28,1440.0,OK,https://data.binance.vision/data/spot/daily/klines/BTCUSDT/1m/BTCUSDT-1m-2026-09-28.zip,OK,0ec95bc14462293cdafeda872bb0bd96d4f687bff8d72f006179458794d6a795,0ec95bc14462293cdafeda872bb0bd96d4f687bff8d72f006179458794d6a795
spot_1m,2026-09-29,1440.0,OK,https://data.binance.vision/data/spot/daily/klines/BTCUSDT/1m/BTCUSDT-1m-2026-09-29.zip,OK,2c75713939729d44ce5aa8d762f52ebfce8a8d018eea68c87a8c4983f03ba87a,2c75713939729d44ce5aa8d762f52ebfce8a8d018eea68c87a8c4983f03ba87a
spot_1m,2026-09-30,1440.0,OK,https://data.binance.vision/data/spot/daily/klines/BTCUSDT/1m/BTCUSDT-1m-2026-09-30.zip,OK,6f77a95c551530e6f6b469472b9f48759e1fa12382c1ac527111c76ee13a01e1,6f77a95c551530e6f6b469472b9f48759e1fa12382c1ac527111c76ee13a01e1
spot_1m,2026-10-01,1440.0,OK,https://data.binance.vision/data/spot/daily/klines/BTCUSDT/1m/BTCUSDT-1m-2026-10-01.zip,OK,bec170c60fd2745c9c6e8e9322603899b1dba61c10db4b8be4f07b58dc4683b8,bec170c60fd2745c9c6e8e9322603899b1dba61c10db4b8be4f07b58dc4683b8
